Order_ID,Order_Date,Customer_ID,Product,Category,Region,Quantity,Unit_Price,Discount,Net_Revenue,Total_Cost,Profit,Profit_Margin,Year_Month,Day_Name
ORD_00001,2024-04-12,CUST_0115,Keyboard,Electronics,East,6,2000,0.15,10200.0,7140.0,3060.0,30.0,2024-04,Friday
ORD_00002,2025-03-11,CUST_0051,Monitor,Electronics,North,2,20000,0.05,38000.0,26600.0,11400.0,30.0,2025-03,Tuesday
ORD_00003,2024-09-27,CUST_0369,Printer,Accessories,South,7,15000,0.1,94500.0,66150.0,28350.0,30.0,2024-09,Friday
ORD_00004,2024-04-16,CUST_0402,Mouse,Accessories,North,5,800,0.15,3400.0,2380.0,1020.0,30.0,2024-04,Tuesday
ORD_00005,2024-03-12,CUST_0171,Keyboard,Accessories,West,6,2000,0.1,10800.0,7559.999999999999,3240.000000000001,30.00000000000001,2024-03,Tuesday
ORD_00006,2025-12-01,CUST_0268,Mouse,Accessories,South,8,800,0.1,5760.0,4031.9999999999995,1728.0000000000005,30.00000000000001,2025-12,Monday
ORD_00007,2024-01-21,CUST_0003,Mouse,Electronics,North,8,800,0.15,5440.0,3807.9999999999995,1632.0000000000005,30.00000000000001,2024-01,Sunday
ORD_00008,2025-09-06,CUST_0210,Monitor,Accessories,North,3,20000,0.15,51000.0,35700.0,15300.0,30.0,2025-09,Saturday
ORD_00009,2024-05-01,CUST_0376,Keyboard,Accessories,East,7,2000,0.2,11200.0,7839.999999999999,3360.000000000001,30.00000000000001,2024-05,Wednesday
ORD_00010,2025-04-11,CUST_0486,Printer,Electronics,West,1,15000,0.0,15000.0,10500.0,4500.0,30.0,2025-04,Friday
ORD_00011,2024-08-02,CUST_0391,Monitor,Accessories,South,1,20000,0.2,16000.0,11200.0,4800.0,30.0,2024-08,Friday
ORD_00012,2024-11-26,CUST_0481,Printer,Electronics,North,7,15000,0.0,105000.0,73500.0,31500.0,30.0,2024-11,Tuesday
ORD_00013,2025-04-03,CUST_0390,Laptop,Electronics,North,9,60000,0.15,459000.0,321300.0,137700.0,30.0,2025-04,Thursday
ORD_00014,2024-03-28,CUST_0338,Mouse,Accessories,West,7,800,0.0,5600.0,3919.9999999999995,1680.0000000000005,30.00000000000001,2024-03,Thursday
ORD_00015,2025-01-07,CUST_0301,Laptop,Accessories,South,5,60000,0.05,285000.0,199500.0,85500.0,30.0,2025-01,Tuesday
ORD_00016,2024-04-09,CUST_0383,Mouse,Office,West,8,800,0.2,5120.0,3584.0,1536.0,30.0,2024-04,Tuesday
ORD_00017,2025-10-25,CUST_0342,Monitor,Office,East,2,20000,0.2,32000.0,22400.0,9600.0,30.0,2025-10,Saturday
ORD_00018,2024-05-10,CUST_0115,Printer,Electronics,East,9,15000,0.2,108000.0,75600.0,32400.0,30.0,2024-05,Friday
ORD_00019,2025-10-23,CUST_0167,Printer,Electronics,West,6,15000,0.1,81000.0,56700.0,24300.0,30.0,2025-10,Thursday
ORD_00020,2024-11-04,CUST_0435,Monitor,Office,North,9,20000,0.1,162000.0,113400.0,48600.0,30.0,2024-11,Monday
ORD_00021,2024-12-09,CUST_0265,Keyboard,Electronics,North,5,2000,0.15,8500.0,5950.0,2550.0,30.0,2024-12,Monday
ORD_00022,2025-05-06,CUST_0227,Laptop,Office,South,3,60000,0.15,153000.0,107100.0,45900.0,30.0,2025-05,Tuesday
ORD_00023,2025-02-17,CUST_0151,Laptop,Accessories,West,8,60000,0.1,432000.0,302400.0,129600.0,30.0,2025-02,Monday
ORD_00024,2025-01-20,CUST_0268,Printer,Accessories,West,1,15000,0.2,12000.0,8400.0,3600.0,30.0,2025-01,Monday
ORD_00025,2024-07-10,CUST_0116,Printer,Accessories,North,7,15000,0.1,94500.0,66150.0,28350.0,30.0,2024-07,Wednesday
ORD_00026,2024-10-03,CUST_0088,Printer,Electronics,East,7,15000,0.0,105000.0,73500.0,31500.0,30.0,2024-10,Thursday
ORD_00027,2024-06-09,CUST_0318,Monitor,Accessories,East,1,20000,0.2,16000.0,11200.0,4800.0,30.0,2024-06,Sunday
ORD_00028,2025-04-04,CUST_0242,Keyboard,Electronics,South,9,2000,0.1,16200.0,11340.0,4860.0,30.0,2025-04,Friday
ORD_00029,2024-11-09,CUST_0360,Laptop,Accessories,South,8,60000,0.15,408000.0,285600.0,122400.0,30.0,2024-11,Saturday
ORD_00030,2024-01-22,CUST_0329,Mouse,Electronics,East,4,800,0.1,2880.0,2015.9999999999998,864.0000000000002,30.00000000000001,2024-01,Monday
ORD_00031,2024-09-09,CUST_0333,Monitor,Electronics,West,5,15000,0.05,71250.0,49875.0,21375.0,30.0,2024-09,Monday
ORD_00032,2025-07-14,CUST_0040,Laptop,Office,South,2,60000,0.1,108000.0,75600.0,32400.0,30.0,2025-07,Monday
ORD_00033,2025-04-19,CUST_0182,Keyboard,Office,North,9,2000,0.2,14400.0,10080.0,4320.0,30.0,2025-04,Saturday
ORD_00034,2024-02-28,CUST_0490,Monitor,Office,West,6,20000,0.1,108000.0,75600.0,32400.0,30.0,2024-02,Wednesday
ORD_00035,2025-05-25,CUST_0209,Laptop,Electronics,North,3,60000,0.15,153000.0,107100.0,45900.0,30.0,2025-05,Sunday
ORD_00036,2025-11-12,CUST_0391,Monitor,Office,South,7,20000,0.0,140000.0,98000.0,42000.0,30.0,2025-11,Wednesday
ORD_00037,2025-04-20,CUST_0273,Laptop,Office,East,9,60000,0.05,513000.0,359100.0,153900.0,30.0,2025-04,Sunday
ORD_00038,2025-11-30,CUST_0119,Laptop,Office,South,3,60000,0.2,144000.0,100800.0,43200.0,30.0,2025-11,Sunday
ORD_00039,2024-07-08,CUST_0382,Keyboard,Electronics,East,2,2000,0.15,3400.0,2380.0,1020.0,30.0,2024-07,Monday
ORD_00040,2025-11-17,CUST_0434,Mouse,Electronics,West,7,800,0.05,5320.0,3723.9999999999995,1596.0000000000005,30.00000000000001,2025-11,Monday
ORD_00041,2025-07-16,UNKNOWN,Keyboard,Office,South,7,2000,0.1,12600.0,8820.0,3780.0,30.0,2025-07,Wednesday
ORD_00042,2025-07-20,CUST_0258,Laptop,Office,South,4,60000,0.05,228000.0,159600.0,68400.0,30.0,2025-07,Sunday
ORD_00043,2024-08-31,CUST_0483,Monitor,Electronics,South,9,20000,0.0,180000.0,125999.99999999999,54000.000000000015,30.00000000000001,2024-08,Saturday
ORD_00044,2025-05-19,CUST_0092,Keyboard,Electronics,West,8,2000,0.05,15200.0,10640.0,4560.0,30.0,2025-05,Monday
ORD_00045,2024-05-10,CUST_0467,Mouse,Office,North,1,800,0.05,760.0,532.0,228.0,30.0,2024-05,Friday
ORD_00046,2025-04-29,CUST_0161,Laptop,Office,North,1,60000,0.1,54000.0,37800.0,16200.0,30.0,2025-04,Tuesday
ORD_00047,2025-10-08,CUST_0149,Keyboard,Office,East,5,2000,0.1,9000.0,6300.0,2700.0,30.0,2025-10,Wednesday
ORD_00048,2024-01-21,CUST_0117,Keyboard,Electronics,South,6,2000,0.2,9600.0,6720.0,2880.0,30.0,2024-01,Sunday
ORD_00049,2024-06-15,CUST_0458,Keyboard,Office,North,3,2000,0.1,5400.0,3779.9999999999995,1620.0000000000005,30.00000000000001,2024-06,Saturday
ORD_00050,2024-09-30,CUST_0053,Keyboard,Electronics,West,9,2000,0.05,17100.0,11970.0,5130.0,30.0,2024-09,Monday
ORD_00051,2025-01-22,CUST_0302,Monitor,Accessories,South,6,20000,0.0,120000.0,84000.0,36000.0,30.0,2025-01,Wednesday
ORD_00052,2025-08-23,CUST_0045,Mouse,Office,East,4,800,0.1,2880.0,2015.9999999999998,864.0000000000002,30.00000000000001,2025-08,Saturday
ORD_00053,2024-11-11,CUST_0265,Mouse,Accessories,North,7,800,0.2,4480.0,3136.0,1344.0,30.0,2024-11,Monday
ORD_00054,2024-01-14,CUST_0486,Laptop,Electronics,West,8,60000,0.2,384000.0,268800.0,115200.0,30.0,2024-01,Sunday
ORD_00055,2024-08-29,CUST_0262,Printer,Accessories,West,9,15000,0.05,128250.0,89775.0,38475.0,30.0,2024-08,Thursday
ORD_00056,2024-12-11,CUST_0307,Monitor,Office,East,6,20000,0.1,108000.0,75600.0,32400.0,30.0,2024-12,Wednesday
ORD_00057,2025-07-18,CUST_0234,Laptop,Accessories,North,6,60000,0.1,324000.0,226800.0,97200.0,30.0,2025-07,Friday
ORD_00058,2024-12-05,CUST_0375,Laptop,Accessories,South,8,60000,0.2,384000.0,268800.0,115200.0,30.0,2024-12,Thursday
ORD_00059,2024-04-01,CUST_0035,Keyboard,Accessories,West,5,2000,0.1,9000.0,6300.0,2700.0,30.0,2024-04,Monday
ORD_00060,2025-01-01,CUST_0338,Printer,Electronics,East,3,15000,0.05,42750.0,29924.999999999996,12825.000000000004,30.00000000000001,2025-01,Wednesday
ORD_00061,2025-03-30,CUST_0437,Printer,Office,West,3,15000,0.0,45000.0,31499.999999999996,13500.000000000004,30.00000000000001,2025-03,Sunday
ORD_00062,2025-03-03,CUST_0403,Monitor,Electronics,West,6,20000,0.05,114000.0,79800.0,34200.0,30.0,2025-03,Monday
ORD_00063,2025-05-23,CUST_0197,Printer,Accessories,North,2,15000,0.1,27000.0,18900.0,8100.0,30.0,2025-05,Friday
ORD_00064,2024-02-04,CUST_0025,Laptop,Accessories,North,6,60000,0.05,342000.0,239399.99999999997,102600.00000000003,30.00000000000001,2024-02,Sunday
ORD_00065,2024-07-24,CUST_0395,Printer,Electronics,South,6,15000,0.15,76500.0,53550.0,22950.0,30.0,2024-07,Wednesday
ORD_00066,2024-03-21,CUST_0202,Printer,Electronics,West,8,15000,0.15,102000.0,71400.0,30600.0,30.0,2024-03,Thursday
ORD_00067,2025-07-15,CUST_0273,Mouse,Accessories,East,7,800,0.1,5040.0,3528.0,1512.0,30.0,2025-07,Tuesday
ORD_00068,2025-01-22,CUST_0036,Laptop,Office,West,8,60000,0.1,432000.0,302400.0,129600.0,30.0,2025-01,Wednesday
ORD_00069,2024-01-02,CUST_0474,Printer,Electronics,East,9,15000,0.0,135000.0,94500.0,40500.0,30.0,2024-01,Tuesday
ORD_00070,2025-01-24,CUST_0223,Printer,Accessories,West,6,15000,0.05,85500.0,59849.99999999999,25650.000000000007,30.00000000000001,2025-01,Friday
ORD_00071,2025-07-19,CUST_0352,Keyboard,Accessories,East,3,2000,0.0,6000.0,4200.0,1800.0,30.0,2025-07,Saturday
ORD_00072,2024-04-15,CUST_0277,Printer,Office,West,3,15000,0.1,40500.0,28350.0,12150.0,30.0,2024-04,Monday
ORD_00073,2025-04-21,CUST_0018,Printer,Accessories,West,1,15000,0.1,13500.0,9450.0,4050.0,30.0,2025-04,Monday
ORD_00074,2025-12-03,CUST_0188,Mouse,Electronics,South,5,800,0.2,3200.0,2240.0,960.0,30.0,2025-12,Wednesday
ORD_00075,2025-02-05,CUST_0402,Laptop,Accessories,North,4,60000,0.0,240000.0,168000.0,72000.0,30.0,2025-02,Wednesday
ORD_00076,2025-12-30,CUST_0257,Monitor,Accessories,North,9,20000,0.1,162000.0,113400.0,48600.0,30.0,2025-12,Tuesday
ORD_00077,2025-07-09,CUST_0142,Laptop,Accessories,East,9,60000,0.15,459000.0,321300.0,137700.0,30.0,2025-07,Wednesday
ORD_00078,2024-06-10,CUST_0136,Keyboard,Accessories,West,5,2000,0.2,8000.0,5600.0,2400.0,30.0,2024-06,Monday
ORD_00079,2024-07-20,CUST_0450,Laptop,Office,West,4,60000,0.05,228000.0,159600.0,68400.0,30.0,2024-07,Saturday
ORD_00080,2024-09-26,CUST_0307,Printer,Electronics,North,7,15000,0.2,84000.0,58799.99999999999,25200.000000000007,30.00000000000001,2024-09,Thursday
ORD_00081,2024-09-27,CUST_0079,Keyboard,Accessories,East,6,2000,0.05,11400.0,7979.999999999999,3420.000000000001,30.00000000000001,2024-09,Friday
ORD_00082,2025-03-31,CUST_0444,Laptop,Electronics,South,4,60000,0.15,204000.0,142800.0,61200.0,30.0,2025-03,Monday
ORD_00083,2025-04-06,CUST_0418,Keyboard,Office,South,2,2000,0.05,3800.0,2660.0,1140.0,30.0,2025-04,Sunday
ORD_00084,2025-12-27,CUST_0292,Monitor,Electronics,South,1,20000,0.0,20000.0,14000.0,6000.0,30.0,2025-12,Saturday
ORD_00085,2024-09-08,CUST_0062,Laptop,Office,West,4,60000,0.05,228000.0,159600.0,68400.0,30.0,2024-09,Sunday
ORD_00086,2025-12-02,CUST_0129,Printer,Electronics,East,4,15000,0.05,57000.0,39900.0,17100.0,30.0,2025-12,Tuesday
ORD_00087,2024-10-22,CUST_0499,Keyboard,Electronics,North,1,2000,0.2,1600.0,1120.0,480.0,30.0,2024-10,Tuesday
ORD_00088,2025-12-25,CUST_0341,Mouse,Accessories,West,6,800,0.15,4080.0,2856.0,1224.0,30.0,2025-12,Thursday
ORD_00089,2025-12-20,CUST_0298,Keyboard,Electronics,West,4,2000,0.05,7600.0,5320.0,2280.0,30.0,2025-12,Saturday
ORD_00090,2024-12-03,CUST_0257,Mouse,Accessories,South,1,800,0.0,800.0,560.0,240.0,30.0,2024-12,Tuesday
ORD_00091,2024-02-22,CUST_0480,Printer,Accessories,East,1,15000,0.2,12000.0,8400.0,3600.0,30.0,2024-02,Thursday
ORD_00092,2024-08-04,CUST_0212,Monitor,Electronics,East,1,20000,0.15,17000.0,11900.0,5100.0,30.0,2024-08,Sunday
ORD_00093,2024-07-06,CUST_0054,Mouse,Accessories,South,8,800,0.15,5440.0,3807.9999999999995,1632.0000000000005,30.00000000000001,2024-07,Saturday
ORD_00094,2025-01-14,CUST_0175,Monitor,Electronics,South,8,20000,0.1,144000.0,100800.0,43200.0,30.0,2025-01,Tuesday
ORD_00095,2025-05-07,CUST_0100,Keyboard,Accessories,South,2,2000,0.0,4000.0,2800.0,1200.0,30.0,2025-05,Wednesday
ORD_00096,2024-02-10,CUST_0039,Printer,Accessories,West,7,15000,0.2,84000.0,58799.99999999999,25200.000000000007,30.00000000000001,2024-02,Saturday
ORD_00097,2024-06-05,CUST_0414,Mouse,Office,West,8,800,0.2,5120.0,3584.0,1536.0,30.0,2024-06,Wednesday
ORD_00098,2024-01-15,CUST_0263,Keyboard,Office,West,8,2000,0.0,16000.0,11200.0,4800.0,30.0,2024-01,Monday
ORD_00099,2024-03-05,CUST_0150,Laptop,Electronics,North,7,60000,0.15,357000.0,249899.99999999997,107100.00000000003,30.00000000000001,2024-03,Tuesday
ORD_00100,2025-06-04,CUST_0121,Keyboard,Accessories,North,5,2000,0.05,9500.0,6650.0,2850.0,30.0,2025-06,Wednesday
ORD_00101,2024-12-09,CUST_0178,Monitor,Office,East,1,20000,0.0,20000.0,14000.0,6000.0,30.0,2024-12,Monday
ORD_00102,2024-05-08,CUST_0301,Printer,Office,South,9,15000,0.2,108000.0,75600.0,32400.0,30.0,2024-05,Wednesday
ORD_00103,2025-10-09,CUST_0330,Printer,Office,South,7,15000,0.0,105000.0,73500.0,31500.0,30.0,2025-10,Thursday
ORD_00104,2025-04-16,CUST_0120,Keyboard,Accessories,West,2,2000,0.15,3400.0,2380.0,1020.0,30.0,2025-04,Wednesday
ORD_00105,2024-03-03,CUST_0072,Laptop,Electronics,North,6,60000,0.1,324000.0,226800.0,97200.0,30.0,2024-03,Sunday
ORD_00106,2024-05-18,CUST_0219,Monitor,Accessories,South,2,20000,0.1,36000.0,25200.0,10800.0,30.0,2024-05,Saturday
ORD_00107,2025-05-13,CUST_0394,Keyboard,Accessories,East,1,2000,0.05,1900.0,1330.0,570.0,30.0,2025-05,Tuesday
ORD_00108,2025-08-15,CUST_0398,Keyboard,Office,South,7,2000,0.05,13300.0,9310.0,3990.0,30.0,2025-08,Friday
ORD_00109,2025-01-26,CUST_0302,Printer,Accessories,West,2,15000,0.15,25500.0,17850.0,7650.0,30.0,2025-01,Sunday
ORD_00110,2025-11-05,CUST_0123,Monitor,Accessories,West,2,20000,0.05,38000.0,26600.0,11400.0,30.0,2025-11,Wednesday
ORD_00111,2025-02-22,CUST_0244,Laptop,Office,North,5,60000,0.1,270000.0,189000.0,81000.0,30.0,2025-02,Saturday
ORD_00112,2024-10-15,CUST_0374,Printer,Office,East,5,15000,0.15,63750.0,44625.0,19125.0,30.0,2024-10,Tuesday
ORD_00113,2025-01-13,CUST_0075,Keyboard,Accessories,East,7,2000,0.15,11900.0,8330.0,3570.0,30.0,2025-01,Monday
ORD_00114,2025-05-04,CUST_0006,Printer,Office,South,1,15000,0.15,12750.0,8925.0,3825.0,30.0,2025-05,Sunday
ORD_00115,2024-08-18,CUST_0021,Printer,Electronics,East,8,15000,0.0,120000.0,84000.0,36000.0,30.0,2024-08,Sunday
ORD_00116,2024-02-10,CUST_0190,Mouse,Electronics,South,3,800,0.05,2280.0,1596.0,684.0,30.0,2024-02,Saturday
ORD_00117,2024-01-28,CUST_0225,Printer,Electronics,South,4,15000,0.2,48000.0,33600.0,14400.0,30.0,2024-01,Sunday
ORD_00118,2024-05-14,CUST_0403,Printer,Electronics,North,9,15000,0.1,121500.0,85050.0,36450.0,30.0,2024-05,Tuesday
ORD_00119,2024-07-19,CUST_0103,Monitor,Electronics,East,4,20000,0.05,76000.0,53200.0,22800.0,30.0,2024-07,Friday
ORD_00120,2024-02-02,CUST_0344,Printer,Office,West,5,15000,0.1,67500.0,47250.0,20250.0,30.0,2024-02,Friday
ORD_00121,2024-02-17,CUST_0466,Laptop,Office,South,7,60000,0.05,399000.0,279300.0,119700.0,30.0,2024-02,Saturday
ORD_00122,2025-05-17,CUST_0099,Keyboard,Electronics,South,4,2000,0.2,6400.0,4480.0,1920.0,30.0,2025-05,Saturday
ORD_00123,2025-02-10,CUST_0500,Monitor,Electronics,South,1,20000,0.1,18000.0,12600.0,5400.0,30.0,2025-02,Monday
ORD_00124,2025-07-27,CUST_0318,Printer,Electronics,East,9,15000,0.2,108000.0,75600.0,32400.0,30.0,2025-07,Sunday
ORD_00125,2025-12-28,CUST_0363,Laptop,Office,East,4,60000,0.1,216000.0,151200.0,64800.0,30.0,2025-12,Sunday
ORD_00126,2024-04-08,CUST_0485,Keyboard,Office,East,9,2000,0.0,18000.0,12600.0,5400.0,30.0,2024-04,Monday
ORD_00127,2025-11-14,CUST_0083,Monitor,Accessories,South,6,20000,0.0,120000.0,84000.0,36000.0,30.0,2025-11,Friday
ORD_00128,2025-12-26,CUST_0181,Laptop,Accessories,West,1,60000,0.1,54000.0,37800.0,16200.0,30.0,2025-12,Friday
ORD_00129,2025-06-30,CUST_0152,Printer,Accessories,West,3,15000,0.1,40500.0,28350.0,12150.0,30.0,2025-06,Monday
ORD_00130,2025-09-04,CUST_0056,Mouse,Accessories,East,2,800,0.2,1280.0,896.0,384.0,30.0,2025-09,Thursday
ORD_00131,2025-04-06,CUST_0190,Mouse,Office,West,9,800,0.15,6120.0,4284.0,1836.0,30.0,2025-04,Sunday
ORD_00132,2025-10-04,CUST_0418,Monitor,Office,South,1,20000,0.1,18000.0,12600.0,5400.0,30.0,2025-10,Saturday
ORD_00133,2024-01-05,CUST_0022,Laptop,Office,East,9,60000,0.05,513000.0,359100.0,153900.0,30.0,2024-01,Friday
ORD_00134,2024-08-05,CUST_0068,Keyboard,Office,East,9,2000,0.05,17100.0,11970.0,5130.0,30.0,2024-08,Monday
ORD_00135,2025-05-17,CUST_0185,Laptop,Electronics,South,8,60000,0.05,456000.0,319200.0,136800.0,30.0,2025-05,Saturday
ORD_00136,2025-02-01,CUST_0010,Mouse,Accessories,East,8,800,0.0,6400.0,4480.0,1920.0,30.0,2025-02,Saturday
ORD_00137,2025-01-27,CUST_0066,Monitor,Office,South,1,20000,0.2,16000.0,11200.0,4800.0,30.0,2025-01,Monday
ORD_00138,2024-07-25,CUST_0264,Printer,Office,East,8,15000,0.0,120000.0,84000.0,36000.0,30.0,2024-07,Thursday
ORD_00139,2024-01-15,CUST_0225,Laptop,Accessories,West,3,60000,0.05,171000.0,119699.99999999999,51300.000000000015,30.00000000000001,2024-01,Monday
ORD_00140,2025-07-07,CUST_0123,Mouse,Office,East,7,800,0.1,5040.0,3528.0,1512.0,30.0,2025-07,Monday
ORD_00141,2025-04-05,CUST_0038,Keyboard,Electronics,East,1,2000,0.05,1900.0,1330.0,570.0,30.0,2025-04,Saturday
ORD_00142,2025-11-21,CUST_0491,Monitor,Office,East,1,20000,0.1,18000.0,12600.0,5400.0,30.0,2025-11,Friday
ORD_00143,2025-07-28,CUST_0123,Printer,Accessories,North,5,15000,0.2,60000.0,42000.0,18000.0,30.0,2025-07,Monday
ORD_00144,2024-08-28,CUST_0318,Laptop,Electronics,West,5,60000,0.15,255000.0,178500.0,76500.0,30.0,2024-08,Wednesday
ORD_00145,2025-07-17,CUST_0156,Keyboard,Electronics,South,8,2000,0.1,14400.0,10080.0,4320.0,30.0,2025-07,Thursday
ORD_00146,2024-04-05,CUST_0394,Printer,Accessories,North,7,15000,0.0,105000.0,73500.0,31500.0,30.0,2024-04,Friday
ORD_00147,2025-04-29,CUST_0301,Mouse,Accessories,West,8,800,0.05,6080.0,4256.0,1824.0,30.0,2025-04,Tuesday
ORD_00148,2025-02-10,CUST_0321,Mouse,Electronics,East,6,800,0.05,4560.0,3192.0,1368.0,30.0,2025-02,Monday
ORD_00149,2024-08-18,CUST_0482,Keyboard,Office,East,6,2000,0.05,11400.0,7979.999999999999,3420.000000000001,30.00000000000001,2024-08,Sunday
ORD_00150,2025-10-16,CUST_0067,Mouse,Accessories,South,2,800,0.1,1440.0,1007.9999999999999,432.0000000000001,30.00000000000001,2025-10,Thursday
ORD_00151,2024-06-19,CUST_0393,Monitor,Electronics,South,6,20000,0.2,96000.0,67200.0,28800.0,30.0,2024-06,Wednesday
ORD_00152,2025-06-24,CUST_0133,Keyboard,Accessories,West,5,2000,0.1,9000.0,6300.0,2700.0,30.0,2025-06,Tuesday
ORD_00153,2024-02-05,CUST_0362,Mouse,Office,West,3,800,0.0,2400.0,1680.0,720.0,30.0,2024-02,Monday
ORD_00154,2025-06-08,CUST_0394,Laptop,Office,South,6,60000,0.05,342000.0,239399.99999999997,102600.00000000003,30.00000000000001,2025-06,Sunday
ORD_00155,2024-06-08,CUST_0140,Mouse,Electronics,West,8,800,0.1,5760.0,4031.9999999999995,1728.0000000000005,30.00000000000001,2024-06,Saturday
ORD_00156,2025-11-29,CUST_0082,Monitor,Office,South,9,20000,0.05,171000.0,119699.99999999999,51300.000000000015,30.00000000000001,2025-11,Saturday
ORD_00157,2024-08-30,CUST_0058,Printer,Office,East,1,15000,0.0,15000.0,10500.0,4500.0,30.0,2024-08,Friday
ORD_00158,2024-03-26,CUST_0149,Printer,Office,South,3,15000,0.15,38250.0,26775.0,11475.0,30.0,2024-03,Tuesday
ORD_00159,2025-07-31,CUST_0405,Mouse,Accessories,North,3,800,0.15,2040.0,1428.0,612.0,30.0,2025-07,Thursday
ORD_00160,2025-11-12,CUST_0449,Printer,Electronics,South,8,15000,0.15,102000.0,71400.0,30600.0,30.0,2025-11,Wednesday
ORD_00161,2025-07-10,CUST_0131,Mouse,Electronics,South,1,800,0.05,760.0,532.0,228.0,30.0,2025-07,Thursday
ORD_00162,2025-07-27,CUST_0069,Monitor,Electronics,North,5,20000,0.1,90000.0,62999.99999999999,27000.000000000007,30.00000000000001,2025-07,Sunday
ORD_00163,2025-10-07,CUST_0345,Printer,Office,North,3,15000,0.05,42750.0,29924.999999999996,12825.000000000004,30.00000000000001,2025-10,Tuesday
ORD_00164,2024-01-28,CUST_0250,Laptop,Accessories,North,2,60000,0.2,96000.0,67200.0,28800.0,30.0,2024-01,Sunday
ORD_00165,2025-09-11,CUST_0320,Mouse,Electronics,North,8,800,0.1,5760.0,4031.9999999999995,1728.0000000000005,30.00000000000001,2025-09,Thursday
ORD_00166,2025-07-09,CUST_0177,Printer,Accessories,South,3,15000,0.0,45000.0,31499.999999999996,13500.000000000004,30.00000000000001,2025-07,Wednesday
ORD_00167,2024-12-05,CUST_0072,Monitor,Electronics,West,7,20000,0.15,119000.0,83300.0,35700.0,30.0,2024-12,Thursday
ORD_00168,2024-11-26,CUST_0017,Monitor,Office,North,1,20000,0.1,18000.0,12600.0,5400.0,30.0,2024-11,Tuesday
ORD_00169,2025-10-01,CUST_0329,Laptop,Electronics,East,6,60000,0.1,324000.0,226800.0,97200.0,30.0,2025-10,Wednesday
ORD_00170,2025-05-20,CUST_0160,Monitor,Electronics,South,3,20000,0.15,51000.0,35700.0,15300.0,30.0,2025-05,Tuesday
ORD_00171,2024-12-13,CUST_0070,Monitor,Office,West,8,20000,0.0,160000.0,112000.0,48000.0,30.0,2024-12,Friday
ORD_00172,2025-04-17,CUST_0113,Printer,Office,East,6,15000,0.05,85500.0,59849.99999999999,25650.000000000007,30.00000000000001,2025-04,Thursday
ORD_00173,2024-08-18,CUST_0232,Mouse,Electronics,South,2,800,0.05,1520.0,1064.0,456.0,30.0,2024-08,Sunday
ORD_00174,2024-07-08,CUST_0021,Keyboard,Accessories,South,6,2000,0.1,10800.0,7559.999999999999,3240.000000000001,30.00000000000001,2024-07,Monday
ORD_00175,2024-08-12,CUST_0135,Monitor,Office,East,7,20000,0.15,119000.0,83300.0,35700.0,30.0,2024-08,Monday
ORD_00176,2025-01-19,CUST_0263,Monitor,Electronics,North,5,20000,0.2,80000.0,56000.0,24000.0,30.0,2025-01,Sunday
ORD_00177,2025-01-11,CUST_0111,Keyboard,Office,North,3,2000,0.0,6000.0,4200.0,1800.0,30.0,2025-01,Saturday
ORD_00178,2024-10-09,CUST_0487,Monitor,Accessories,East,4,20000,0.05,76000.0,53200.0,22800.0,30.0,2024-10,Wednesday
ORD_00179,2025-09-24,CUST_0246,Printer,Electronics,West,4,15000,0.0,60000.0,42000.0,18000.0,30.0,2025-09,Wednesday
ORD_00180,2025-09-19,CUST_0283,Printer,Electronics,North,6,15000,0.0,90000.0,62999.99999999999,27000.000000000007,30.00000000000001,2025-09,Friday
ORD_00181,2024-09-15,CUST_0008,Keyboard,Accessories,South,1,2000,0.0,2000.0,1400.0,600.0,30.0,2024-09,Sunday
ORD_00182,2024-12-24,CUST_0457,Monitor,Accessories,South,4,20000,0.15,68000.0,47600.0,20400.0,30.0,2024-12,Tuesday
ORD_00183,2025-12-10,CUST_0284,Monitor,Electronics,West,4,20000,0.15,68000.0,47600.0,20400.0,30.0,2025-12,Wednesday
ORD_00184,2025-03-31,CUST_0207,Mouse,Accessories,South,1,800,0.15,680.0,475.99999999999994,204.00000000000006,30.00000000000001,2025-03,Monday
ORD_00185,2025-02-14,CUST_0194,Monitor,Accessories,North,9,20000,0.1,162000.0,113400.0,48600.0,30.0,2025-02,Friday
ORD_00186,2025-10-10,CUST_0455,Printer,Electronics,West,4,15000,0.15,51000.0,35700.0,15300.0,30.0,2025-10,Friday
ORD_00187,2024-11-13,CUST_0047,Laptop,Office,North,7,60000,0.1,378000.0,264600.0,113400.0,30.0,2024-11,Wednesday
ORD_00188,2025-11-07,CUST_0466,Laptop,Accessories,West,3,60000,0.05,171000.0,119699.99999999999,51300.000000000015,30.00000000000001,2025-11,Friday
ORD_00189,2024-08-12,CUST_0342,Laptop,Office,East,3,60000,0.05,171000.0,119699.99999999999,51300.000000000015,30.00000000000001,2024-08,Monday
ORD_00190,2024-08-21,CUST_0242,Laptop,Office,South,8,60000,0.05,456000.0,319200.0,136800.0,30.0,2024-08,Wednesday
ORD_00191,2025-11-14,CUST_0010,Monitor,Office,West,8,20000,0.05,152000.0,106400.0,45600.0,30.0,2025-11,Friday
ORD_00192,2025-10-25,CUST_0370,Monitor,Accessories,East,1,20000,0.05,19000.0,13300.0,5700.0,30.0,2025-10,Saturday
ORD_00193,2025-01-08,CUST_0289,Mouse,Electronics,North,2,800,0.15,1360.0,951.9999999999999,408.0000000000001,30.00000000000001,2025-01,Wednesday
ORD_00194,2025-11-02,CUST_0391,Monitor,Electronics,East,8,20000,0.2,128000.0,89600.0,38400.0,30.0,2025-11,Sunday
ORD_00195,2025-08-30,CUST_0131,Laptop,Electronics,North,1,60000,0.15,51000.0,35700.0,15300.0,30.0,2025-08,Saturday
ORD_00196,2025-04-16,CUST_0270,Keyboard,Electronics,West,8,2000,0.2,12800.0,8960.0,3840.0,30.0,2025-04,Wednesday
ORD_00197,2024-08-20,CUST_0428,Keyboard,Electronics,West,8,2000,0.15,13600.0,9520.0,4080.0,30.0,2024-08,Tuesday
ORD_00198,2025-11-22,CUST_0302,Printer,Electronics,South,2,15000,0.05,28500.0,19950.0,8550.0,30.0,2025-11,Saturday
ORD_00199,2024-04-22,CUST_0061,Printer,Office,South,4,15000,0.0,60000.0,42000.0,18000.0,30.0,2024-04,Monday
ORD_00200,2025-05-11,CUST_0164,Monitor,Office,West,6,20000,0.2,96000.0,67200.0,28800.0,30.0,2025-05,Sunday
ORD_00201,2025-03-17,CUST_0013,Keyboard,Office,North,9,2000,0.0,18000.0,12600.0,5400.0,30.0,2025-03,Monday
ORD_00202,2025-07-17,CUST_0272,Laptop,Accessories,North,8,60000,0.05,456000.0,319200.0,136800.0,30.0,2025-07,Thursday
ORD_00203,2024-09-24,CUST_0208,Laptop,Accessories,West,8,60000,0.2,384000.0,268800.0,115200.0,30.0,2024-09,Tuesday
ORD_00204,2025-05-24,CUST_0246,Laptop,Accessories,North,7,60000,0.0,420000.0,294000.0,126000.0,30.0,2025-05,Saturday
ORD_00205,2025-01-20,CUST_0133,Monitor,Electronics,West,9,20000,0.15,153000.0,107100.0,45900.0,30.0,2025-01,Monday
ORD_00206,2025-01-21,CUST_0244,Monitor,Office,South,2,20000,0.05,38000.0,26600.0,11400.0,30.0,2025-01,Tuesday
ORD_00207,2024-04-22,CUST_0473,Mouse,Accessories,North,3,800,0.15,2040.0,1428.0,612.0,30.0,2024-04,Monday
ORD_00208,2025-09-04,CUST_0294,Laptop,Office,South,8,60000,0.15,408000.0,285600.0,122400.0,30.0,2025-09,Thursday
ORD_00209,2025-09-16,CUST_0486,Laptop,Electronics,East,6,60000,0.05,342000.0,239399.99999999997,102600.00000000003,30.00000000000001,2025-09,Tuesday
ORD_00210,2024-03-21,CUST_0434,Monitor,Office,South,9,20000,0.2,144000.0,100800.0,43200.0,30.0,2024-03,Thursday
ORD_00211,2025-11-29,CUST_0038,Monitor,Electronics,East,4,20000,0.1,72000.0,50400.0,21600.0,30.0,2025-11,Saturday
ORD_00212,2024-04-22,CUST_0359,Mouse,Accessories,South,8,800,0.1,5760.0,4031.9999999999995,1728.0000000000005,30.00000000000001,2024-04,Monday
ORD_00213,2024-01-02,CUST_0056,Mouse,Electronics,South,3,800,0.05,2280.0,1596.0,684.0,30.0,2024-01,Tuesday
ORD_00214,2025-10-03,CUST_0319,Printer,Electronics,North,3,15000,0.1,40500.0,28350.0,12150.0,30.0,2025-10,Friday
ORD_00215,2024-08-07,CUST_0376,Keyboard,Office,South,8,2000,0.0,16000.0,11200.0,4800.0,30.0,2024-08,Wednesday
ORD_00216,2025-07-19,CUST_0048,Laptop,Electronics,West,5,60000,0.2,240000.0,168000.0,72000.0,30.0,2025-07,Saturday
ORD_00217,2024-08-12,CUST_0105,Laptop,Accessories,North,3,60000,0.15,153000.0,107100.0,45900.0,30.0,2024-08,Monday
ORD_00218,2025-01-19,CUST_0474,Mouse,Accessories,North,1,800,0.15,680.0,475.99999999999994,204.00000000000006,30.00000000000001,2025-01,Sunday
ORD_00219,2025-02-06,CUST_0059,Mouse,Electronics,North,3,800,0.05,2280.0,1596.0,684.0,30.0,2025-02,Thursday
ORD_00220,2025-09-29,CUST_0077,Printer,Office,South,9,15000,0.15,114750.0,80325.0,34425.0,30.0,2025-09,Monday
ORD_00221,2024-05-09,CUST_0428,Keyboard,Accessories,North,5,2000,0.0,10000.0,7000.0,3000.0,30.0,2024-05,Thursday
ORD_00222,2024-02-22,CUST_0499,Printer,Accessories,East,2,15000,0.0,30000.0,21000.0,9000.0,30.0,2024-02,Thursday
ORD_00223,2025-11-14,CUST_0218,Keyboard,Electronics,East,7,2000,0.05,13300.0,9310.0,3990.0,30.0,2025-11,Friday
ORD_00224,2025-12-30,CUST_0383,Laptop,Electronics,South,2,60000,0.15,102000.0,71400.0,30600.0,30.0,2025-12,Tuesday
ORD_00225,2025-11-02,CUST_0055,Printer,Accessories,North,4,15000,0.1,54000.0,37800.0,16200.0,30.0,2025-11,Sunday
ORD_00226,2025-12-10,CUST_0055,Mouse,Electronics,West,7,800,0.1,5040.0,3528.0,1512.0,30.0,2025-12,Wednesday
ORD_00227,2025-02-19,CUST_0129,Printer,Electronics,West,4,15000,0.2,48000.0,33600.0,14400.0,30.0,2025-02,Wednesday
ORD_00228,2024-09-03,CUST_0392,Printer,Accessories,East,7,15000,0.05,99750.0,69825.0,29925.0,30.0,2024-09,Tuesday
ORD_00229,2025-03-14,CUST_0383,Laptop,Office,South,7,60000,0.2,336000.0,235199.99999999997,100800.00000000003,30.00000000000001,2025-03,Friday
ORD_00230,2024-07-21,CUST_0388,Mouse,Office,South,1,800,0.1,720.0,503.99999999999994,216.00000000000006,30.00000000000001,2024-07,Sunday
ORD_00231,2024-07-02,CUST_0085,Mouse,Accessories,South,6,800,0.1,4320.0,3024.0,1296.0,30.0,2024-07,Tuesday
ORD_00232,2024-05-02,CUST_0214,Monitor,Electronics,South,9,20000,0.1,162000.0,113400.0,48600.0,30.0,2024-05,Thursday
ORD_00233,2025-02-04,CUST_0115,Monitor,Accessories,South,2,20000,0.2,32000.0,22400.0,9600.0,30.0,2025-02,Tuesday
ORD_00234,2024-10-20,CUST_0437,Monitor,Accessories,North,3,20000,0.05,57000.0,39900.0,17100.0,30.0,2024-10,Sunday
ORD_00235,2024-10-06,CUST_0314,Laptop,Electronics,North,5,60000,0.0,300000.0,210000.0,90000.0,30.0,2024-10,Sunday
ORD_00236,2025-09-01,CUST_0293,Printer,Office,North,9,15000,0.0,135000.0,94500.0,40500.0,30.0,2025-09,Monday
ORD_00237,2024-07-16,CUST_0049,Mouse,Office,West,4,800,0.1,2880.0,2015.9999999999998,864.0000000000002,30.00000000000001,2024-07,Tuesday
ORD_00238,2025-05-25,CUST_0067,Mouse,Electronics,North,1,800,0.05,760.0,532.0,228.0,30.0,2025-05,Sunday
ORD_00239,2024-05-23,CUST_0275,Printer,Accessories,South,4,15000,0.05,57000.0,39900.0,17100.0,30.0,2024-05,Thursday
ORD_00240,2025-08-31,CUST_0129,Mouse,Electronics,South,6,800,0.15,4080.0,2856.0,1224.0,30.0,2025-08,Sunday
ORD_00241,2024-07-19,CUST_0029,Printer,Accessories,West,5,15000,0.15,63750.0,44625.0,19125.0,30.0,2024-07,Friday
ORD_00242,2024-05-03,CUST_0343,Laptop,Electronics,West,1,60000,0.2,48000.0,33600.0,14400.0,30.0,2024-05,Friday
ORD_00243,2024-07-05,CUST_0033,Laptop,Electronics,East,4,60000,0.15,204000.0,142800.0,61200.0,30.0,2024-07,Friday
ORD_00244,2024-11-21,CUST_0119,Laptop,Office,West,6,60000,0.2,288000.0,201600.0,86400.0,30.0,2024-11,Thursday
ORD_00245,2025-04-08,CUST_0180,Printer,Office,East,4,15000,0.0,60000.0,42000.0,18000.0,30.0,2025-04,Tuesday
ORD_00246,2024-12-14,CUST_0425,Printer,Electronics,North,9,15000,0.1,121500.0,85050.0,36450.0,30.0,2024-12,Saturday
ORD_00247,2025-10-21,CUST_0151,Keyboard,Electronics,South,5,2000,0.05,9500.0,6650.0,2850.0,30.0,2025-10,Tuesday
ORD_00248,2025-02-06,CUST_0133,Mouse,Office,East,8,800,0.0,6400.0,4480.0,1920.0,30.0,2025-02,Thursday
ORD_00249,2024-12-11,CUST_0327,Mouse,Accessories,East,9,800,0.0,7200.0,5040.0,2160.0,30.0,2024-12,Wednesday
ORD_00250,2025-05-25,CUST_0185,Keyboard,Office,East,5,2000,0.2,8000.0,5600.0,2400.0,30.0,2025-05,Sunday
ORD_00251,2024-05-26,CUST_0134,Keyboard,Accessories,West,6,2000,0.1,10800.0,7559.999999999999,3240.000000000001,30.00000000000001,2024-05,Sunday
ORD_00252,2024-05-27,CUST_0177,Laptop,Office,West,1,60000,0.2,48000.0,33600.0,14400.0,30.0,2024-05,Monday
ORD_00253,2025-12-11,CUST_0022,Keyboard,Office,West,7,2000,0.0,14000.0,9800.0,4200.0,30.0,2025-12,Thursday
ORD_00254,2025-05-03,CUST_0241,Printer,Accessories,East,4,15000,0.05,57000.0,39900.0,17100.0,30.0,2025-05,Saturday
ORD_00255,2025-10-01,CUST_0077,Monitor,Electronics,North,2,20000,0.15,34000.0,23800.0,10200.0,30.0,2025-10,Wednesday
ORD_00256,2025-07-04,CUST_0204,Printer,Office,South,5,15000,0.2,60000.0,42000.0,18000.0,30.0,2025-07,Friday
ORD_00257,2024-12-03,CUST_0004,Keyboard,Office,West,3,2000,0.0,6000.0,4200.0,1800.0,30.0,2024-12,Tuesday
ORD_00258,2025-10-02,CUST_0328,Mouse,Office,North,6,800,0.15,4080.0,2856.0,1224.0,30.0,2025-10,Thursday
ORD_00259,2025-04-17,CUST_0448,Printer,Electronics,West,8,15000,0.15,102000.0,71400.0,30600.0,30.0,2025-04,Thursday
ORD_00260,2024-05-30,CUST_0165,Mouse,Office,West,7,800,0.0,5600.0,3919.9999999999995,1680.0000000000005,30.00000000000001,2024-05,Thursday
ORD_00261,2025-02-18,CUST_0415,Printer,Electronics,East,3,15000,0.1,40500.0,28350.0,12150.0,30.0,2025-02,Tuesday
ORD_00262,2024-10-24,CUST_0421,Mouse,Office,East,8,800,0.0,6400.0,4480.0,1920.0,30.0,2024-10,Thursday
ORD_00263,2025-09-02,CUST_0128,Printer,Accessories,West,2,15000,0.05,28500.0,19950.0,8550.0,30.0,2025-09,Tuesday
ORD_00264,2024-09-19,CUST_0045,Mouse,Office,South,9,800,0.15,6120.0,4284.0,1836.0,30.0,2024-09,Thursday
ORD_00265,2024-05-23,CUST_0218,Monitor,Office,West,4,20000,0.05,76000.0,53200.0,22800.0,30.0,2024-05,Thursday
ORD_00266,2024-12-11,CUST_0235,Laptop,Electronics,South,1,60000,0.2,48000.0,33600.0,14400.0,30.0,2024-12,Wednesday
ORD_00267,2025-09-15,CUST_0136,Printer,Electronics,North,8,15000,0.15,102000.0,71400.0,30600.0,30.0,2025-09,Monday
ORD_00268,2025-07-25,CUST_0168,Monitor,Electronics,West,7,20000,0.1,126000.0,88200.0,37800.0,30.0,2025-07,Friday
ORD_00269,2024-01-02,CUST_0481,Laptop,Accessories,South,5,60000,0.0,300000.0,210000.0,90000.0,30.0,2024-01,Tuesday
ORD_00270,2024-10-30,CUST_0237,Printer,Accessories,North,5,15000,0.2,60000.0,42000.0,18000.0,30.0,2024-10,Wednesday
ORD_00271,2024-09-10,CUST_0093,Monitor,Electronics,North,7,20000,0.05,133000.0,93100.0,39900.0,30.0,2024-09,Tuesday
ORD_00272,2025-10-13,CUST_0005,Monitor,Accessories,East,5,20000,0.2,80000.0,56000.0,24000.0,30.0,2025-10,Monday
ORD_00273,2025-03-28,CUST_0156,Monitor,Electronics,North,8,20000,0.1,144000.0,100800.0,43200.0,30.0,2025-03,Friday
ORD_00274,2024-02-06,CUST_0245,Keyboard,Accessories,East,6,2000,0.0,12000.0,8400.0,3600.0,30.0,2024-02,Tuesday
ORD_00275,2024-06-08,CUST_0360,Mouse,Electronics,North,5,800,0.2,3200.0,2240.0,960.0,30.0,2024-06,Saturday
ORD_00276,2024-01-09,CUST_0081,Laptop,Electronics,North,9,60000,0.05,513000.0,359100.0,153900.0,30.0,2024-01,Tuesday
ORD_00277,2024-08-20,CUST_0247,Mouse,Accessories,South,2,800,0.2,1280.0,896.0,384.0,30.0,2024-08,Tuesday
ORD_00278,2024-04-08,CUST_0343,Mouse,Office,South,1,800,0.0,800.0,560.0,240.0,30.0,2024-04,Monday
ORD_00279,2025-10-20,CUST_0493,Mouse,Electronics,East,8,800,0.2,5120.0,3584.0,1536.0,30.0,2025-10,Monday
ORD_00280,2024-07-26,CUST_0137,Monitor,Electronics,West,3,20000,0.05,57000.0,39900.0,17100.0,30.0,2024-07,Friday
ORD_00281,2024-05-10,CUST_0386,Mouse,Office,South,7,800,0.0,5600.0,3919.9999999999995,1680.0000000000005,30.00000000000001,2024-05,Friday
ORD_00282,2025-02-07,CUST_0063,Keyboard,Electronics,North,8,2000,0.1,14400.0,10080.0,4320.0,30.0,2025-02,Friday
ORD_00283,2024-05-31,CUST_0480,Printer,Electronics,East,6,15000,0.1,81000.0,56700.0,24300.0,30.0,2024-05,Friday
ORD_00284,2024-02-23,CUST_0307,Monitor,Accessories,East,9,20000,0.15,153000.0,107100.0,45900.0,30.0,2024-02,Friday
ORD_00285,2024-04-29,CUST_0116,Laptop,Office,East,7,60000,0.2,336000.0,235199.99999999997,100800.00000000003,30.00000000000001,2024-04,Monday
ORD_00286,2025-11-03,CUST_0113,Printer,Electronics,North,5,15000,0.05,71250.0,49875.0,21375.0,30.0,2025-11,Monday
ORD_00287,2025-09-19,CUST_0031,Printer,Electronics,South,8,15000,0.2,96000.0,67200.0,28800.0,30.0,2025-09,Friday
ORD_00288,2025-08-09,CUST_0007,Printer,Office,West,2,15000,0.0,30000.0,21000.0,9000.0,30.0,2025-08,Saturday
ORD_00289,2025-09-16,CUST_0414,Mouse,Office,East,7,800,0.15,4760.0,3332.0,1428.0,30.0,2025-09,Tuesday
ORD_00290,2025-02-23,CUST_0442,Mouse,Accessories,North,4,800,0.05,3040.0,2128.0,912.0,30.0,2025-02,Sunday
ORD_00291,2025-02-25,CUST_0003,Monitor,Accessories,South,9,20000,0.2,144000.0,100800.0,43200.0,30.0,2025-02,Tuesday
ORD_00292,2024-04-13,CUST_0307,Mouse,Accessories,South,1,800,0.05,760.0,532.0,228.0,30.0,2024-04,Saturday
ORD_00293,2024-09-10,CUST_0243,Mouse,Electronics,West,7,800,0.0,5600.0,3919.9999999999995,1680.0000000000005,30.00000000000001,2024-09,Tuesday
ORD_00294,2024-08-14,CUST_0056,Mouse,Office,East,6,800,0.15,4080.0,2856.0,1224.0,30.0,2024-08,Wednesday
ORD_00295,2024-04-21,CUST_0073,Monitor,Accessories,North,8,20000,0.05,152000.0,106400.0,45600.0,30.0,2024-04,Sunday
ORD_00296,2025-05-24,CUST_0010,Monitor,Office,South,5,20000,0.0,100000.0,70000.0,30000.0,30.0,2025-05,Saturday
ORD_00297,2025-04-17,CUST_0061,Keyboard,Electronics,North,1,2000,0.1,1800.0,1260.0,540.0,30.0,2025-04,Thursday
ORD_00298,2024-04-08,CUST_0494,Keyboard,Electronics,South,1,2000,0.05,1900.0,1330.0,570.0,30.0,2024-04,Monday
ORD_00299,2024-06-01,CUST_0050,Keyboard,Office,East,9,2000,0.15,15300.0,10710.0,4590.0,30.0,2024-06,Saturday
ORD_00300,2024-12-03,CUST_0122,Keyboard,Office,East,6,2000,0.05,11400.0,7979.999999999999,3420.000000000001,30.00000000000001,2024-12,Tuesday
ORD_00301,2025-12-06,CUST_0175,Printer,Accessories,West,5,15000,0.05,71250.0,49875.0,21375.0,30.0,2025-12,Saturday
ORD_00302,2024-06-11,CUST_0474,Printer,Office,South,1,15000,0.0,15000.0,10500.0,4500.0,30.0,2024-06,Tuesday
ORD_00303,2025-12-20,CUST_0001,Keyboard,Accessories,North,6,2000,0.2,9600.0,6720.0,2880.0,30.0,2025-12,Saturday
ORD_00304,2025-11-11,CUST_0478,Keyboard,Office,South,6,2000,0.2,9600.0,6720.0,2880.0,30.0,2025-11,Tuesday
ORD_00305,2024-06-09,CUST_0441,Laptop,Office,North,3,60000,0.05,171000.0,119699.99999999999,51300.000000000015,30.00000000000001,2024-06,Sunday
ORD_00306,2025-08-02,CUST_0038,Printer,Office,West,8,15000,0.15,102000.0,71400.0,30600.0,30.0,2025-08,Saturday
ORD_00307,2025-02-01,CUST_0190,Laptop,Electronics,South,1,60000,0.15,51000.0,35700.0,15300.0,30.0,2025-02,Saturday
ORD_00308,2024-10-03,CUST_0079,Laptop,Electronics,East,1,60000,0.0,60000.0,42000.0,18000.0,30.0,2024-10,Thursday
ORD_00309,2025-05-18,CUST_0345,Mouse,Electronics,North,6,800,0.05,4560.0,3192.0,1368.0,30.0,2025-05,Sunday
ORD_00310,2025-01-26,CUST_0454,Monitor,Accessories,East,1,20000,0.05,19000.0,13300.0,5700.0,30.0,2025-01,Sunday
ORD_00311,2024-05-14,CUST_0338,Printer,Accessories,West,6,15000,0.2,72000.0,50400.0,21600.0,30.0,2024-05,Tuesday
ORD_00312,2024-07-13,CUST_0449,Keyboard,Electronics,West,1,2000,0.0,2000.0,1400.0,600.0,30.0,2024-07,Saturday
ORD_00313,2025-02-04,CUST_0190,Keyboard,Electronics,North,6,2000,0.1,10800.0,7559.999999999999,3240.000000000001,30.00000000000001,2025-02,Tuesday
ORD_00314,2025-10-01,CUST_0184,Monitor,Office,South,3,20000,0.15,51000.0,35700.0,15300.0,30.0,2025-10,Wednesday
ORD_00315,2024-02-02,CUST_0067,Printer,Office,East,8,15000,0.15,102000.0,71400.0,30600.0,30.0,2024-02,Friday
ORD_00316,2025-11-18,CUST_0017,Keyboard,Accessories,East,6,2000,0.05,11400.0,7979.999999999999,3420.000000000001,30.00000000000001,2025-11,Tuesday
ORD_00317,2025-04-04,CUST_0383,Keyboard,Accessories,North,1,2000,0.0,2000.0,1400.0,600.0,30.0,2025-04,Friday
ORD_00318,2025-04-14,CUST_0368,Mouse,Office,North,5,800,0.1,3600.0,2520.0,1080.0,30.0,2025-04,Monday
ORD_00319,2025-01-09,CUST_0392,Laptop,Accessories,North,8,60000,0.15,408000.0,285600.0,122400.0,30.0,2025-01,Thursday
ORD_00320,2024-01-22,CUST_0316,Keyboard,Electronics,West,3,2000,0.0,6000.0,4200.0,1800.0,30.0,2024-01,Monday
ORD_00321,2025-10-31,CUST_0497,Printer,Office,West,6,15000,0.1,81000.0,56700.0,24300.0,30.0,2025-10,Friday
ORD_00322,2024-02-07,CUST_0296,Monitor,Office,East,5,20000,0.05,95000.0,66500.0,28500.0,30.0,2024-02,Wednesday
ORD_00323,2024-08-17,CUST_0209,Mouse,Accessories,South,6,800,0.2,3840.0,2688.0,1152.0,30.0,2024-08,Saturday
ORD_00324,2024-12-30,CUST_0345,Printer,Office,North,1,15000,0.15,12750.0,8925.0,3825.0,30.0,2024-12,Monday
ORD_00325,2025-07-16,CUST_0446,Mouse,Office,West,7,800,0.15,4760.0,3332.0,1428.0,30.0,2025-07,Wednesday
ORD_00326,2025-03-13,CUST_0041,Laptop,Electronics,South,9,60000,0.1,486000.0,340200.0,145800.0,30.0,2025-03,Thursday
ORD_00327,2024-10-09,CUST_0396,Keyboard,Office,North,2,2000,0.2,3200.0,2240.0,960.0,30.0,2024-10,Wednesday
ORD_00328,2024-01-27,CUST_0477,Printer,Office,South,5,15000,0.0,75000.0,52500.0,22500.0,30.0,2024-01,Saturday
ORD_00329,2024-08-13,CUST_0473,Monitor,Office,North,4,20000,0.05,76000.0,53200.0,22800.0,30.0,2024-08,Tuesday
ORD_00330,2024-10-03,CUST_0115,Laptop,Office,South,6,60000,0.0,360000.0,251999.99999999997,108000.00000000003,30.00000000000001,2024-10,Thursday
ORD_00331,2025-08-31,CUST_0100,Laptop,Electronics,East,6,60000,0.1,324000.0,226800.0,97200.0,30.0,2025-08,Sunday
ORD_00332,2024-10-10,CUST_0373,Mouse,Office,North,2,800,0.15,1360.0,951.9999999999999,408.0000000000001,30.00000000000001,2024-10,Thursday
ORD_00333,2025-04-25,CUST_0438,Laptop,Electronics,North,2,60000,0.15,102000.0,71400.0,30600.0,30.0,2025-04,Friday
ORD_00334,2025-03-28,CUST_0345,Printer,Electronics,East,4,15000,0.0,60000.0,42000.0,18000.0,30.0,2025-03,Friday
ORD_00335,2025-10-20,CUST_0349,Mouse,Electronics,North,1,800,0.05,760.0,532.0,228.0,30.0,2025-10,Monday
ORD_00336,2025-05-30,CUST_0139,Laptop,Accessories,North,9,60000,0.1,486000.0,340200.0,145800.0,30.0,2025-05,Friday
ORD_00337,2025-06-30,CUST_0316,Monitor,Accessories,West,7,20000,0.05,133000.0,93100.0,39900.0,30.0,2025-06,Monday
ORD_00338,2024-07-10,CUST_0324,Printer,Office,East,7,15000,0.1,94500.0,66150.0,28350.0,30.0,2024-07,Wednesday
ORD_00339,2024-02-18,CUST_0334,Monitor,Electronics,West,3,20000,0.05,57000.0,39900.0,17100.0,30.0,2024-02,Sunday
ORD_00340,2025-05-26,CUST_0302,Monitor,Accessories,East,3,20000,0.0,60000.0,42000.0,18000.0,30.0,2025-05,Monday
ORD_00341,2024-01-17,CUST_0294,Mouse,Office,South,1,800,0.2,640.0,448.0,192.0,30.0,2024-01,Wednesday
ORD_00342,2024-06-20,CUST_0445,Keyboard,Accessories,East,3,2000,0.1,5400.0,3779.9999999999995,1620.0000000000005,30.00000000000001,2024-06,Thursday
ORD_00343,2024-08-07,CUST_0017,Mouse,Electronics,East,3,800,0.0,2400.0,1680.0,720.0,30.0,2024-08,Wednesday
ORD_00344,2024-06-06,CUST_0322,Printer,Office,West,4,15000,0.15,51000.0,35700.0,15300.0,30.0,2024-06,Thursday
ORD_00345,2025-04-21,CUST_0456,Printer,Electronics,North,4,15000,0.15,51000.0,35700.0,15300.0,30.0,2025-04,Monday
ORD_00346,2024-02-15,CUST_0292,Mouse,Electronics,East,3,800,0.05,2280.0,1596.0,684.0,30.0,2024-02,Thursday
ORD_00347,2025-01-07,CUST_0074,Keyboard,Accessories,North,8,2000,0.15,13600.0,9520.0,4080.0,30.0,2025-01,Tuesday
ORD_00348,2025-06-01,CUST_0263,Mouse,Office,East,8,800,0.2,5120.0,3584.0,1536.0,30.0,2025-06,Sunday
ORD_00349,2024-04-08,CUST_0484,Printer,Office,West,1,15000,0.1,13500.0,9450.0,4050.0,30.0,2024-04,Monday
ORD_00350,2024-02-06,CUST_0016,Keyboard,Office,East,7,2000,0.05,13300.0,9310.0,3990.0,30.0,2024-02,Tuesday
ORD_00351,2024-10-06,CUST_0014,Printer,Accessories,South,2,15000,0.1,27000.0,18900.0,8100.0,30.0,2024-10,Sunday
ORD_00352,2024-12-14,CUST_0336,Keyboard,Office,East,1,2000,0.1,1800.0,1260.0,540.0,30.0,2024-12,Saturday
ORD_00353,2025-05-11,CUST_0281,Keyboard,Accessories,East,3,2000,0.0,6000.0,4200.0,1800.0,30.0,2025-05,Sunday
ORD_00354,2024-10-28,CUST_0361,Mouse,Office,North,4,800,0.15,2720.0,1903.9999999999998,816.0000000000002,30.00000000000001,2024-10,Monday
ORD_00355,2024-06-29,CUST_0004,Mouse,Accessories,North,6,800,0.1,4320.0,3024.0,1296.0,30.0,2024-06,Saturday
ORD_00356,2025-08-29,CUST_0413,Mouse,Office,South,5,800,0.2,3200.0,2240.0,960.0,30.0,2025-08,Friday
ORD_00357,2024-04-08,CUST_0127,Keyboard,Accessories,East,4,2000,0.2,6400.0,4480.0,1920.0,30.0,2024-04,Monday
ORD_00358,2025-11-30,CUST_0312,Keyboard,Electronics,North,8,2000,0.15,13600.0,9520.0,4080.0,30.0,2025-11,Sunday
ORD_00359,2024-04-25,CUST_0006,Printer,Electronics,East,4,15000,0.15,51000.0,35700.0,15300.0,30.0,2024-04,Thursday
ORD_00360,2024-07-09,CUST_0129,Monitor,Electronics,West,2,20000,0.05,38000.0,26600.0,11400.0,30.0,2024-07,Tuesday
ORD_00361,2024-09-09,CUST_0423,Mouse,Office,West,3,800,0.05,2280.0,1596.0,684.0,30.0,2024-09,Monday
ORD_00362,2024-06-09,CUST_0385,Printer,Accessories,South,6,15000,0.05,85500.0,59849.99999999999,25650.000000000007,30.00000000000001,2024-06,Sunday
ORD_00363,2024-09-12,CUST_0371,Printer,Electronics,West,8,15000,0.15,102000.0,71400.0,30600.0,30.0,2024-09,Thursday
ORD_00364,2024-11-18,CUST_0232,Laptop,Office,North,8,60000,0.1,432000.0,302400.0,129600.0,30.0,2024-11,Monday
ORD_00365,2024-05-07,CUST_0447,Mouse,Accessories,North,9,800,0.0,7200.0,5040.0,2160.0,30.0,2024-05,Tuesday
ORD_00366,2024-01-18,CUST_0313,Printer,Electronics,South,7,15000,0.05,99750.0,69825.0,29925.0,30.0,2024-01,Thursday
ORD_00367,2025-07-19,CUST_0195,Laptop,Electronics,East,2,60000,0.0,120000.0,84000.0,36000.0,30.0,2025-07,Saturday
ORD_00368,2025-07-23,CUST_0065,Mouse,Office,North,8,800,0.2,5120.0,3584.0,1536.0,30.0,2025-07,Wednesday
ORD_00369,2024-11-18,CUST_0321,Keyboard,Accessories,West,7,2000,0.15,11900.0,8330.0,3570.0,30.0,2024-11,Monday
ORD_00370,2025-11-16,CUST_0103,Laptop,Office,North,8,60000,0.2,384000.0,268800.0,115200.0,30.0,2025-11,Sunday
ORD_00371,2025-09-17,CUST_0277,Keyboard,Electronics,South,3,2000,0.05,5700.0,3989.9999999999995,1710.0000000000005,30.00000000000001,2025-09,Wednesday
ORD_00372,2024-10-14,CUST_0493,Monitor,Office,West,7,20000,0.1,126000.0,88200.0,37800.0,30.0,2024-10,Monday
ORD_00373,2025-10-24,CUST_0158,Monitor,Office,West,9,20000,0.05,171000.0,119699.99999999999,51300.000000000015,30.00000000000001,2025-10,Friday
ORD_00374,2025-09-30,CUST_0224,Monitor,Electronics,West,3,20000,0.0,60000.0,42000.0,18000.0,30.0,2025-09,Tuesday
ORD_00375,2024-06-03,CUST_0289,Monitor,Electronics,South,6,20000,0.05,114000.0,79800.0,34200.0,30.0,2024-06,Monday
ORD_00376,2025-05-04,CUST_0432,Printer,Accessories,South,2,15000,0.1,27000.0,18900.0,8100.0,30.0,2025-05,Sunday
ORD_00377,2025-01-20,CUST_0278,Monitor,Accessories,East,2,20000,0.1,36000.0,25200.0,10800.0,30.0,2025-01,Monday
ORD_00378,2024-04-13,CUST_0478,Printer,Electronics,East,5,15000,0.15,63750.0,44625.0,19125.0,30.0,2024-04,Saturday
ORD_00379,2025-01-27,CUST_0182,Printer,Electronics,East,5,15000,0.15,63750.0,44625.0,19125.0,30.0,2025-01,Monday
ORD_00380,2024-09-02,CUST_0366,Mouse,Accessories,South,7,800,0.1,5040.0,3528.0,1512.0,30.0,2024-09,Monday
ORD_00381,2024-06-24,CUST_0004,Printer,Office,West,2,15000,0.1,27000.0,18900.0,8100.0,30.0,2024-06,Monday
ORD_00382,2024-02-08,CUST_0215,Printer,Electronics,West,7,15000,0.0,105000.0,73500.0,31500.0,30.0,2024-02,Thursday
ORD_00383,2025-04-21,CUST_0439,Monitor,Electronics,North,5,20000,0.05,95000.0,66500.0,28500.0,30.0,2025-04,Monday
ORD_00384,2025-11-12,CUST_0428,Printer,Office,East,6,15000,0.15,76500.0,53550.0,22950.0,30.0,2025-11,Wednesday
ORD_00385,2025-06-21,CUST_0217,Keyboard,Accessories,West,8,2000,0.0,16000.0,11200.0,4800.0,30.0,2025-06,Saturday
ORD_00386,2025-02-11,CUST_0396,Monitor,Accessories,West,4,20000,0.05,76000.0,53200.0,22800.0,30.0,2025-02,Tuesday
ORD_00387,2025-06-08,CUST_0209,Laptop,Office,West,7,60000,0.15,357000.0,249899.99999999997,107100.00000000003,30.00000000000001,2025-06,Sunday
ORD_00388,2025-05-20,CUST_0463,Monitor,Electronics,West,6,20000,0.0,120000.0,84000.0,36000.0,30.0,2025-05,Tuesday
ORD_00389,2024-02-05,CUST_0074,Printer,Office,South,2,15000,0.2,24000.0,16800.0,7200.0,30.0,2024-02,Monday
ORD_00390,2025-11-15,CUST_0227,Keyboard,Electronics,East,8,2000,0.2,12800.0,8960.0,3840.0,30.0,2025-11,Saturday
ORD_00391,2024-01-20,CUST_0375,Monitor,Accessories,West,9,20000,0.15,153000.0,107100.0,45900.0,30.0,2024-01,Saturday
ORD_00392,2024-11-16,CUST_0500,Keyboard,Electronics,West,5,2000,0.0,10000.0,7000.0,3000.0,30.0,2024-11,Saturday
ORD_00393,2025-05-26,CUST_0436,Laptop,Electronics,West,4,60000,0.05,228000.0,159600.0,68400.0,30.0,2025-05,Monday
ORD_00394,2025-02-03,CUST_0093,Laptop,Electronics,West,6,60000,0.05,342000.0,239399.99999999997,102600.00000000003,30.00000000000001,2025-02,Monday
ORD_00395,2025-10-15,CUST_0460,Mouse,Electronics,North,8,800,0.0,6400.0,4480.0,1920.0,30.0,2025-10,Wednesday
ORD_00396,2025-04-15,CUST_0065,Mouse,Electronics,West,3,800,0.2,1920.0,1344.0,576.0,30.0,2025-04,Tuesday
ORD_00397,2024-05-22,CUST_0321,Monitor,Accessories,West,1,20000,0.0,20000.0,14000.0,6000.0,30.0,2024-05,Wednesday
ORD_00398,2024-04-01,CUST_0010,Mouse,Office,West,4,800,0.2,2560.0,1792.0,768.0,30.0,2024-04,Monday
ORD_00399,2024-12-19,CUST_0402,Keyboard,Accessories,North,4,2000,0.2,6400.0,4480.0,1920.0,30.0,2024-12,Thursday
ORD_00400,2025-12-27,CUST_0303,Mouse,Electronics,South,1,800,0.05,760.0,532.0,228.0,30.0,2025-12,Saturday
ORD_00401,2024-02-20,CUST_0322,Keyboard,Office,North,9,2000,0.15,15300.0,10710.0,4590.0,30.0,2024-02,Tuesday
ORD_00402,2025-10-26,CUST_0305,Mouse,Electronics,West,3,800,0.1,2160.0,1512.0,648.0,30.0,2025-10,Sunday
ORD_00403,2025-11-28,CUST_0456,Mouse,Accessories,South,5,800,0.0,4000.0,2800.0,1200.0,30.0,2025-11,Friday
ORD_00404,2025-07-28,CUST_0278,Mouse,Accessories,West,6,800,0.2,3840.0,2688.0,1152.0,30.0,2025-07,Monday
ORD_00405,2024-07-08,CUST_0086,Printer,Electronics,South,8,15000,0.0,120000.0,84000.0,36000.0,30.0,2024-07,Monday
ORD_00406,2024-05-04,CUST_0026,Printer,Electronics,West,6,15000,0.15,76500.0,53550.0,22950.0,30.0,2024-05,Saturday
ORD_00407,2024-05-29,CUST_0218,Mouse,Office,West,3,800,0.15,2040.0,1428.0,612.0,30.0,2024-05,Wednesday
ORD_00408,2024-11-09,CUST_0393,Keyboard,Office,South,6,2000,0.1,10800.0,7559.999999999999,3240.000000000001,30.00000000000001,2024-11,Saturday
ORD_00409,2025-07-23,CUST_0405,Monitor,Electronics,South,1,20000,0.1,18000.0,12600.0,5400.0,30.0,2025-07,Wednesday
ORD_00410,2024-12-07,CUST_0095,Laptop,Office,West,4,60000,0.2,192000.0,134400.0,57600.0,30.0,2024-12,Saturday
ORD_00411,2024-10-31,CUST_0244,Printer,Electronics,North,6,15000,0.1,81000.0,56700.0,24300.0,30.0,2024-10,Thursday
ORD_00412,2025-11-22,CUST_0447,Mouse,Electronics,North,7,800,0.2,4480.0,3136.0,1344.0,30.0,2025-11,Saturday
ORD_00413,2025-11-12,CUST_0107,Laptop,Electronics,North,3,60000,0.05,171000.0,119699.99999999999,51300.000000000015,30.00000000000001,2025-11,Wednesday
ORD_00414,2024-02-23,CUST_0390,Printer,Accessories,North,9,15000,0.2,108000.0,75600.0,32400.0,30.0,2024-02,Friday
ORD_00415,2025-03-19,CUST_0248,Monitor,Electronics,South,7,20000,0.1,126000.0,88200.0,37800.0,30.0,2025-03,Wednesday
ORD_00416,2025-09-04,CUST_0014,Keyboard,Electronics,South,1,2000,0.0,2000.0,1400.0,600.0,30.0,2025-09,Thursday
ORD_00417,2024-09-20,CUST_0161,Mouse,Electronics,North,2,800,0.1,1440.0,1007.9999999999999,432.0000000000001,30.00000000000001,2024-09,Friday
ORD_00418,2024-02-22,CUST_0071,Monitor,Office,East,1,20000,0.15,17000.0,11900.0,5100.0,30.0,2024-02,Thursday
ORD_00419,2025-07-25,CUST_0152,Printer,Electronics,East,9,15000,0.1,121500.0,85050.0,36450.0,30.0,2025-07,Friday
ORD_00420,2025-09-11,CUST_0457,Mouse,Accessories,East,9,800,0.05,6840.0,4788.0,2052.0,30.0,2025-09,Thursday
ORD_00421,2024-01-05,CUST_0075,Laptop,Accessories,West,7,60000,0.2,336000.0,235199.99999999997,100800.00000000003,30.00000000000001,2024-01,Friday
ORD_00422,2024-04-12,CUST_0376,Keyboard,Electronics,North,3,2000,0.15,5100.0,3570.0,1530.0,30.0,2024-04,Friday
ORD_00423,2024-07-14,CUST_0215,Printer,Electronics,West,5,15000,0.2,60000.0,42000.0,18000.0,30.0,2024-07,Sunday
ORD_00424,2024-12-15,CUST_0368,Keyboard,Electronics,South,4,2000,0.2,6400.0,4480.0,1920.0,30.0,2024-12,Sunday
ORD_00425,2024-02-16,CUST_0051,Mouse,Accessories,South,7,800,0.1,5040.0,3528.0,1512.0,30.0,2024-02,Friday
ORD_00426,2025-10-17,CUST_0386,Monitor,Office,East,9,20000,0.0,180000.0,125999.99999999999,54000.000000000015,30.00000000000001,2025-10,Friday
ORD_00427,2024-09-25,CUST_0143,Keyboard,Office,East,2,2000,0.15,3400.0,2380.0,1020.0,30.0,2024-09,Wednesday
ORD_00428,2025-01-04,CUST_0419,Laptop,Electronics,South,8,60000,0.05,456000.0,319200.0,136800.0,30.0,2025-01,Saturday
ORD_00429,2025-09-27,CUST_0036,Printer,Office,East,9,15000,0.05,128250.0,89775.0,38475.0,30.0,2025-09,Saturday
ORD_00430,2024-04-15,CUST_0500,Laptop,Accessories,East,9,60000,0.0,540000.0,378000.0,162000.0,30.0,2024-04,Monday
ORD_00431,2025-10-31,CUST_0374,Keyboard,Electronics,South,7,2000,0.0,14000.0,9800.0,4200.0,30.0,2025-10,Friday
ORD_00432,2025-10-20,CUST_0476,Monitor,Office,West,9,20000,0.1,162000.0,113400.0,48600.0,30.0,2025-10,Monday
ORD_00433,2025-10-18,CUST_0167,Monitor,Electronics,East,9,20000,0.05,171000.0,119699.99999999999,51300.000000000015,30.00000000000001,2025-10,Saturday
ORD_00434,2024-04-29,CUST_0236,Laptop,Electronics,West,3,60000,0.15,153000.0,107100.0,45900.0,30.0,2024-04,Monday
ORD_00435,2025-08-26,CUST_0260,Mouse,Accessories,East,4,800,0.0,3200.0,2240.0,960.0,30.0,2025-08,Tuesday
ORD_00436,2024-02-27,CUST_0192,Mouse,Accessories,North,2,800,0.0,1600.0,1120.0,480.0,30.0,2024-02,Tuesday
ORD_00437,2024-12-11,CUST_0202,Monitor,Office,West,3,20000,0.0,60000.0,42000.0,18000.0,30.0,2024-12,Wednesday
ORD_00438,2025-04-18,CUST_0262,Laptop,Accessories,West,5,60000,0.15,255000.0,178500.0,76500.0,30.0,2025-04,Friday
ORD_00439,2024-04-26,CUST_0185,Laptop,Electronics,East,5,60000,0.05,285000.0,199500.0,85500.0,30.0,2024-04,Friday
ORD_00440,2024-05-06,CUST_0158,Laptop,Accessories,West,6,60000,0.15,306000.0,214200.0,91800.0,30.0,2024-05,Monday
ORD_00441,2025-01-27,CUST_0246,Keyboard,Office,North,7,2000,0.15,11900.0,8330.0,3570.0,30.0,2025-01,Monday
ORD_00442,2025-10-02,CUST_0110,Mouse,Office,South,7,800,0.1,5040.0,3528.0,1512.0,30.0,2025-10,Thursday
ORD_00443,2024-02-27,CUST_0099,Mouse,Office,North,1,800,0.0,800.0,560.0,240.0,30.0,2024-02,Tuesday
ORD_00444,2025-09-25,CUST_0241,Keyboard,Accessories,South,2,2000,0.05,3800.0,2660.0,1140.0,30.0,2025-09,Thursday
ORD_00445,2025-05-27,CUST_0491,Printer,Accessories,North,9,15000,0.1,121500.0,85050.0,36450.0,30.0,2025-05,Tuesday
ORD_00446,2024-04-05,CUST_0202,Keyboard,Accessories,North,2,2000,0.1,3600.0,2520.0,1080.0,30.0,2024-04,Friday
ORD_00447,2025-09-29,CUST_0122,Laptop,Accessories,West,6,60000,0.2,288000.0,201600.0,86400.0,30.0,2025-09,Monday
ORD_00448,2024-04-27,CUST_0117,Keyboard,Accessories,North,1,2000,0.0,2000.0,1400.0,600.0,30.0,2024-04,Saturday
ORD_00449,2025-07-13,CUST_0096,Laptop,Office,East,3,60000,0.05,171000.0,119699.99999999999,51300.000000000015,30.00000000000001,2025-07,Sunday
ORD_00450,2025-08-23,CUST_0234,Monitor,Office,East,2,20000,0.05,38000.0,26600.0,11400.0,30.0,2025-08,Saturday
ORD_00451,2025-05-02,CUST_0490,Laptop,Accessories,East,3,60000,0.05,171000.0,119699.99999999999,51300.000000000015,30.00000000000001,2025-05,Friday
ORD_00452,2024-08-24,CUST_0067,Mouse,Electronics,East,5,800,0.0,4000.0,2800.0,1200.0,30.0,2024-08,Saturday
ORD_00453,2024-09-28,CUST_0376,Keyboard,Office,West,6,2000,0.05,11400.0,7979.999999999999,3420.000000000001,30.00000000000001,2024-09,Saturday
ORD_00454,2024-07-07,CUST_0218,Laptop,Electronics,East,9,60000,0.15,459000.0,321300.0,137700.0,30.0,2024-07,Sunday
ORD_00455,2025-12-04,CUST_0015,Printer,Electronics,North,4,15000,0.15,51000.0,35700.0,15300.0,30.0,2025-12,Thursday
ORD_00456,2025-03-22,CUST_0273,Monitor,Office,East,7,20000,0.0,140000.0,98000.0,42000.0,30.0,2025-03,Saturday
ORD_00457,2025-08-03,CUST_0219,Printer,Electronics,West,6,15000,0.05,85500.0,59849.99999999999,25650.000000000007,30.00000000000001,2025-08,Sunday
ORD_00458,2024-09-03,CUST_0274,Printer,Electronics,South,2,15000,0.2,24000.0,16800.0,7200.0,30.0,2024-09,Tuesday
ORD_00459,2024-03-16,CUST_0371,Printer,Office,North,8,15000,0.2,96000.0,67200.0,28800.0,30.0,2024-03,Saturday
ORD_00460,2024-06-02,CUST_0147,Monitor,Office,North,7,20000,0.2,112000.0,78400.0,33600.0,30.0,2024-06,Sunday
ORD_00461,2025-10-17,CUST_0332,Monitor,Accessories,West,7,20000,0.15,119000.0,83300.0,35700.0,30.0,2025-10,Friday
ORD_00462,2025-03-10,CUST_0344,Monitor,Office,South,8,20000,0.2,128000.0,89600.0,38400.0,30.0,2025-03,Monday
ORD_00463,2024-03-26,CUST_0453,Monitor,Electronics,East,1,20000,0.05,19000.0,13300.0,5700.0,30.0,2024-03,Tuesday
ORD_00464,2025-11-27,CUST_0152,Printer,Office,South,1,15000,0.05,14250.0,9975.0,4275.0,30.0,2025-11,Thursday
ORD_00465,2024-10-11,CUST_0347,Mouse,Accessories,North,8,800,0.2,5120.0,3584.0,1536.0,30.0,2024-10,Friday
ORD_00466,2024-08-07,CUST_0304,Mouse,Office,North,4,800,0.1,2880.0,2015.9999999999998,864.0000000000002,30.00000000000001,2024-08,Wednesday
ORD_00467,2024-03-09,CUST_0414,Monitor,Electronics,North,5,20000,0.2,80000.0,56000.0,24000.0,30.0,2024-03,Saturday
ORD_00468,2024-02-16,CUST_0015,Keyboard,Office,South,8,2000,0.1,14400.0,10080.0,4320.0,30.0,2024-02,Friday
ORD_00469,2024-04-03,CUST_0431,Laptop,Electronics,East,5,60000,0.0,300000.0,210000.0,90000.0,30.0,2024-04,Wednesday
ORD_00470,2025-03-28,CUST_0379,Keyboard,Office,North,4,2000,0.0,8000.0,5600.0,2400.0,30.0,2025-03,Friday
ORD_00471,2024-07-22,CUST_0486,Keyboard,Accessories,West,6,2000,0.05,11400.0,7979.999999999999,3420.000000000001,30.00000000000001,2024-07,Monday
ORD_00472,2024-08-05,CUST_0383,Keyboard,Accessories,East,5,2000,0.15,8500.0,5950.0,2550.0,30.0,2024-08,Monday
ORD_00473,2025-04-18,CUST_0428,Mouse,Office,North,7,800,0.05,5320.0,3723.9999999999995,1596.0000000000005,30.00000000000001,2025-04,Friday
ORD_00474,2025-03-07,CUST_0354,Laptop,Electronics,East,7,60000,0.05,399000.0,279300.0,119700.0,30.0,2025-03,Friday
ORD_00475,2024-12-06,CUST_0411,Keyboard,Accessories,West,4,2000,0.15,6800.0,4760.0,2040.0,30.0,2024-12,Friday
ORD_00476,2025-07-04,CUST_0084,Monitor,Electronics,South,5,20000,0.05,95000.0,66500.0,28500.0,30.0,2025-07,Friday
ORD_00477,2025-09-03,CUST_0192,Mouse,Office,North,3,800,0.15,2040.0,1428.0,612.0,30.0,2025-09,Wednesday
ORD_00478,2024-10-15,CUST_0041,Monitor,Accessories,West,4,20000,0.05,76000.0,53200.0,22800.0,30.0,2024-10,Tuesday
ORD_00479,2024-09-10,CUST_0352,Monitor,Accessories,North,4,20000,0.0,80000.0,56000.0,24000.0,30.0,2024-09,Tuesday
ORD_00480,2024-12-22,CUST_0324,Keyboard,Electronics,North,3,2000,0.1,5400.0,3779.9999999999995,1620.0000000000005,30.00000000000001,2024-12,Sunday
ORD_00481,2024-01-23,CUST_0261,Monitor,Accessories,South,5,20000,0.05,95000.0,66500.0,28500.0,30.0,2024-01,Tuesday
ORD_00482,2025-06-05,CUST_0309,Laptop,Electronics,South,5,60000,0.1,270000.0,189000.0,81000.0,30.0,2025-06,Thursday
ORD_00483,2024-04-09,CUST_0378,Monitor,Electronics,East,7,20000,0.2,112000.0,78400.0,33600.0,30.0,2024-04,Tuesday
ORD_00484,2024-06-28,CUST_0136,Keyboard,Office,West,4,2000,0.05,7600.0,5320.0,2280.0,30.0,2024-06,Friday
ORD_00485,2024-08-10,CUST_0278,Monitor,Electronics,West,4,20000,0.0,80000.0,56000.0,24000.0,30.0,2024-08,Saturday
ORD_00486,2025-10-20,CUST_0106,Mouse,Accessories,South,9,800,0.15,6120.0,4284.0,1836.0,30.0,2025-10,Monday
ORD_00487,2025-03-17,CUST_0007,Mouse,Electronics,North,6,800,0.0,4800.0,3360.0,1440.0,30.0,2025-03,Monday
ORD_00488,2025-08-30,CUST_0406,Mouse,Accessories,East,4,800,0.1,2880.0,2015.9999999999998,864.0000000000002,30.00000000000001,2025-08,Saturday
ORD_00489,2024-11-20,CUST_0302,Printer,Electronics,South,2,15000,0.15,25500.0,17850.0,7650.0,30.0,2024-11,Wednesday
ORD_00490,2025-05-30,CUST_0030,Mouse,Office,East,6,800,0.0,4800.0,3360.0,1440.0,30.0,2025-05,Friday
ORD_00491,2024-01-16,CUST_0126,Mouse,Office,East,2,800,0.0,1600.0,1120.0,480.0,30.0,2024-01,Tuesday
ORD_00492,2024-12-01,CUST_0357,Printer,Electronics,West,5,15000,0.0,75000.0,52500.0,22500.0,30.0,2024-12,Sunday
ORD_00493,2024-09-14,CUST_0400,Mouse,Electronics,East,6,800,0.15,4080.0,2856.0,1224.0,30.0,2024-09,Saturday
ORD_00494,2025-05-11,CUST_0079,Keyboard,Electronics,West,4,2000,0.0,8000.0,5600.0,2400.0,30.0,2025-05,Sunday
ORD_00495,2024-06-08,CUST_0389,Mouse,Office,North,3,800,0.0,2400.0,1680.0,720.0,30.0,2024-06,Saturday
ORD_00496,2025-04-19,CUST_0067,Mouse,Electronics,North,7,800,0.1,5040.0,3528.0,1512.0,30.0,2025-04,Saturday
ORD_00497,2025-10-25,CUST_0023,Printer,Electronics,South,2,15000,0.0,30000.0,21000.0,9000.0,30.0,2025-10,Saturday
ORD_00498,2025-11-20,CUST_0189,Keyboard,Accessories,North,6,2000,0.0,12000.0,8400.0,3600.0,30.0,2025-11,Thursday
ORD_00499,2025-11-05,CUST_0074,Monitor,Office,West,4,20000,0.2,64000.0,44800.0,19200.0,30.0,2025-11,Wednesday
ORD_00500,2025-01-14,CUST_0005,Laptop,Office,East,6,60000,0.15,306000.0,214200.0,91800.0,30.0,2025-01,Tuesday
ORD_00501,2025-06-28,CUST_0407,Keyboard,Electronics,East,4,2000,0.2,6400.0,4480.0,1920.0,30.0,2025-06,Saturday
ORD_00502,2025-11-21,CUST_0463,Monitor,Electronics,North,4,20000,0.1,72000.0,50400.0,21600.0,30.0,2025-11,Friday
ORD_00503,2025-03-02,CUST_0082,Keyboard,Accessories,West,4,2000,0.2,6400.0,4480.0,1920.0,30.0,2025-03,Sunday
ORD_00504,2025-09-04,CUST_0025,Monitor,Electronics,East,9,20000,0.05,171000.0,119699.99999999999,51300.000000000015,30.00000000000001,2025-09,Thursday
ORD_00505,2024-09-24,CUST_0264,Monitor,Office,North,7,20000,0.15,119000.0,83300.0,35700.0,30.0,2024-09,Tuesday
ORD_00506,2025-07-30,CUST_0479,Keyboard,Accessories,West,3,2000,0.0,6000.0,4200.0,1800.0,30.0,2025-07,Wednesday
ORD_00507,2025-02-20,CUST_0405,Printer,Office,West,3,15000,0.2,36000.0,25200.0,10800.0,30.0,2025-02,Thursday
ORD_00508,2024-06-16,CUST_0002,Keyboard,Electronics,East,6,2000,0.2,9600.0,6720.0,2880.0,30.0,2024-06,Sunday
ORD_00509,2024-02-12,CUST_0278,Keyboard,Accessories,South,6,2000,0.0,12000.0,8400.0,3600.0,30.0,2024-02,Monday
ORD_00510,2025-07-09,CUST_0328,Monitor,Office,South,4,20000,0.0,80000.0,56000.0,24000.0,30.0,2025-07,Wednesday
ORD_00511,2024-10-11,CUST_0343,Laptop,Office,West,9,60000,0.1,486000.0,340200.0,145800.0,30.0,2024-10,Friday
ORD_00512,2025-01-31,CUST_0224,Monitor,Office,West,4,20000,0.2,64000.0,44800.0,19200.0,30.0,2025-01,Friday
ORD_00513,2024-01-12,CUST_0072,Mouse,Electronics,North,9,800,0.2,5760.0,4031.9999999999995,1728.0000000000005,30.00000000000001,2024-01,Friday
ORD_00514,2025-08-29,CUST_0068,Keyboard,Electronics,West,4,2000,0.05,7600.0,5320.0,2280.0,30.0,2025-08,Friday
ORD_00515,2024-10-28,CUST_0320,Keyboard,Electronics,North,2,2000,0.05,3800.0,2660.0,1140.0,30.0,2024-10,Monday
ORD_00516,2024-09-09,CUST_0094,Printer,Electronics,North,2,15000,0.2,24000.0,16800.0,7200.0,30.0,2024-09,Monday
ORD_00517,2025-05-13,CUST_0019,Monitor,Office,North,5,20000,0.05,95000.0,66500.0,28500.0,30.0,2025-05,Tuesday
ORD_00518,2024-02-04,CUST_0128,Printer,Accessories,West,4,15000,0.2,48000.0,33600.0,14400.0,30.0,2024-02,Sunday
ORD_00519,2025-12-27,CUST_0343,Keyboard,Electronics,West,7,2000,0.15,11900.0,8330.0,3570.0,30.0,2025-12,Saturday
ORD_00520,2024-03-30,CUST_0082,Monitor,Accessories,North,5,20000,0.1,90000.0,62999.99999999999,27000.000000000007,30.00000000000001,2024-03,Saturday
ORD_00521,2025-08-27,CUST_0254,Monitor,Office,East,6,20000,0.05,114000.0,79800.0,34200.0,30.0,2025-08,Wednesday
ORD_00522,2025-08-24,CUST_0437,Mouse,Electronics,West,4,800,0.2,2560.0,1792.0,768.0,30.0,2025-08,Sunday
ORD_00523,2025-02-21,CUST_0221,Mouse,Office,South,2,800,0.05,1520.0,1064.0,456.0,30.0,2025-02,Friday
ORD_00524,2024-04-24,CUST_0343,Laptop,Electronics,East,9,60000,0.1,486000.0,340200.0,145800.0,30.0,2024-04,Wednesday
ORD_00525,2025-09-08,CUST_0097,Mouse,Electronics,South,7,800,0.15,4760.0,3332.0,1428.0,30.0,2025-09,Monday
ORD_00526,2024-07-14,CUST_0052,Monitor,Accessories,West,4,20000,0.0,80000.0,56000.0,24000.0,30.0,2024-07,Sunday
ORD_00527,2025-05-15,CUST_0175,Mouse,Office,East,3,800,0.0,2400.0,1680.0,720.0,30.0,2025-05,Thursday
ORD_00528,2025-09-17,CUST_0338,Laptop,Office,West,3,60000,0.05,171000.0,119699.99999999999,51300.000000000015,30.00000000000001,2025-09,Wednesday
ORD_00529,2025-05-07,CUST_0182,Keyboard,Office,West,9,2000,0.2,14400.0,10080.0,4320.0,30.0,2025-05,Wednesday
ORD_00530,2024-03-15,CUST_0428,Mouse,Accessories,East,5,800,0.1,3600.0,2520.0,1080.0,30.0,2024-03,Friday
ORD_00531,2025-02-16,CUST_0353,Monitor,Accessories,West,3,20000,0.15,51000.0,35700.0,15300.0,30.0,2025-02,Sunday
ORD_00532,2025-01-10,CUST_0391,Keyboard,Office,East,5,2000,0.15,8500.0,5950.0,2550.0,30.0,2025-01,Friday
ORD_00533,2025-02-23,CUST_0115,Monitor,Office,West,2,20000,0.15,34000.0,23800.0,10200.0,30.0,2025-02,Sunday
ORD_00534,2025-12-29,CUST_0348,Keyboard,Electronics,North,4,2000,0.0,8000.0,5600.0,2400.0,30.0,2025-12,Monday
ORD_00535,2024-10-03,CUST_0001,Monitor,Electronics,South,2,20000,0.1,36000.0,25200.0,10800.0,30.0,2024-10,Thursday
ORD_00536,2025-11-06,CUST_0063,Mouse,Accessories,North,2,800,0.0,1600.0,1120.0,480.0,30.0,2025-11,Thursday
ORD_00537,2025-01-28,CUST_0248,Mouse,Electronics,West,8,800,0.05,6080.0,4256.0,1824.0,30.0,2025-01,Tuesday
ORD_00538,2025-04-01,CUST_0231,Laptop,Office,West,1,60000,0.15,51000.0,35700.0,15300.0,30.0,2025-04,Tuesday
ORD_00539,2024-07-10,CUST_0226,Keyboard,Office,West,7,2000,0.1,12600.0,8820.0,3780.0,30.0,2024-07,Wednesday
ORD_00540,2025-11-19,CUST_0423,Laptop,Electronics,North,5,60000,0.15,255000.0,178500.0,76500.0,30.0,2025-11,Wednesday
ORD_00541,2024-04-08,CUST_0019,Printer,Electronics,West,8,15000,0.0,120000.0,84000.0,36000.0,30.0,2024-04,Monday
ORD_00542,2025-07-01,CUST_0031,Mouse,Accessories,East,1,800,0.0,800.0,560.0,240.0,30.0,2025-07,Tuesday
ORD_00543,2024-04-05,CUST_0333,Keyboard,Electronics,South,7,2000,0.0,14000.0,9800.0,4200.0,30.0,2024-04,Friday
ORD_00544,2025-10-25,CUST_0121,Laptop,Accessories,West,5,60000,0.15,255000.0,178500.0,76500.0,30.0,2025-10,Saturday
ORD_00545,2025-10-24,CUST_0024,Laptop,Electronics,West,4,60000,0.1,216000.0,151200.0,64800.0,30.0,2025-10,Friday
ORD_00546,2024-07-08,CUST_0325,Printer,Electronics,South,7,15000,0.1,94500.0,66150.0,28350.0,30.0,2024-07,Monday
ORD_00547,2024-02-06,CUST_0471,Laptop,Electronics,South,2,60000,0.05,114000.0,79800.0,34200.0,30.0,2024-02,Tuesday
ORD_00548,2025-01-03,CUST_0211,Monitor,Electronics,South,1,20000,0.15,17000.0,11900.0,5100.0,30.0,2025-01,Friday
ORD_00549,2025-11-25,CUST_0449,Mouse,Office,North,1,800,0.05,760.0,532.0,228.0,30.0,2025-11,Tuesday
ORD_00550,2025-06-08,CUST_0161,Laptop,Office,North,1,60000,0.05,57000.0,39900.0,17100.0,30.0,2025-06,Sunday
ORD_00551,2024-10-05,CUST_0255,Laptop,Office,West,5,60000,0.05,285000.0,199500.0,85500.0,30.0,2024-10,Saturday
ORD_00552,2024-08-04,CUST_0059,Printer,Electronics,South,7,15000,0.05,99750.0,69825.0,29925.0,30.0,2024-08,Sunday
ORD_00553,2024-09-29,CUST_0114,Monitor,Accessories,West,2,20000,0.0,40000.0,28000.0,12000.0,30.0,2024-09,Sunday
ORD_00554,2024-03-02,CUST_0417,Laptop,Electronics,West,8,60000,0.05,456000.0,319200.0,136800.0,30.0,2024-03,Saturday
ORD_00555,2025-08-18,CUST_0160,Mouse,Office,West,4,800,0.1,2880.0,2015.9999999999998,864.0000000000002,30.00000000000001,2025-08,Monday
ORD_00556,2025-12-29,CUST_0443,Mouse,Accessories,North,3,800,0.05,2280.0,1596.0,684.0,30.0,2025-12,Monday
ORD_00557,2024-12-07,CUST_0220,Laptop,Accessories,South,8,60000,0.0,480000.0,336000.0,144000.0,30.0,2024-12,Saturday
ORD_00558,2025-01-31,CUST_0357,Monitor,Office,West,2,20000,0.2,32000.0,22400.0,9600.0,30.0,2025-01,Friday
ORD_00559,2025-11-29,CUST_0169,Mouse,Electronics,North,3,800,0.2,1920.0,1344.0,576.0,30.0,2025-11,Saturday
ORD_00560,2024-01-19,CUST_0012,Mouse,Accessories,East,3,800,0.2,1920.0,1344.0,576.0,30.0,2024-01,Friday
ORD_00561,2024-06-25,CUST_0457,Monitor,Accessories,East,1,20000,0.15,17000.0,11900.0,5100.0,30.0,2024-06,Tuesday
ORD_00562,2025-09-03,CUST_0242,Monitor,Office,West,6,20000,0.1,108000.0,75600.0,32400.0,30.0,2025-09,Wednesday
ORD_00563,2025-01-30,CUST_0375,Laptop,Accessories,West,2,60000,0.0,120000.0,84000.0,36000.0,30.0,2025-01,Thursday
ORD_00564,2025-03-20,CUST_0139,Keyboard,Accessories,South,1,2000,0.2,1600.0,1120.0,480.0,30.0,2025-03,Thursday
ORD_00565,2024-08-20,CUST_0097,Printer,Accessories,South,2,15000,0.0,30000.0,21000.0,9000.0,30.0,2024-08,Tuesday
ORD_00566,2024-03-16,CUST_0147,Keyboard,Electronics,West,6,2000,0.0,12000.0,8400.0,3600.0,30.0,2024-03,Saturday
ORD_00567,2024-09-21,CUST_0182,Keyboard,Electronics,North,4,2000,0.15,6800.0,4760.0,2040.0,30.0,2024-09,Saturday
ORD_00568,2025-03-30,CUST_0057,Mouse,Office,West,6,800,0.2,3840.0,2688.0,1152.0,30.0,2025-03,Sunday
ORD_00569,2025-12-18,CUST_0042,Monitor,Electronics,South,9,20000,0.05,171000.0,119699.99999999999,51300.000000000015,30.00000000000001,2025-12,Thursday
ORD_00570,2025-01-18,CUST_0354,Mouse,Accessories,South,8,800,0.0,6400.0,4480.0,1920.0,30.0,2025-01,Saturday
ORD_00571,2025-07-17,CUST_0199,Printer,Electronics,North,1,15000,0.2,12000.0,8400.0,3600.0,30.0,2025-07,Thursday
ORD_00572,2025-05-20,CUST_0031,Laptop,Accessories,West,8,60000,0.0,480000.0,336000.0,144000.0,30.0,2025-05,Tuesday
ORD_00573,2025-01-01,CUST_0180,Printer,Accessories,South,9,15000,0.15,114750.0,80325.0,34425.0,30.0,2025-01,Wednesday
ORD_00574,2024-05-23,CUST_0002,Mouse,Electronics,West,6,800,0.15,4080.0,2856.0,1224.0,30.0,2024-05,Thursday
ORD_00575,2024-03-09,CUST_0467,Mouse,Electronics,South,5,800,0.05,3800.0,2660.0,1140.0,30.0,2024-03,Saturday
ORD_00576,2024-04-08,CUST_0422,Mouse,Electronics,East,6,800,0.15,4080.0,2856.0,1224.0,30.0,2024-04,Monday
ORD_00577,2025-01-30,CUST_0288,Mouse,Electronics,East,6,800,0.2,3840.0,2688.0,1152.0,30.0,2025-01,Thursday
ORD_00578,2024-01-25,CUST_0138,Keyboard,Office,East,9,2000,0.15,15300.0,10710.0,4590.0,30.0,2024-01,Thursday
ORD_00579,2025-04-13,CUST_0105,Laptop,Electronics,South,4,60000,0.05,228000.0,159600.0,68400.0,30.0,2025-04,Sunday
ORD_00580,2025-04-28,CUST_0392,Keyboard,Office,North,2,2000,0.1,3600.0,2520.0,1080.0,30.0,2025-04,Monday
ORD_00581,2025-07-18,CUST_0218,Mouse,Accessories,East,9,800,0.0,7200.0,5040.0,2160.0,30.0,2025-07,Friday
ORD_00582,2024-05-30,CUST_0222,Monitor,Office,South,2,20000,0.0,40000.0,28000.0,12000.0,30.0,2024-05,Thursday
ORD_00583,2024-05-23,CUST_0331,Keyboard,Accessories,West,9,2000,0.2,14400.0,10080.0,4320.0,30.0,2024-05,Thursday
ORD_00584,2025-07-22,CUST_0105,Mouse,Office,East,2,800,0.05,1520.0,1064.0,456.0,30.0,2025-07,Tuesday
ORD_00585,2024-02-08,CUST_0404,Mouse,Office,North,8,800,0.05,6080.0,4256.0,1824.0,30.0,2024-02,Thursday
ORD_00586,2024-04-18,CUST_0404,Laptop,Accessories,North,9,60000,0.05,513000.0,359100.0,153900.0,30.0,2024-04,Thursday
ORD_00587,2025-11-23,CUST_0127,Printer,Office,North,9,15000,0.0,135000.0,94500.0,40500.0,30.0,2025-11,Sunday
ORD_00588,2024-02-11,CUST_0265,Keyboard,Accessories,West,9,2000,0.15,15300.0,10710.0,4590.0,30.0,2024-02,Sunday
ORD_00589,2024-07-04,CUST_0200,Keyboard,Electronics,West,2,2000,0.0,4000.0,2800.0,1200.0,30.0,2024-07,Thursday
ORD_00590,2025-02-01,CUST_0252,Keyboard,Accessories,North,4,2000,0.0,8000.0,5600.0,2400.0,30.0,2025-02,Saturday
ORD_00591,2024-08-10,CUST_0015,Mouse,Office,North,7,800,0.0,5600.0,3919.9999999999995,1680.0000000000005,30.00000000000001,2024-08,Saturday
ORD_00592,2025-09-25,CUST_0226,Laptop,Electronics,North,2,60000,0.15,102000.0,71400.0,30600.0,30.0,2025-09,Thursday
ORD_00593,2024-05-12,CUST_0472,Mouse,Office,West,1,800,0.1,720.0,503.99999999999994,216.00000000000006,30.00000000000001,2024-05,Sunday
ORD_00594,2024-06-11,CUST_0353,Mouse,Electronics,West,3,800,0.2,1920.0,1344.0,576.0,30.0,2024-06,Tuesday
ORD_00595,2024-08-02,CUST_0105,Monitor,Accessories,South,4,20000,0.1,72000.0,50400.0,21600.0,30.0,2024-08,Friday
ORD_00596,2024-08-22,CUST_0233,Laptop,Electronics,East,8,60000,0.1,432000.0,302400.0,129600.0,30.0,2024-08,Thursday
ORD_00597,2025-10-19,CUST_0493,Keyboard,Electronics,West,6,2000,0.0,12000.0,8400.0,3600.0,30.0,2025-10,Sunday
ORD_00598,2025-08-10,CUST_0319,Printer,Electronics,North,2,15000,0.1,27000.0,18900.0,8100.0,30.0,2025-08,Sunday
ORD_00599,2024-01-09,CUST_0488,Keyboard,Office,East,9,2000,0.0,18000.0,12600.0,5400.0,30.0,2024-01,Tuesday
ORD_00600,2024-03-14,CUST_0219,Mouse,Electronics,West,2,800,0.0,1600.0,1120.0,480.0,30.0,2024-03,Thursday
ORD_00601,2025-05-06,CUST_0277,Laptop,Accessories,East,5,60000,0.2,240000.0,168000.0,72000.0,30.0,2025-05,Tuesday
ORD_00602,2024-09-09,CUST_0261,Laptop,Accessories,South,4,60000,0.05,228000.0,159600.0,68400.0,30.0,2024-09,Monday
ORD_00603,2024-08-17,CUST_0381,Laptop,Accessories,West,7,60000,0.0,420000.0,294000.0,126000.0,30.0,2024-08,Saturday
ORD_00604,2025-06-02,CUST_0419,Monitor,Electronics,North,8,20000,0.1,144000.0,100800.0,43200.0,30.0,2025-06,Monday
ORD_00605,2024-06-22,CUST_0341,Keyboard,Accessories,North,5,2000,0.2,8000.0,5600.0,2400.0,30.0,2024-06,Saturday
ORD_00606,2025-10-14,CUST_0452,Monitor,Office,South,5,20000,0.1,90000.0,62999.99999999999,27000.000000000007,30.00000000000001,2025-10,Tuesday
ORD_00607,2024-06-16,CUST_0369,Printer,Accessories,South,2,15000,0.05,28500.0,19950.0,8550.0,30.0,2024-06,Sunday
ORD_00608,2024-06-18,CUST_0432,Mouse,Electronics,South,8,800,0.15,5440.0,3807.9999999999995,1632.0000000000005,30.00000000000001,2024-06,Tuesday
ORD_00609,2025-01-27,CUST_0336,Monitor,Accessories,South,2,20000,0.05,38000.0,26600.0,11400.0,30.0,2025-01,Monday
ORD_00610,2025-09-25,CUST_0479,Monitor,Electronics,South,6,20000,0.2,96000.0,67200.0,28800.0,30.0,2025-09,Thursday
ORD_00611,2024-07-12,CUST_0474,Mouse,Electronics,West,8,800,0.05,6080.0,4256.0,1824.0,30.0,2024-07,Friday
ORD_00612,2025-05-31,CUST_0190,Laptop,Accessories,West,6,60000,0.05,342000.0,239399.99999999997,102600.00000000003,30.00000000000001,2025-05,Saturday
ORD_00613,2024-01-29,CUST_0372,Mouse,Office,East,4,800,0.2,2560.0,1792.0,768.0,30.0,2024-01,Monday
ORD_00614,2024-06-13,CUST_0419,Keyboard,Office,South,4,2000,0.2,6400.0,4480.0,1920.0,30.0,2024-06,Thursday
ORD_00615,2025-02-25,CUST_0198,Mouse,Accessories,North,6,800,0.1,4320.0,3024.0,1296.0,30.0,2025-02,Tuesday
ORD_00616,2024-12-04,CUST_0353,Laptop,Electronics,North,4,60000,0.0,240000.0,168000.0,72000.0,30.0,2024-12,Wednesday
ORD_00617,2025-10-09,CUST_0277,Mouse,Accessories,South,8,800,0.15,5440.0,3807.9999999999995,1632.0000000000005,30.00000000000001,2025-10,Thursday
ORD_00618,2025-05-10,CUST_0336,Monitor,Electronics,South,9,20000,0.15,153000.0,107100.0,45900.0,30.0,2025-05,Saturday
ORD_00619,2024-12-30,CUST_0495,Printer,Electronics,South,1,15000,0.15,12750.0,8925.0,3825.0,30.0,2024-12,Monday
ORD_00620,2024-12-07,CUST_0039,Monitor,Electronics,South,4,20000,0.05,76000.0,53200.0,22800.0,30.0,2024-12,Saturday
ORD_00621,2025-05-14,CUST_0162,Printer,Office,South,4,15000,0.2,48000.0,33600.0,14400.0,30.0,2025-05,Wednesday
ORD_00622,2025-10-18,CUST_0490,Mouse,Office,North,2,800,0.2,1280.0,896.0,384.0,30.0,2025-10,Saturday
ORD_00623,2025-05-25,CUST_0121,Keyboard,Accessories,East,6,2000,0.2,9600.0,6720.0,2880.0,30.0,2025-05,Sunday
ORD_00624,2024-11-22,CUST_0380,Mouse,Office,South,3,800,0.0,2400.0,1680.0,720.0,30.0,2024-11,Friday
ORD_00625,2024-08-04,CUST_0399,Laptop,Electronics,South,7,60000,0.2,336000.0,235199.99999999997,100800.00000000003,30.00000000000001,2024-08,Sunday
ORD_00626,2024-10-27,CUST_0262,Mouse,Electronics,South,5,800,0.2,3200.0,2240.0,960.0,30.0,2024-10,Sunday
ORD_00627,2024-05-11,CUST_0450,Printer,Accessories,West,4,15000,0.05,57000.0,39900.0,17100.0,30.0,2024-05,Saturday
ORD_00628,2024-03-10,CUST_0216,Monitor,Electronics,North,5,20000,0.1,90000.0,62999.99999999999,27000.000000000007,30.00000000000001,2024-03,Sunday
ORD_00629,2024-09-08,CUST_0312,Keyboard,Accessories,North,8,2000,0.15,13600.0,9520.0,4080.0,30.0,2024-09,Sunday
ORD_00630,2025-02-18,CUST_0049,Mouse,Accessories,East,3,800,0.05,2280.0,1596.0,684.0,30.0,2025-02,Tuesday
ORD_00631,2025-03-20,CUST_0092,Mouse,Electronics,West,7,800,0.05,5320.0,3723.9999999999995,1596.0000000000005,30.00000000000001,2025-03,Thursday
ORD_00632,2024-06-30,CUST_0129,Monitor,Office,West,6,20000,0.05,114000.0,79800.0,34200.0,30.0,2024-06,Sunday
ORD_00633,2024-06-15,CUST_0321,Keyboard,Electronics,West,1,2000,0.15,1700.0,1190.0,510.0,30.0,2024-06,Saturday
ORD_00634,2024-03-31,CUST_0028,Mouse,Electronics,East,7,800,0.05,5320.0,3723.9999999999995,1596.0000000000005,30.00000000000001,2024-03,Sunday
ORD_00635,2025-12-14,CUST_0356,Mouse,Accessories,East,7,800,0.1,5040.0,3528.0,1512.0,30.0,2025-12,Sunday
ORD_00636,2025-06-14,CUST_0148,Printer,Office,East,1,15000,0.2,12000.0,8400.0,3600.0,30.0,2025-06,Saturday
ORD_00637,2024-02-08,CUST_0432,Printer,Accessories,West,9,15000,0.1,121500.0,85050.0,36450.0,30.0,2024-02,Thursday
ORD_00638,2024-05-05,CUST_0328,Laptop,Electronics,North,6,60000,0.2,288000.0,201600.0,86400.0,30.0,2024-05,Sunday
ORD_00639,2025-03-26,CUST_0065,Monitor,Accessories,West,2,20000,0.2,32000.0,22400.0,9600.0,30.0,2025-03,Wednesday
ORD_00640,2024-06-21,CUST_0218,Keyboard,Accessories,East,5,2000,0.05,9500.0,6650.0,2850.0,30.0,2024-06,Friday
ORD_00641,2025-10-14,CUST_0051,Mouse,Electronics,West,4,800,0.05,3040.0,2128.0,912.0,30.0,2025-10,Tuesday
ORD_00642,2024-08-07,CUST_0427,Mouse,Accessories,South,7,800,0.15,4760.0,3332.0,1428.0,30.0,2024-08,Wednesday
ORD_00643,2025-09-29,CUST_0305,Laptop,Electronics,West,8,60000,0.0,480000.0,336000.0,144000.0,30.0,2025-09,Monday
ORD_00644,2024-02-27,CUST_0409,Mouse,Accessories,West,1,800,0.1,720.0,503.99999999999994,216.00000000000006,30.00000000000001,2024-02,Tuesday
ORD_00645,2025-10-21,CUST_0074,Monitor,Office,North,5,20000,0.15,85000.0,59499.99999999999,25500.000000000007,30.00000000000001,2025-10,Tuesday
ORD_00646,2025-04-20,CUST_0460,Laptop,Electronics,North,3,60000,0.15,153000.0,107100.0,45900.0,30.0,2025-04,Sunday
ORD_00647,2025-03-31,CUST_0425,Monitor,Office,North,1,20000,0.1,18000.0,12600.0,5400.0,30.0,2025-03,Monday
ORD_00648,2024-12-26,CUST_0199,Laptop,Accessories,South,3,60000,0.1,162000.0,113400.0,48600.0,30.0,2024-12,Thursday
ORD_00649,2024-01-01,CUST_0192,Mouse,Office,North,6,800,0.2,3840.0,2688.0,1152.0,30.0,2024-01,Monday
ORD_00650,2025-01-21,CUST_0189,Laptop,Office,South,7,60000,0.0,420000.0,294000.0,126000.0,30.0,2025-01,Tuesday
ORD_00651,2024-12-13,CUST_0012,Printer,Office,East,8,15000,0.05,114000.0,79800.0,34200.0,30.0,2024-12,Friday
ORD_00652,2024-07-08,CUST_0239,Keyboard,Accessories,North,4,2000,0.0,8000.0,5600.0,2400.0,30.0,2024-07,Monday
ORD_00653,2025-05-19,CUST_0360,Mouse,Electronics,West,3,800,0.0,2400.0,1680.0,720.0,30.0,2025-05,Monday
ORD_00654,2024-07-09,CUST_0081,Keyboard,Accessories,West,5,2000,0.05,9500.0,6650.0,2850.0,30.0,2024-07,Tuesday
ORD_00655,2025-05-22,CUST_0453,Mouse,Accessories,South,9,800,0.0,7200.0,5040.0,2160.0,30.0,2025-05,Thursday
ORD_00656,2025-01-03,CUST_0383,Keyboard,Accessories,North,6,2000,0.15,10200.0,7140.0,3060.0,30.0,2025-01,Friday
ORD_00657,2025-02-12,CUST_0270,Printer,Electronics,West,9,15000,0.15,114750.0,80325.0,34425.0,30.0,2025-02,Wednesday
ORD_00658,2024-04-26,CUST_0290,Keyboard,Accessories,East,6,2000,0.05,11400.0,7979.999999999999,3420.000000000001,30.00000000000001,2024-04,Friday
ORD_00659,2024-05-13,CUST_0048,Laptop,Accessories,North,2,60000,0.05,114000.0,79800.0,34200.0,30.0,2024-05,Monday
ORD_00660,2024-02-27,CUST_0317,Keyboard,Electronics,East,5,2000,0.1,9000.0,6300.0,2700.0,30.0,2024-02,Tuesday
ORD_00661,2025-07-09,CUST_0209,Mouse,Electronics,West,9,800,0.1,6480.0,4536.0,1944.0,30.0,2025-07,Wednesday
ORD_00662,2025-11-15,CUST_0035,Monitor,Electronics,North,8,20000,0.0,160000.0,112000.0,48000.0,30.0,2025-11,Saturday
ORD_00663,2025-11-02,CUST_0119,Keyboard,Office,South,7,2000,0.0,14000.0,9800.0,4200.0,30.0,2025-11,Sunday
ORD_00664,2024-06-21,CUST_0065,Keyboard,Electronics,West,1,2000,0.05,1900.0,1330.0,570.0,30.0,2024-06,Friday
ORD_00665,2024-05-28,CUST_0315,Keyboard,Office,East,4,2000,0.0,8000.0,5600.0,2400.0,30.0,2024-05,Tuesday
ORD_00666,2024-03-20,CUST_0242,Mouse,Office,North,7,800,0.2,4480.0,3136.0,1344.0,30.0,2024-03,Wednesday
ORD_00667,2024-07-31,CUST_0498,Keyboard,Accessories,East,7,2000,0.15,11900.0,8330.0,3570.0,30.0,2024-07,Wednesday
ORD_00668,2024-07-21,CUST_0036,Mouse,Office,East,6,800,0.0,4800.0,3360.0,1440.0,30.0,2024-07,Sunday
ORD_00669,2024-08-16,CUST_0463,Mouse,Accessories,South,8,800,0.0,6400.0,4480.0,1920.0,30.0,2024-08,Friday
ORD_00670,2025-11-06,CUST_0252,Monitor,Office,South,6,20000,0.1,108000.0,75600.0,32400.0,30.0,2025-11,Thursday
ORD_00671,2024-08-14,CUST_0403,Laptop,Electronics,West,3,60000,0.2,144000.0,100800.0,43200.0,30.0,2024-08,Wednesday
ORD_00672,2025-10-20,CUST_0243,Mouse,Accessories,South,4,800,0.0,3200.0,2240.0,960.0,30.0,2025-10,Monday
ORD_00673,2025-06-15,CUST_0042,Printer,Office,South,3,15000,0.15,38250.0,26775.0,11475.0,30.0,2025-06,Sunday
ORD_00674,2025-03-16,CUST_0069,Keyboard,Accessories,West,1,2000,0.0,2000.0,1400.0,600.0,30.0,2025-03,Sunday
ORD_00675,2025-02-05,CUST_0403,Printer,Electronics,West,5,15000,0.05,71250.0,49875.0,21375.0,30.0,2025-02,Wednesday
ORD_00676,2024-02-16,CUST_0107,Keyboard,Office,West,1,2000,0.2,1600.0,1120.0,480.0,30.0,2024-02,Friday
ORD_00677,2024-08-20,CUST_0039,Monitor,Office,West,1,20000,0.0,20000.0,14000.0,6000.0,30.0,2024-08,Tuesday
ORD_00678,2024-10-31,CUST_0069,Mouse,Electronics,East,2,800,0.2,1280.0,896.0,384.0,30.0,2024-10,Thursday
ORD_00679,2025-06-09,CUST_0180,Laptop,Office,East,4,60000,0.0,240000.0,168000.0,72000.0,30.0,2025-06,Monday
ORD_00680,2024-05-22,CUST_0012,Mouse,Office,West,6,800,0.15,4080.0,2856.0,1224.0,30.0,2024-05,Wednesday
ORD_00681,2025-02-18,CUST_0339,Keyboard,Accessories,West,8,2000,0.15,13600.0,9520.0,4080.0,30.0,2025-02,Tuesday
ORD_00682,2025-05-27,CUST_0431,Laptop,Office,North,3,60000,0.2,144000.0,100800.0,43200.0,30.0,2025-05,Tuesday
ORD_00683,2025-01-07,CUST_0204,Mouse,Electronics,North,1,800,0.1,720.0,503.99999999999994,216.00000000000006,30.00000000000001,2025-01,Tuesday
ORD_00684,2025-07-19,CUST_0036,Laptop,Office,North,3,60000,0.1,162000.0,113400.0,48600.0,30.0,2025-07,Saturday
ORD_00685,2024-09-15,CUST_0126,Keyboard,Accessories,South,3,2000,0.05,5700.0,3989.9999999999995,1710.0000000000005,30.00000000000001,2024-09,Sunday
ORD_00686,2025-10-17,CUST_0063,Monitor,Office,East,5,20000,0.1,90000.0,62999.99999999999,27000.000000000007,30.00000000000001,2025-10,Friday
ORD_00687,2025-04-15,CUST_0332,Monitor,Accessories,East,4,20000,0.2,64000.0,44800.0,19200.0,30.0,2025-04,Tuesday
ORD_00688,2024-01-12,CUST_0082,Mouse,Office,North,4,800,0.1,2880.0,2015.9999999999998,864.0000000000002,30.00000000000001,2024-01,Friday
ORD_00689,2024-11-25,CUST_0497,Printer,Accessories,North,9,15000,0.05,128250.0,89775.0,38475.0,30.0,2024-11,Monday
ORD_00690,2024-12-23,CUST_0307,Keyboard,Accessories,East,7,2000,0.0,14000.0,9800.0,4200.0,30.0,2024-12,Monday
ORD_00691,2025-02-11,CUST_0496,Mouse,Office,South,4,800,0.1,2880.0,2015.9999999999998,864.0000000000002,30.00000000000001,2025-02,Tuesday
ORD_00692,2025-10-29,CUST_0299,Mouse,Electronics,North,3,800,0.2,1920.0,1344.0,576.0,30.0,2025-10,Wednesday
ORD_00693,2025-01-07,CUST_0034,Monitor,Electronics,West,6,20000,0.2,96000.0,67200.0,28800.0,30.0,2025-01,Tuesday
ORD_00694,2024-01-08,CUST_0240,Laptop,Office,North,3,60000,0.05,171000.0,119699.99999999999,51300.000000000015,30.00000000000001,2024-01,Monday
ORD_00695,2024-05-01,CUST_0097,Keyboard,Office,East,6,2000,0.05,11400.0,7979.999999999999,3420.000000000001,30.00000000000001,2024-05,Wednesday
ORD_00696,2024-12-13,CUST_0049,Laptop,Office,East,9,60000,0.15,459000.0,321300.0,137700.0,30.0,2024-12,Friday
ORD_00697,2025-11-06,CUST_0146,Keyboard,Office,North,6,2000,0.15,10200.0,7140.0,3060.0,30.0,2025-11,Thursday
ORD_00698,2024-03-30,CUST_0125,Printer,Office,North,4,15000,0.15,51000.0,35700.0,15300.0,30.0,2024-03,Saturday
ORD_00699,2025-10-09,CUST_0189,Monitor,Electronics,West,5,20000,0.0,100000.0,70000.0,30000.0,30.0,2025-10,Thursday
ORD_00700,2025-11-28,CUST_0057,Printer,Accessories,West,6,15000,0.2,72000.0,50400.0,21600.0,30.0,2025-11,Friday
ORD_00701,2024-11-11,CUST_0349,Mouse,Accessories,South,3,800,0.15,2040.0,1428.0,612.0,30.0,2024-11,Monday
ORD_00702,2024-06-26,CUST_0109,Monitor,Electronics,South,8,20000,0.2,128000.0,89600.0,38400.0,30.0,2024-06,Wednesday
ORD_00703,2025-06-23,CUST_0005,Mouse,Electronics,West,4,800,0.05,3040.0,2128.0,912.0,30.0,2025-06,Monday
ORD_00704,2024-02-10,CUST_0473,Printer,Accessories,South,8,15000,0.0,120000.0,84000.0,36000.0,30.0,2024-02,Saturday
ORD_00705,2025-12-04,CUST_0024,Keyboard,Electronics,South,3,2000,0.05,5700.0,3989.9999999999995,1710.0000000000005,30.00000000000001,2025-12,Thursday
ORD_00706,2025-05-16,CUST_0221,Mouse,Office,North,7,800,0.2,4480.0,3136.0,1344.0,30.0,2025-05,Friday
ORD_00707,2024-05-24,CUST_0448,Laptop,Electronics,West,9,60000,0.15,459000.0,321300.0,137700.0,30.0,2024-05,Friday
ORD_00708,2024-07-19,CUST_0315,Keyboard,Electronics,North,4,2000,0.05,7600.0,5320.0,2280.0,30.0,2024-07,Friday
ORD_00709,2025-12-24,CUST_0294,Keyboard,Electronics,North,8,2000,0.1,14400.0,10080.0,4320.0,30.0,2025-12,Wednesday
ORD_00710,2025-04-05,CUST_0417,Printer,Electronics,South,3,15000,0.0,45000.0,31499.999999999996,13500.000000000004,30.00000000000001,2025-04,Saturday
ORD_00711,2025-07-11,CUST_0010,Printer,Accessories,North,7,15000,0.2,84000.0,58799.99999999999,25200.000000000007,30.00000000000001,2025-07,Friday
ORD_00712,2025-06-30,CUST_0165,Monitor,Accessories,East,3,20000,0.15,51000.0,35700.0,15300.0,30.0,2025-06,Monday
ORD_00713,2024-09-09,CUST_0481,Monitor,Accessories,South,7,20000,0.05,133000.0,93100.0,39900.0,30.0,2024-09,Monday
ORD_00714,2025-01-24,CUST_0215,Laptop,Accessories,East,6,60000,0.0,360000.0,251999.99999999997,108000.00000000003,30.00000000000001,2025-01,Friday
ORD_00715,2025-08-16,CUST_0126,Keyboard,Office,South,2,2000,0.15,3400.0,2380.0,1020.0,30.0,2025-08,Saturday
ORD_00716,2024-09-12,CUST_0267,Laptop,Office,North,3,60000,0.05,171000.0,119699.99999999999,51300.000000000015,30.00000000000001,2024-09,Thursday
ORD_00717,2025-12-09,CUST_0280,Laptop,Accessories,South,6,60000,0.2,288000.0,201600.0,86400.0,30.0,2025-12,Tuesday
ORD_00718,2025-03-25,CUST_0088,Printer,Accessories,East,4,15000,0.1,54000.0,37800.0,16200.0,30.0,2025-03,Tuesday
ORD_00719,2024-01-10,CUST_0455,Laptop,Accessories,South,6,60000,0.1,324000.0,226800.0,97200.0,30.0,2024-01,Wednesday
ORD_00720,2024-08-29,CUST_0114,Laptop,Electronics,East,1,60000,0.2,48000.0,33600.0,14400.0,30.0,2024-08,Thursday
ORD_00721,2024-09-07,CUST_0021,Mouse,Office,West,1,800,0.0,800.0,560.0,240.0,30.0,2024-09,Saturday
ORD_00722,2024-01-05,CUST_0148,Monitor,Office,North,3,20000,0.2,48000.0,33600.0,14400.0,30.0,2024-01,Friday
ORD_00723,2024-04-28,CUST_0245,Monitor,Electronics,East,8,20000,0.05,152000.0,106400.0,45600.0,30.0,2024-04,Sunday
ORD_00724,2025-01-08,CUST_0266,Keyboard,Electronics,West,8,2000,0.0,16000.0,11200.0,4800.0,30.0,2025-01,Wednesday
ORD_00725,2024-03-05,CUST_0217,Monitor,Electronics,North,4,20000,0.1,72000.0,50400.0,21600.0,30.0,2024-03,Tuesday
ORD_00726,2024-05-25,CUST_0431,Keyboard,Office,West,6,2000,0.05,11400.0,7979.999999999999,3420.000000000001,30.00000000000001,2024-05,Saturday
ORD_00727,2024-08-11,CUST_0484,Mouse,Electronics,East,8,800,0.15,5440.0,3807.9999999999995,1632.0000000000005,30.00000000000001,2024-08,Sunday
ORD_00728,2024-08-26,CUST_0240,Monitor,Electronics,North,7,20000,0.15,119000.0,83300.0,35700.0,30.0,2024-08,Monday
ORD_00729,2024-06-25,CUST_0431,Mouse,Electronics,West,7,800,0.15,4760.0,3332.0,1428.0,30.0,2024-06,Tuesday
ORD_00730,2024-10-08,CUST_0399,Monitor,Accessories,East,4,20000,0.1,72000.0,50400.0,21600.0,30.0,2024-10,Tuesday
ORD_00731,2024-03-03,CUST_0428,Monitor,Electronics,West,9,20000,0.2,144000.0,100800.0,43200.0,30.0,2024-03,Sunday
ORD_00732,2024-08-04,CUST_0232,Mouse,Accessories,North,6,800,0.0,4800.0,3360.0,1440.0,30.0,2024-08,Sunday
ORD_00733,2025-11-19,CUST_0232,Laptop,Office,North,3,60000,0.1,162000.0,113400.0,48600.0,30.0,2025-11,Wednesday
ORD_00734,2025-04-05,CUST_0242,Laptop,Office,North,5,60000,0.05,285000.0,199500.0,85500.0,30.0,2025-04,Saturday
ORD_00735,2025-09-01,CUST_0190,Laptop,Office,East,5,60000,0.05,285000.0,199500.0,85500.0,30.0,2025-09,Monday
ORD_00736,2024-04-14,CUST_0390,Laptop,Accessories,West,5,60000,0.15,255000.0,178500.0,76500.0,30.0,2024-04,Sunday
ORD_00737,2024-04-08,CUST_0229,Monitor,Electronics,West,8,20000,0.0,160000.0,112000.0,48000.0,30.0,2024-04,Monday
ORD_00738,2025-05-25,CUST_0066,Printer,Office,East,9,15000,0.15,114750.0,80325.0,34425.0,30.0,2025-05,Sunday
ORD_00739,2025-01-19,CUST_0460,Mouse,Electronics,North,9,800,0.05,6840.0,4788.0,2052.0,30.0,2025-01,Sunday
ORD_00740,2025-02-08,CUST_0378,Printer,Accessories,South,6,15000,0.05,85500.0,59849.99999999999,25650.000000000007,30.00000000000001,2025-02,Saturday
ORD_00741,2025-06-01,CUST_0388,Printer,Office,North,6,15000,0.2,72000.0,50400.0,21600.0,30.0,2025-06,Sunday
ORD_00742,2025-04-20,CUST_0279,Keyboard,Electronics,South,9,2000,0.2,14400.0,10080.0,4320.0,30.0,2025-04,Sunday
ORD_00743,2025-12-09,CUST_0269,Laptop,Electronics,North,4,60000,0.2,192000.0,134400.0,57600.0,30.0,2025-12,Tuesday
ORD_00744,2025-10-06,CUST_0209,Monitor,Office,East,6,20000,0.15,102000.0,71400.0,30600.0,30.0,2025-10,Monday
ORD_00745,2025-03-12,CUST_0415,Laptop,Electronics,South,4,60000,0.0,240000.0,168000.0,72000.0,30.0,2025-03,Wednesday
ORD_00746,2024-01-23,CUST_0016,Laptop,Accessories,East,1,60000,0.2,48000.0,33600.0,14400.0,30.0,2024-01,Tuesday
ORD_00747,2025-07-18,CUST_0297,Printer,Office,South,7,15000,0.1,94500.0,66150.0,28350.0,30.0,2025-07,Friday
ORD_00748,2025-11-07,CUST_0474,Keyboard,Office,West,6,2000,0.2,9600.0,6720.0,2880.0,30.0,2025-11,Friday
ORD_00749,2025-12-14,CUST_0220,Laptop,Office,South,9,60000,0.15,459000.0,321300.0,137700.0,30.0,2025-12,Sunday
ORD_00750,2025-04-02,CUST_0257,Mouse,Office,South,7,800,0.0,5600.0,3919.9999999999995,1680.0000000000005,30.00000000000001,2025-04,Wednesday
ORD_00751,2024-03-23,CUST_0367,Mouse,Accessories,South,7,800,0.2,4480.0,3136.0,1344.0,30.0,2024-03,Saturday
ORD_00752,2024-05-24,CUST_0268,Laptop,Accessories,West,2,60000,0.0,120000.0,84000.0,36000.0,30.0,2024-05,Friday
ORD_00753,2024-03-25,CUST_0229,Printer,Electronics,East,9,15000,0.1,121500.0,85050.0,36450.0,30.0,2024-03,Monday
ORD_00754,2024-03-18,CUST_0119,Printer,Accessories,West,9,15000,0.05,128250.0,89775.0,38475.0,30.0,2024-03,Monday
ORD_00755,2025-04-01,CUST_0440,Monitor,Electronics,South,6,20000,0.0,120000.0,84000.0,36000.0,30.0,2025-04,Tuesday
ORD_00756,2024-01-01,CUST_0178,Keyboard,Electronics,North,3,2000,0.2,4800.0,3360.0,1440.0,30.0,2024-01,Monday
ORD_00757,2024-02-20,CUST_0020,Printer,Office,West,1,15000,0.15,12750.0,8925.0,3825.0,30.0,2024-02,Tuesday
ORD_00758,2025-11-15,CUST_0450,Monitor,Electronics,North,4,20000,0.15,68000.0,47600.0,20400.0,30.0,2025-11,Saturday
ORD_00759,2025-12-17,CUST_0036,Mouse,Office,West,3,800,0.15,2040.0,1428.0,612.0,30.0,2025-12,Wednesday
ORD_00760,2025-03-21,CUST_0335,Mouse,Electronics,West,1,800,0.15,680.0,475.99999999999994,204.00000000000006,30.00000000000001,2025-03,Friday
ORD_00761,2025-03-24,CUST_0422,Mouse,Accessories,South,3,800,0.0,2400.0,1680.0,720.0,30.0,2025-03,Monday
ORD_00762,2025-05-02,CUST_0406,Laptop,Office,East,4,60000,0.15,204000.0,142800.0,61200.0,30.0,2025-05,Friday
ORD_00763,2024-02-03,CUST_0108,Keyboard,Electronics,East,8,2000,0.05,15200.0,10640.0,4560.0,30.0,2024-02,Saturday
ORD_00764,2024-12-13,CUST_0189,Monitor,Accessories,South,9,20000,0.1,162000.0,113400.0,48600.0,30.0,2024-12,Friday
ORD_00765,2024-04-04,CUST_0178,Keyboard,Accessories,West,3,2000,0.0,6000.0,4200.0,1800.0,30.0,2024-04,Thursday
ORD_00766,2024-03-12,CUST_0096,Laptop,Office,East,6,60000,0.0,360000.0,251999.99999999997,108000.00000000003,30.00000000000001,2024-03,Tuesday
ORD_00767,2025-07-04,CUST_0315,Monitor,Office,East,5,20000,0.15,85000.0,59499.99999999999,25500.000000000007,30.00000000000001,2025-07,Friday
ORD_00768,2024-06-02,CUST_0020,Monitor,Office,East,6,20000,0.15,102000.0,71400.0,30600.0,30.0,2024-06,Sunday
ORD_00769,2024-09-06,CUST_0164,Printer,Electronics,South,4,15000,0.0,60000.0,42000.0,18000.0,30.0,2024-09,Friday
ORD_00770,2025-11-04,CUST_0382,Keyboard,Office,North,6,2000,0.15,10200.0,7140.0,3060.0,30.0,2025-11,Tuesday
ORD_00771,2025-03-13,CUST_0097,Keyboard,Accessories,North,7,2000,0.15,11900.0,8330.0,3570.0,30.0,2025-03,Thursday
ORD_00772,2024-04-27,CUST_0143,Printer,Accessories,North,9,15000,0.15,114750.0,80325.0,34425.0,30.0,2024-04,Saturday
ORD_00773,2024-11-01,CUST_0062,Mouse,Office,North,7,800,0.15,4760.0,3332.0,1428.0,30.0,2024-11,Friday
ORD_00774,2024-09-24,CUST_0242,Laptop,Office,North,6,60000,0.15,306000.0,214200.0,91800.0,30.0,2024-09,Tuesday
ORD_00775,2024-02-23,CUST_0238,Keyboard,Accessories,East,1,2000,0.2,1600.0,1120.0,480.0,30.0,2024-02,Friday
ORD_00776,2024-08-23,CUST_0131,Printer,Electronics,East,2,15000,0.2,24000.0,16800.0,7200.0,30.0,2024-08,Friday
ORD_00777,2025-01-23,CUST_0093,Monitor,Accessories,West,1,20000,0.2,16000.0,11200.0,4800.0,30.0,2025-01,Thursday
ORD_00778,2025-02-04,CUST_0495,Printer,Accessories,East,9,15000,0.0,135000.0,94500.0,40500.0,30.0,2025-02,Tuesday
ORD_00779,2025-09-15,CUST_0091,Mouse,Accessories,South,9,800,0.1,6480.0,4536.0,1944.0,30.0,2025-09,Monday
ORD_00780,2024-10-29,CUST_0133,Laptop,Office,West,7,60000,0.0,420000.0,294000.0,126000.0,30.0,2024-10,Tuesday
ORD_00781,2024-07-25,CUST_0123,Mouse,Electronics,East,2,800,0.2,1280.0,896.0,384.0,30.0,2024-07,Thursday
ORD_00782,2024-08-16,CUST_0440,Monitor,Electronics,West,6,20000,0.0,120000.0,84000.0,36000.0,30.0,2024-08,Friday
ORD_00783,2025-07-31,CUST_0415,Monitor,Office,West,4,20000,0.1,72000.0,50400.0,21600.0,30.0,2025-07,Thursday
ORD_00784,2024-03-15,CUST_0342,Monitor,Accessories,North,1,20000,0.15,17000.0,11900.0,5100.0,30.0,2024-03,Friday
ORD_00785,2025-03-10,CUST_0419,Monitor,Office,West,1,20000,0.05,19000.0,13300.0,5700.0,30.0,2025-03,Monday
ORD_00786,2024-04-12,CUST_0118,Printer,Office,East,5,15000,0.2,60000.0,42000.0,18000.0,30.0,2024-04,Friday
ORD_00787,2025-02-25,CUST_0455,Monitor,Electronics,North,2,20000,0.2,32000.0,22400.0,9600.0,30.0,2025-02,Tuesday
ORD_00788,2025-12-04,CUST_0198,Monitor,Electronics,East,4,20000,0.1,72000.0,50400.0,21600.0,30.0,2025-12,Thursday
ORD_00789,2024-11-01,CUST_0282,Printer,Office,North,1,15000,0.15,12750.0,8925.0,3825.0,30.0,2024-11,Friday
ORD_00790,2024-04-07,CUST_0374,Monitor,Office,East,4,20000,0.15,68000.0,47600.0,20400.0,30.0,2024-04,Sunday
ORD_00791,2024-11-30,CUST_0001,Mouse,Electronics,North,6,800,0.05,4560.0,3192.0,1368.0,30.0,2024-11,Saturday
ORD_00792,2025-03-10,CUST_0211,Mouse,Electronics,North,4,800,0.15,2720.0,1903.9999999999998,816.0000000000002,30.00000000000001,2025-03,Monday
ORD_00793,2025-03-22,CUST_0263,Keyboard,Accessories,South,1,2000,0.1,1800.0,1260.0,540.0,30.0,2025-03,Saturday
ORD_00794,2024-11-03,CUST_0420,Mouse,Office,East,7,800,0.15,4760.0,3332.0,1428.0,30.0,2024-11,Sunday
ORD_00795,2024-09-05,CUST_0332,Laptop,Accessories,West,2,60000,0.1,108000.0,75600.0,32400.0,30.0,2024-09,Thursday
ORD_00796,2024-06-14,CUST_0212,Laptop,Accessories,North,9,60000,0.2,432000.0,302400.0,129600.0,30.0,2024-06,Friday
ORD_00797,2025-04-25,CUST_0087,Laptop,Accessories,East,3,60000,0.2,144000.0,100800.0,43200.0,30.0,2025-04,Friday
ORD_00798,2024-11-30,CUST_0153,Printer,Electronics,North,8,15000,0.2,96000.0,67200.0,28800.0,30.0,2024-11,Saturday
ORD_00799,2025-06-25,CUST_0350,Mouse,Accessories,South,8,800,0.0,6400.0,4480.0,1920.0,30.0,2025-06,Wednesday
ORD_00800,2024-04-15,CUST_0187,Laptop,Electronics,South,3,60000,0.2,144000.0,100800.0,43200.0,30.0,2024-04,Monday
ORD_00801,2025-07-16,CUST_0061,Keyboard,Electronics,South,4,2000,0.1,7200.0,5040.0,2160.0,30.0,2025-07,Wednesday
ORD_00802,2024-03-21,CUST_0285,Printer,Electronics,South,2,15000,0.05,28500.0,19950.0,8550.0,30.0,2024-03,Thursday
ORD_00803,2024-05-12,CUST_0095,Keyboard,Office,West,4,2000,0.15,6800.0,4760.0,2040.0,30.0,2024-05,Sunday
ORD_00804,2024-05-17,CUST_0274,Mouse,Accessories,West,9,800,0.2,5760.0,4031.9999999999995,1728.0000000000005,30.00000000000001,2024-05,Friday
ORD_00805,2024-07-02,CUST_0041,Monitor,Electronics,North,2,20000,0.0,40000.0,28000.0,12000.0,30.0,2024-07,Tuesday
ORD_00806,2025-02-04,CUST_0147,Keyboard,Office,East,3,2000,0.0,6000.0,4200.0,1800.0,30.0,2025-02,Tuesday
ORD_00807,2024-11-25,CUST_0246,Monitor,Office,South,4,20000,0.1,72000.0,50400.0,21600.0,30.0,2024-11,Monday
ORD_00808,2025-05-22,CUST_0132,Printer,Office,South,5,15000,0.05,71250.0,49875.0,21375.0,30.0,2025-05,Thursday
ORD_00809,2024-03-09,CUST_0449,Keyboard,Electronics,West,1,2000,0.2,1600.0,1120.0,480.0,30.0,2024-03,Saturday
ORD_00810,2025-06-29,CUST_0297,Keyboard,Electronics,West,7,2000,0.2,11200.0,7839.999999999999,3360.000000000001,30.00000000000001,2025-06,Sunday
ORD_00811,2024-02-22,CUST_0123,Printer,Electronics,South,7,15000,0.0,105000.0,73500.0,31500.0,30.0,2024-02,Thursday
ORD_00812,2025-03-25,CUST_0143,Printer,Office,East,9,15000,0.1,121500.0,85050.0,36450.0,30.0,2025-03,Tuesday
ORD_00813,2024-07-23,CUST_0182,Laptop,Electronics,North,4,60000,0.0,240000.0,168000.0,72000.0,30.0,2024-07,Tuesday
ORD_00814,2024-05-05,CUST_0192,Mouse,Accessories,North,6,800,0.0,4800.0,3360.0,1440.0,30.0,2024-05,Sunday
ORD_00815,2024-02-12,CUST_0456,Keyboard,Electronics,North,2,2000,0.05,3800.0,2660.0,1140.0,30.0,2024-02,Monday
ORD_00816,2024-04-20,CUST_0399,Keyboard,Electronics,North,4,2000,0.1,7200.0,5040.0,2160.0,30.0,2024-04,Saturday
ORD_00817,2025-10-24,CUST_0207,Printer,Accessories,East,2,15000,0.05,28500.0,19950.0,8550.0,30.0,2025-10,Friday
ORD_00818,2024-07-01,CUST_0434,Printer,Electronics,East,5,15000,0.1,67500.0,47250.0,20250.0,30.0,2024-07,Monday
ORD_00819,2024-04-04,CUST_0231,Mouse,Electronics,East,7,800,0.2,4480.0,3136.0,1344.0,30.0,2024-04,Thursday
ORD_00820,2025-01-08,CUST_0022,Printer,Electronics,West,1,15000,0.15,12750.0,8925.0,3825.0,30.0,2025-01,Wednesday
ORD_00821,2025-06-03,CUST_0402,Monitor,Electronics,South,7,20000,0.15,119000.0,83300.0,35700.0,30.0,2025-06,Tuesday
ORD_00822,2024-12-25,CUST_0080,Monitor,Office,East,6,20000,0.1,108000.0,75600.0,32400.0,30.0,2024-12,Wednesday
ORD_00823,2025-11-26,CUST_0130,Monitor,Electronics,North,6,20000,0.15,102000.0,71400.0,30600.0,30.0,2025-11,Wednesday
ORD_00824,2024-10-07,CUST_0292,Monitor,Accessories,East,8,20000,0.0,160000.0,112000.0,48000.0,30.0,2024-10,Monday
ORD_00825,2024-07-13,CUST_0276,Mouse,Accessories,South,8,800,0.2,5120.0,3584.0,1536.0,30.0,2024-07,Saturday
ORD_00826,2024-07-13,CUST_0400,Keyboard,Office,West,6,2000,0.2,9600.0,6720.0,2880.0,30.0,2024-07,Saturday
ORD_00827,2025-10-28,CUST_0323,Monitor,Electronics,North,3,20000,0.15,51000.0,35700.0,15300.0,30.0,2025-10,Tuesday
ORD_00828,2024-04-02,CUST_0376,Printer,Accessories,West,5,15000,0.1,67500.0,47250.0,20250.0,30.0,2024-04,Tuesday
ORD_00829,2025-11-02,CUST_0414,Monitor,Office,East,2,20000,0.0,40000.0,28000.0,12000.0,30.0,2025-11,Sunday
ORD_00830,2024-03-01,CUST_0055,Mouse,Electronics,North,5,800,0.1,3600.0,2520.0,1080.0,30.0,2024-03,Friday
ORD_00831,2025-09-25,CUST_0066,Printer,Office,North,9,15000,0.15,114750.0,80325.0,34425.0,30.0,2025-09,Thursday
ORD_00832,2024-02-20,CUST_0227,Monitor,Electronics,East,1,20000,0.2,16000.0,11200.0,4800.0,30.0,2024-02,Tuesday
ORD_00833,2025-02-06,CUST_0026,Keyboard,Office,East,5,2000,0.2,8000.0,5600.0,2400.0,30.0,2025-02,Thursday
ORD_00834,2024-01-05,CUST_0441,Printer,Office,South,6,15000,0.1,81000.0,56700.0,24300.0,30.0,2024-01,Friday
ORD_00835,2025-04-10,CUST_0253,Printer,Accessories,East,7,15000,0.05,99750.0,69825.0,29925.0,30.0,2025-04,Thursday
ORD_00836,2025-08-26,CUST_0197,Keyboard,Accessories,East,9,2000,0.1,16200.0,11340.0,4860.0,30.0,2025-08,Tuesday
ORD_00837,2025-11-12,CUST_0130,Printer,Office,East,6,15000,0.05,85500.0,59849.99999999999,25650.000000000007,30.00000000000001,2025-11,Wednesday
ORD_00838,2025-06-17,CUST_0243,Monitor,Electronics,North,5,20000,0.1,90000.0,62999.99999999999,27000.000000000007,30.00000000000001,2025-06,Tuesday
ORD_00839,2025-02-08,CUST_0312,Printer,Electronics,South,7,15000,0.05,99750.0,69825.0,29925.0,30.0,2025-02,Saturday
ORD_00840,2025-05-27,CUST_0212,Monitor,Electronics,North,1,20000,0.05,19000.0,13300.0,5700.0,30.0,2025-05,Tuesday
ORD_00841,2025-10-06,CUST_0190,Keyboard,Electronics,East,5,2000,0.05,9500.0,6650.0,2850.0,30.0,2025-10,Monday
ORD_00842,2024-08-20,CUST_0290,Laptop,Electronics,South,2,60000,0.05,114000.0,79800.0,34200.0,30.0,2024-08,Tuesday
ORD_00843,2025-06-07,CUST_0226,Keyboard,Accessories,East,4,2000,0.0,8000.0,5600.0,2400.0,30.0,2025-06,Saturday
ORD_00844,2024-12-11,CUST_0246,Monitor,Office,North,7,20000,0.05,133000.0,93100.0,39900.0,30.0,2024-12,Wednesday
ORD_00845,2024-02-15,CUST_0056,Mouse,Accessories,North,5,800,0.05,3800.0,2660.0,1140.0,30.0,2024-02,Thursday
ORD_00846,2025-06-29,CUST_0055,Keyboard,Electronics,East,6,2000,0.2,9600.0,6720.0,2880.0,30.0,2025-06,Sunday
ORD_00847,2024-03-18,CUST_0276,Mouse,Office,South,2,800,0.0,1600.0,1120.0,480.0,30.0,2024-03,Monday
ORD_00848,2025-12-30,CUST_0306,Mouse,Electronics,North,3,800,0.05,2280.0,1596.0,684.0,30.0,2025-12,Tuesday
ORD_00849,2024-03-13,CUST_0409,Monitor,Electronics,East,7,20000,0.15,119000.0,83300.0,35700.0,30.0,2024-03,Wednesday
ORD_00850,2024-09-05,CUST_0340,Monitor,Office,West,2,20000,0.0,40000.0,28000.0,12000.0,30.0,2024-09,Thursday
ORD_00851,2024-02-16,CUST_0153,Laptop,Electronics,East,6,60000,0.2,288000.0,201600.0,86400.0,30.0,2024-02,Friday
ORD_00852,2024-04-30,CUST_0053,Printer,Accessories,East,5,15000,0.1,67500.0,47250.0,20250.0,30.0,2024-04,Tuesday
ORD_00853,2024-08-01,CUST_0398,Keyboard,Accessories,South,1,2000,0.2,1600.0,1120.0,480.0,30.0,2024-08,Thursday
ORD_00854,2024-08-26,CUST_0444,Monitor,Accessories,East,4,20000,0.2,64000.0,44800.0,19200.0,30.0,2024-08,Monday
ORD_00855,2024-02-25,CUST_0111,Keyboard,Electronics,West,2,2000,0.0,4000.0,2800.0,1200.0,30.0,2024-02,Sunday
ORD_00856,2024-12-15,CUST_0492,Mouse,Accessories,East,4,800,0.0,3200.0,2240.0,960.0,30.0,2024-12,Sunday
ORD_00857,2024-04-16,CUST_0427,Printer,Electronics,West,1,15000,0.15,12750.0,8925.0,3825.0,30.0,2024-04,Tuesday
ORD_00858,2024-02-17,CUST_0491,Laptop,Electronics,North,2,60000,0.15,102000.0,71400.0,30600.0,30.0,2024-02,Saturday
ORD_00859,2025-07-26,CUST_0446,Keyboard,Accessories,East,8,2000,0.0,16000.0,11200.0,4800.0,30.0,2025-07,Saturday
ORD_00860,2024-12-02,CUST_0487,Printer,Accessories,South,6,15000,0.0,90000.0,62999.99999999999,27000.000000000007,30.00000000000001,2024-12,Monday
ORD_00861,2024-01-26,CUST_0204,Laptop,Electronics,East,2,60000,0.0,120000.0,84000.0,36000.0,30.0,2024-01,Friday
ORD_00862,2024-09-13,CUST_0112,Keyboard,Electronics,West,6,2000,0.1,10800.0,7559.999999999999,3240.000000000001,30.00000000000001,2024-09,Friday
ORD_00863,2024-01-08,CUST_0325,Printer,Electronics,West,9,15000,0.2,108000.0,75600.0,32400.0,30.0,2024-01,Monday
ORD_00864,2025-09-16,CUST_0447,Monitor,Electronics,South,7,20000,0.15,119000.0,83300.0,35700.0,30.0,2025-09,Tuesday
ORD_00865,2024-09-09,CUST_0258,Keyboard,Accessories,West,9,2000,0.15,15300.0,10710.0,4590.0,30.0,2024-09,Monday
ORD_00866,2025-11-22,CUST_0438,Printer,Electronics,East,5,15000,0.05,71250.0,49875.0,21375.0,30.0,2025-11,Saturday
ORD_00867,2025-12-19,CUST_0016,Laptop,Electronics,West,7,60000,0.1,378000.0,264600.0,113400.0,30.0,2025-12,Friday
ORD_00868,2024-10-29,CUST_0439,Printer,Electronics,East,7,15000,0.0,105000.0,73500.0,31500.0,30.0,2024-10,Tuesday
ORD_00869,2025-09-30,CUST_0350,Monitor,Electronics,East,3,20000,0.0,60000.0,42000.0,18000.0,30.0,2025-09,Tuesday
ORD_00870,2024-02-25,CUST_0495,Keyboard,Electronics,West,7,2000,0.1,12600.0,8820.0,3780.0,30.0,2024-02,Sunday
ORD_00871,2025-12-26,CUST_0427,Keyboard,Office,South,1,2000,0.15,1700.0,1190.0,510.0,30.0,2025-12,Friday
ORD_00872,2025-06-09,CUST_0445,Keyboard,Office,North,9,2000,0.0,18000.0,12600.0,5400.0,30.0,2025-06,Monday
ORD_00873,2025-04-18,CUST_0166,Monitor,Office,South,6,20000,0.05,114000.0,79800.0,34200.0,30.0,2025-04,Friday
ORD_00874,2024-01-28,CUST_0301,Laptop,Accessories,North,5,60000,0.15,255000.0,178500.0,76500.0,30.0,2024-01,Sunday
ORD_00875,2024-03-18,CUST_0382,Keyboard,Electronics,South,7,2000,0.2,11200.0,7839.999999999999,3360.000000000001,30.00000000000001,2024-03,Monday
ORD_00876,2024-08-03,CUST_0435,Laptop,Accessories,East,5,60000,0.1,270000.0,189000.0,81000.0,30.0,2024-08,Saturday
ORD_00877,2025-01-20,CUST_0426,Printer,Electronics,East,5,15000,0.15,63750.0,44625.0,19125.0,30.0,2025-01,Monday
ORD_00878,2024-12-30,CUST_0280,Laptop,Office,West,7,60000,0.2,336000.0,235199.99999999997,100800.00000000003,30.00000000000001,2024-12,Monday
ORD_00879,2025-10-27,CUST_0371,Laptop,Electronics,North,7,60000,0.05,399000.0,279300.0,119700.0,30.0,2025-10,Monday
ORD_00880,2025-06-09,CUST_0158,Keyboard,Accessories,North,3,2000,0.1,5400.0,3779.9999999999995,1620.0000000000005,30.00000000000001,2025-06,Monday
ORD_00881,2025-11-29,CUST_0421,Mouse,Accessories,West,3,800,0.0,2400.0,1680.0,720.0,30.0,2025-11,Saturday
ORD_00882,2024-11-07,CUST_0249,Mouse,Electronics,South,3,800,0.0,2400.0,1680.0,720.0,30.0,2024-11,Thursday
ORD_00883,2024-01-07,CUST_0379,Monitor,Accessories,West,6,20000,0.2,96000.0,67200.0,28800.0,30.0,2024-01,Sunday
ORD_00884,2024-01-03,CUST_0181,Monitor,Office,South,6,20000,0.15,102000.0,71400.0,30600.0,30.0,2024-01,Wednesday
ORD_00885,2025-09-14,CUST_0191,Mouse,Electronics,West,3,800,0.05,2280.0,1596.0,684.0,30.0,2025-09,Sunday
ORD_00886,2024-12-28,CUST_0487,Printer,Office,North,3,15000,0.2,36000.0,25200.0,10800.0,30.0,2024-12,Saturday
ORD_00887,2025-05-22,CUST_0139,Keyboard,Office,North,8,2000,0.05,15200.0,10640.0,4560.0,30.0,2025-05,Thursday
ORD_00888,2024-09-30,CUST_0078,Keyboard,Accessories,South,8,2000,0.05,15200.0,10640.0,4560.0,30.0,2024-09,Monday
ORD_00889,2025-05-20,CUST_0407,Printer,Electronics,North,7,15000,0.05,99750.0,69825.0,29925.0,30.0,2025-05,Tuesday
ORD_00890,2024-01-15,CUST_0373,Printer,Office,North,4,15000,0.1,54000.0,37800.0,16200.0,30.0,2024-01,Monday
ORD_00891,2024-07-10,CUST_0336,Mouse,Office,North,4,800,0.2,2560.0,1792.0,768.0,30.0,2024-07,Wednesday
ORD_00892,2025-09-22,CUST_0050,Monitor,Electronics,North,3,20000,0.1,54000.0,37800.0,16200.0,30.0,2025-09,Monday
ORD_00893,2025-04-29,CUST_0085,Printer,Accessories,East,5,15000,0.15,63750.0,44625.0,19125.0,30.0,2025-04,Tuesday
ORD_00894,2024-01-28,CUST_0183,Monitor,Office,West,3,20000,0.15,51000.0,35700.0,15300.0,30.0,2024-01,Sunday
ORD_00895,2025-12-14,CUST_0183,Laptop,Electronics,West,8,60000,0.0,480000.0,336000.0,144000.0,30.0,2025-12,Sunday
ORD_00896,2024-02-08,CUST_0004,Keyboard,Electronics,East,7,2000,0.0,14000.0,9800.0,4200.0,30.0,2024-02,Thursday
ORD_00897,2024-09-29,CUST_0481,Mouse,Office,North,3,800,0.0,2400.0,1680.0,720.0,30.0,2024-09,Sunday
ORD_00898,2024-08-18,CUST_0438,Keyboard,Office,West,9,2000,0.15,15300.0,10710.0,4590.0,30.0,2024-08,Sunday
ORD_00899,2024-03-26,CUST_0317,Mouse,Office,West,5,800,0.05,3800.0,2660.0,1140.0,30.0,2024-03,Tuesday
ORD_00900,2025-04-18,CUST_0111,Laptop,Accessories,West,9,60000,0.05,513000.0,359100.0,153900.0,30.0,2025-04,Friday
ORD_00901,2024-05-05,CUST_0334,Keyboard,Accessories,South,7,2000,0.2,11200.0,7839.999999999999,3360.000000000001,30.00000000000001,2024-05,Sunday
ORD_00902,2025-06-20,CUST_0339,Laptop,Electronics,East,7,60000,0.15,357000.0,249899.99999999997,107100.00000000003,30.00000000000001,2025-06,Friday
ORD_00903,2024-05-24,CUST_0251,Mouse,Electronics,South,6,800,0.0,4800.0,3360.0,1440.0,30.0,2024-05,Friday
ORD_00904,2025-06-08,CUST_0133,Printer,Office,South,2,15000,0.15,25500.0,17850.0,7650.0,30.0,2025-06,Sunday
ORD_00905,2024-07-30,CUST_0100,Keyboard,Electronics,East,9,2000,0.05,17100.0,11970.0,5130.0,30.0,2024-07,Tuesday
ORD_00906,2024-01-25,CUST_0479,Laptop,Accessories,West,6,60000,0.05,342000.0,239399.99999999997,102600.00000000003,30.00000000000001,2024-01,Thursday
ORD_00907,2025-08-02,CUST_0493,Keyboard,Electronics,South,8,2000,0.1,14400.0,10080.0,4320.0,30.0,2025-08,Saturday
ORD_00908,2025-01-28,CUST_0402,Keyboard,Electronics,West,1,2000,0.1,1800.0,1260.0,540.0,30.0,2025-01,Tuesday
ORD_00909,2024-03-07,CUST_0172,Keyboard,Office,South,5,2000,0.2,8000.0,5600.0,2400.0,30.0,2024-03,Thursday
ORD_00910,2024-08-20,CUST_0287,Monitor,Office,West,1,20000,0.15,17000.0,11900.0,5100.0,30.0,2024-08,Tuesday
ORD_00911,2024-04-18,CUST_0119,Laptop,Accessories,North,8,60000,0.1,432000.0,302400.0,129600.0,30.0,2024-04,Thursday
ORD_00912,2024-05-25,CUST_0350,Laptop,Electronics,North,8,60000,0.1,432000.0,302400.0,129600.0,30.0,2024-05,Saturday
ORD_00913,2024-04-20,CUST_0405,Keyboard,Electronics,North,1,2000,0.15,1700.0,1190.0,510.0,30.0,2024-04,Saturday
ORD_00914,2024-08-15,CUST_0175,Printer,Electronics,East,9,15000,0.05,128250.0,89775.0,38475.0,30.0,2024-08,Thursday
ORD_00915,2024-04-20,CUST_0030,Keyboard,Office,North,2,2000,0.2,3200.0,2240.0,960.0,30.0,2024-04,Saturday
ORD_00916,2025-04-14,CUST_0055,Monitor,Accessories,South,9,20000,0.2,144000.0,100800.0,43200.0,30.0,2025-04,Monday
ORD_00917,2024-02-03,CUST_0361,Mouse,Electronics,West,1,800,0.2,640.0,448.0,192.0,30.0,2024-02,Saturday
ORD_00918,2025-09-14,CUST_0196,Monitor,Electronics,West,9,20000,0.1,162000.0,113400.0,48600.0,30.0,2025-09,Sunday
ORD_00919,2025-01-03,CUST_0453,Printer,Electronics,West,4,15000,0.05,57000.0,39900.0,17100.0,30.0,2025-01,Friday
ORD_00920,2025-08-17,CUST_0041,Keyboard,Electronics,West,9,2000,0.2,14400.0,10080.0,4320.0,30.0,2025-08,Sunday
ORD_00921,2025-07-07,CUST_0173,Laptop,Accessories,South,7,60000,0.15,357000.0,249899.99999999997,107100.00000000003,30.00000000000001,2025-07,Monday
ORD_00922,2025-02-28,CUST_0330,Keyboard,Accessories,West,6,2000,0.2,9600.0,6720.0,2880.0,30.0,2025-02,Friday
ORD_00923,2025-09-04,CUST_0219,Printer,Accessories,South,5,15000,0.0,75000.0,52500.0,22500.0,30.0,2025-09,Thursday
ORD_00924,2025-06-01,CUST_0208,Laptop,Office,South,9,60000,0.05,513000.0,359100.0,153900.0,30.0,2025-06,Sunday
ORD_00925,2025-11-22,CUST_0158,Monitor,Electronics,West,2,20000,0.0,40000.0,28000.0,12000.0,30.0,2025-11,Saturday
ORD_00926,2024-10-08,CUST_0333,Mouse,Electronics,West,2,800,0.05,1520.0,1064.0,456.0,30.0,2024-10,Tuesday
ORD_00927,2024-11-15,CUST_0228,Mouse,Electronics,West,9,800,0.15,6120.0,4284.0,1836.0,30.0,2024-11,Friday
ORD_00928,2025-03-18,CUST_0085,Keyboard,Electronics,South,3,2000,0.1,5400.0,3779.9999999999995,1620.0000000000005,30.00000000000001,2025-03,Tuesday
ORD_00929,2024-11-10,CUST_0173,Monitor,Accessories,East,8,20000,0.1,144000.0,100800.0,43200.0,30.0,2024-11,Sunday
ORD_00930,2025-01-11,CUST_0245,Printer,Office,South,9,15000,0.05,128250.0,89775.0,38475.0,30.0,2025-01,Saturday
ORD_00931,2024-10-15,CUST_0360,Mouse,Office,East,8,800,0.2,5120.0,3584.0,1536.0,30.0,2024-10,Tuesday
ORD_00932,2025-03-12,CUST_0173,Monitor,Electronics,West,4,20000,0.0,80000.0,56000.0,24000.0,30.0,2025-03,Wednesday
ORD_00933,2025-10-23,CUST_0335,Keyboard,Accessories,South,1,2000,0.15,1700.0,1190.0,510.0,30.0,2025-10,Thursday
ORD_00934,2024-10-03,CUST_0212,Laptop,Office,West,4,60000,0.2,192000.0,134400.0,57600.0,30.0,2024-10,Thursday
ORD_00935,2025-12-10,CUST_0084,Keyboard,Office,East,9,2000,0.1,16200.0,11340.0,4860.0,30.0,2025-12,Wednesday
ORD_00936,2025-08-04,CUST_0173,Keyboard,Electronics,East,2,2000,0.2,3200.0,2240.0,960.0,30.0,2025-08,Monday
ORD_00937,2025-05-17,CUST_0183,Monitor,Office,South,3,20000,0.0,60000.0,42000.0,18000.0,30.0,2025-05,Saturday
ORD_00938,2025-09-15,CUST_0443,Mouse,Electronics,South,8,800,0.1,5760.0,4031.9999999999995,1728.0000000000005,30.00000000000001,2025-09,Monday
ORD_00939,2025-05-30,CUST_0133,Monitor,Accessories,South,6,20000,0.05,114000.0,79800.0,34200.0,30.0,2025-05,Friday
ORD_00940,2024-12-15,CUST_0380,Laptop,Electronics,South,8,60000,0.15,408000.0,285600.0,122400.0,30.0,2024-12,Sunday
ORD_00941,2025-03-21,CUST_0288,Monitor,Office,North,7,20000,0.15,119000.0,83300.0,35700.0,30.0,2025-03,Friday
ORD_00942,2024-12-15,CUST_0262,Printer,Electronics,North,5,15000,0.1,67500.0,47250.0,20250.0,30.0,2024-12,Sunday
ORD_00943,2025-08-29,CUST_0350,Keyboard,Electronics,West,9,2000,0.05,17100.0,11970.0,5130.0,30.0,2025-08,Friday
ORD_00944,2025-10-25,CUST_0282,Mouse,Electronics,East,4,800,0.0,3200.0,2240.0,960.0,30.0,2025-10,Saturday
ORD_00945,2024-05-16,CUST_0293,Laptop,Electronics,East,6,60000,0.15,306000.0,214200.0,91800.0,30.0,2024-05,Thursday
ORD_00946,2024-08-30,CUST_0269,Keyboard,Electronics,West,2,2000,0.1,3600.0,2520.0,1080.0,30.0,2024-08,Friday
ORD_00947,2025-06-26,CUST_0349,Monitor,Electronics,West,2,20000,0.15,34000.0,23800.0,10200.0,30.0,2025-06,Thursday
ORD_00948,2024-02-09,CUST_0197,Printer,Office,West,2,15000,0.05,28500.0,19950.0,8550.0,30.0,2024-02,Friday
ORD_00949,2024-08-16,CUST_0025,Monitor,Electronics,North,7,20000,0.0,140000.0,98000.0,42000.0,30.0,2024-08,Friday
ORD_00950,2025-07-01,CUST_0141,Keyboard,Office,West,2,2000,0.05,3800.0,2660.0,1140.0,30.0,2025-07,Tuesday
ORD_00951,2024-08-10,CUST_0472,Laptop,Electronics,East,2,60000,0.2,96000.0,67200.0,28800.0,30.0,2024-08,Saturday
ORD_00952,2024-01-06,CUST_0223,Mouse,Accessories,West,9,800,0.05,6840.0,4788.0,2052.0,30.0,2024-01,Saturday
ORD_00953,2024-11-17,CUST_0020,Keyboard,Electronics,South,7,2000,0.05,13300.0,9310.0,3990.0,30.0,2024-11,Sunday
ORD_00954,2025-04-12,CUST_0247,Laptop,Office,East,3,60000,0.15,153000.0,107100.0,45900.0,30.0,2025-04,Saturday
ORD_00955,2024-03-15,CUST_0328,Keyboard,Office,East,3,2000,0.05,5700.0,3989.9999999999995,1710.0000000000005,30.00000000000001,2024-03,Friday
ORD_00956,2024-01-04,CUST_0444,Printer,Accessories,East,7,15000,0.1,94500.0,66150.0,28350.0,30.0,2024-01,Thursday
ORD_00957,2025-10-07,CUST_0201,Monitor,Electronics,North,5,20000,0.15,85000.0,59499.99999999999,25500.000000000007,30.00000000000001,2025-10,Tuesday
ORD_00958,2024-04-27,CUST_0405,Mouse,Accessories,North,6,800,0.15,4080.0,2856.0,1224.0,30.0,2024-04,Saturday
ORD_00959,2025-08-28,CUST_0115,Laptop,Electronics,East,8,60000,0.2,384000.0,268800.0,115200.0,30.0,2025-08,Thursday
ORD_00960,2025-05-18,CUST_0383,Mouse,Electronics,South,9,800,0.1,6480.0,4536.0,1944.0,30.0,2025-05,Sunday
ORD_00961,2025-07-27,CUST_0189,Mouse,Office,East,1,800,0.05,760.0,532.0,228.0,30.0,2025-07,Sunday
ORD_00962,2025-03-16,CUST_0468,Mouse,Accessories,North,3,800,0.2,1920.0,1344.0,576.0,30.0,2025-03,Sunday
ORD_00963,2024-07-12,CUST_0463,Laptop,Accessories,South,7,60000,0.1,378000.0,264600.0,113400.0,30.0,2024-07,Friday
ORD_00964,2025-12-15,CUST_0026,Laptop,Office,East,6,60000,0.2,288000.0,201600.0,86400.0,30.0,2025-12,Monday
ORD_00965,2025-01-26,CUST_0054,Mouse,Office,North,7,800,0.0,5600.0,3919.9999999999995,1680.0000000000005,30.00000000000001,2025-01,Sunday
ORD_00966,2024-01-26,CUST_0170,Monitor,Accessories,South,8,20000,0.05,152000.0,106400.0,45600.0,30.0,2024-01,Friday
ORD_00967,2025-03-10,CUST_0395,Keyboard,Office,West,6,2000,0.2,9600.0,6720.0,2880.0,30.0,2025-03,Monday
ORD_00968,2024-06-21,CUST_0421,Mouse,Electronics,West,3,800,0.0,2400.0,1680.0,720.0,30.0,2024-06,Friday
ORD_00969,2024-10-26,CUST_0489,Printer,Accessories,East,2,15000,0.05,28500.0,19950.0,8550.0,30.0,2024-10,Saturday
ORD_00970,2025-10-06,CUST_0381,Mouse,Accessories,West,7,800,0.2,4480.0,3136.0,1344.0,30.0,2025-10,Monday
ORD_00971,2024-11-21,CUST_0011,Laptop,Office,North,1,60000,0.2,48000.0,33600.0,14400.0,30.0,2024-11,Thursday
ORD_00972,2025-02-13,CUST_0027,Keyboard,Electronics,South,3,2000,0.2,4800.0,3360.0,1440.0,30.0,2025-02,Thursday
ORD_00973,2024-04-27,CUST_0350,Printer,Accessories,East,4,15000,0.2,48000.0,33600.0,14400.0,30.0,2024-04,Saturday
ORD_00974,2025-12-24,CUST_0083,Keyboard,Accessories,South,1,2000,0.15,1700.0,1190.0,510.0,30.0,2025-12,Wednesday
ORD_00975,2024-08-12,CUST_0290,Keyboard,Electronics,South,5,2000,0.2,8000.0,5600.0,2400.0,30.0,2024-08,Monday
ORD_00976,2025-06-15,CUST_0038,Printer,Office,South,3,15000,0.15,38250.0,26775.0,11475.0,30.0,2025-06,Sunday
ORD_00977,2024-04-22,CUST_0445,Mouse,Office,North,2,800,0.15,1360.0,951.9999999999999,408.0000000000001,30.00000000000001,2024-04,Monday
ORD_00978,2024-05-19,CUST_0087,Mouse,Office,East,3,800,0.0,2400.0,1680.0,720.0,30.0,2024-05,Sunday
ORD_00979,2025-07-12,CUST_0437,Mouse,Office,West,8,800,0.05,6080.0,4256.0,1824.0,30.0,2025-07,Saturday
ORD_00980,2024-01-01,CUST_0321,Monitor,Electronics,South,6,20000,0.15,102000.0,71400.0,30600.0,30.0,2024-01,Monday
ORD_00981,2024-03-30,CUST_0387,Mouse,Electronics,South,7,800,0.1,5040.0,3528.0,1512.0,30.0,2024-03,Saturday
ORD_00982,2025-10-15,CUST_0451,Printer,Accessories,South,6,15000,0.15,76500.0,53550.0,22950.0,30.0,2025-10,Wednesday
ORD_00983,2024-11-15,CUST_0156,Monitor,Accessories,North,6,20000,0.1,108000.0,75600.0,32400.0,30.0,2024-11,Friday
ORD_00984,2025-07-03,CUST_0398,Mouse,Electronics,West,3,800,0.0,2400.0,1680.0,720.0,30.0,2025-07,Thursday
ORD_00985,2024-05-18,CUST_0308,Monitor,Accessories,South,8,20000,0.1,144000.0,100800.0,43200.0,30.0,2024-05,Saturday
ORD_00986,2025-05-25,CUST_0286,Printer,Electronics,North,7,15000,0.0,105000.0,73500.0,31500.0,30.0,2025-05,Sunday
ORD_00987,2024-09-15,CUST_0186,Mouse,Office,North,7,800,0.0,5600.0,3919.9999999999995,1680.0000000000005,30.00000000000001,2024-09,Sunday
ORD_00988,2025-11-03,CUST_0182,Laptop,Electronics,South,6,60000,0.0,360000.0,251999.99999999997,108000.00000000003,30.00000000000001,2025-11,Monday
ORD_00989,2025-11-20,CUST_0453,Printer,Electronics,South,5,15000,0.1,67500.0,47250.0,20250.0,30.0,2025-11,Thursday
ORD_00990,2024-01-10,CUST_0369,Keyboard,Accessories,North,8,2000,0.1,14400.0,10080.0,4320.0,30.0,2024-01,Wednesday
ORD_00991,2024-09-17,CUST_0143,Keyboard,Electronics,North,5,2000,0.0,10000.0,7000.0,3000.0,30.0,2024-09,Tuesday
ORD_00992,2025-10-11,CUST_0422,Printer,Office,South,9,15000,0.0,135000.0,94500.0,40500.0,30.0,2025-10,Saturday
ORD_00993,2024-06-20,CUST_0206,Keyboard,Office,North,9,2000,0.05,17100.0,11970.0,5130.0,30.0,2024-06,Thursday
ORD_00994,2024-01-13,CUST_0142,Printer,Accessories,North,1,15000,0.0,15000.0,10500.0,4500.0,30.0,2024-01,Saturday
ORD_00995,2024-06-16,CUST_0185,Laptop,Accessories,South,6,60000,0.2,288000.0,201600.0,86400.0,30.0,2024-06,Sunday
ORD_00996,2025-10-03,CUST_0443,Printer,Electronics,South,7,15000,0.05,99750.0,69825.0,29925.0,30.0,2025-10,Friday
ORD_00997,2025-08-18,CUST_0241,Mouse,Accessories,East,3,800,0.05,2280.0,1596.0,684.0,30.0,2025-08,Monday
ORD_00998,2024-11-16,CUST_0008,Mouse,Office,West,7,800,0.05,5320.0,3723.9999999999995,1596.0000000000005,30.00000000000001,2024-11,Saturday
ORD_00999,2024-11-14,CUST_0072,Monitor,Accessories,South,7,20000,0.2,112000.0,78400.0,33600.0,30.0,2024-11,Thursday
ORD_01000,2025-09-04,CUST_0403,Keyboard,Accessories,South,2,2000,0.05,3800.0,2660.0,1140.0,30.0,2025-09,Thursday
ORD_01001,2024-11-24,CUST_0288,Keyboard,Office,South,7,2000,0.05,13300.0,9310.0,3990.0,30.0,2024-11,Sunday
ORD_01002,2025-07-03,CUST_0095,Printer,Electronics,West,1,15000,0.1,13500.0,9450.0,4050.0,30.0,2025-07,Thursday
ORD_01003,2025-02-22,CUST_0157,Keyboard,Electronics,East,5,2000,0.1,9000.0,6300.0,2700.0,30.0,2025-02,Saturday
ORD_01004,2025-08-28,CUST_0041,Mouse,Accessories,North,9,800,0.0,7200.0,5040.0,2160.0,30.0,2025-08,Thursday
ORD_01005,2024-04-04,CUST_0331,Laptop,Office,West,7,60000,0.0,420000.0,294000.0,126000.0,30.0,2024-04,Thursday
ORD_01006,2025-08-03,CUST_0301,Printer,Office,South,7,15000,0.15,89250.0,62474.99999999999,26775.000000000007,30.00000000000001,2025-08,Sunday
ORD_01007,2024-11-13,CUST_0269,Keyboard,Office,South,2,2000,0.2,3200.0,2240.0,960.0,30.0,2024-11,Wednesday
ORD_01008,2024-08-23,CUST_0155,Mouse,Electronics,East,8,800,0.1,5760.0,4031.9999999999995,1728.0000000000005,30.00000000000001,2024-08,Friday
ORD_01009,2024-11-29,CUST_0275,Monitor,Office,East,3,20000,0.0,60000.0,42000.0,18000.0,30.0,2024-11,Friday
ORD_01010,2025-01-10,CUST_0154,Keyboard,Office,East,8,2000,0.2,12800.0,8960.0,3840.0,30.0,2025-01,Friday
ORD_01011,2025-04-03,CUST_0053,Laptop,Electronics,North,3,60000,0.05,171000.0,119699.99999999999,51300.000000000015,30.00000000000001,2025-04,Thursday
ORD_01012,2024-05-16,CUST_0179,Laptop,Office,West,7,60000,0.2,336000.0,235199.99999999997,100800.00000000003,30.00000000000001,2024-05,Thursday
ORD_01013,2025-08-10,CUST_0421,Keyboard,Electronics,West,2,2000,0.1,3600.0,2520.0,1080.0,30.0,2025-08,Sunday
ORD_01014,2025-06-30,CUST_0240,Keyboard,Accessories,East,4,2000,0.15,6800.0,4760.0,2040.0,30.0,2025-06,Monday
ORD_01015,2025-05-27,CUST_0137,Mouse,Accessories,North,6,800,0.1,4320.0,3024.0,1296.0,30.0,2025-05,Tuesday
ORD_01016,2024-10-22,CUST_0255,Keyboard,Accessories,West,9,2000,0.0,18000.0,12600.0,5400.0,30.0,2024-10,Tuesday
ORD_01017,2024-11-15,CUST_0476,Monitor,Accessories,South,5,20000,0.0,100000.0,70000.0,30000.0,30.0,2024-11,Friday
ORD_01018,2025-07-25,CUST_0224,Mouse,Accessories,South,9,800,0.2,5760.0,4031.9999999999995,1728.0000000000005,30.00000000000001,2025-07,Friday
ORD_01019,2024-12-14,CUST_0180,Printer,Electronics,South,5,15000,0.1,67500.0,47250.0,20250.0,30.0,2024-12,Saturday
ORD_01020,2024-08-16,CUST_0182,Monitor,Electronics,West,8,20000,0.0,160000.0,112000.0,48000.0,30.0,2024-08,Friday
ORD_01021,2024-09-26,CUST_0259,Mouse,Electronics,East,1,800,0.05,760.0,532.0,228.0,30.0,2024-09,Thursday
ORD_01022,2024-10-17,CUST_0243,Mouse,Office,South,7,800,0.05,5320.0,3723.9999999999995,1596.0000000000005,30.00000000000001,2024-10,Thursday
ORD_01023,2025-12-25,CUST_0096,Laptop,Accessories,East,4,60000,0.15,204000.0,142800.0,61200.0,30.0,2025-12,Thursday
ORD_01024,2024-06-13,CUST_0197,Mouse,Office,North,5,800,0.2,3200.0,2240.0,960.0,30.0,2024-06,Thursday
ORD_01025,2024-01-05,CUST_0392,Monitor,Office,South,6,20000,0.0,120000.0,84000.0,36000.0,30.0,2024-01,Friday
ORD_01026,2025-01-13,CUST_0014,Keyboard,Office,North,5,2000,0.15,8500.0,5950.0,2550.0,30.0,2025-01,Monday
ORD_01027,2024-03-18,CUST_0120,Monitor,Accessories,East,1,20000,0.05,19000.0,13300.0,5700.0,30.0,2024-03,Monday
ORD_01028,2025-02-13,CUST_0387,Printer,Office,West,9,15000,0.15,114750.0,80325.0,34425.0,30.0,2025-02,Thursday
ORD_01029,2025-07-27,CUST_0408,Mouse,Accessories,East,2,800,0.15,1360.0,951.9999999999999,408.0000000000001,30.00000000000001,2025-07,Sunday
ORD_01030,2024-05-11,CUST_0269,Mouse,Accessories,South,9,800,0.0,7200.0,5040.0,2160.0,30.0,2024-05,Saturday
ORD_01031,2025-08-23,CUST_0171,Mouse,Accessories,South,2,800,0.0,1600.0,1120.0,480.0,30.0,2025-08,Saturday
ORD_01032,2024-02-11,CUST_0413,Mouse,Office,East,9,800,0.0,7200.0,5040.0,2160.0,30.0,2024-02,Sunday
ORD_01033,2024-03-29,CUST_0072,Laptop,Accessories,South,6,60000,0.2,288000.0,201600.0,86400.0,30.0,2024-03,Friday
ORD_01034,2025-02-05,CUST_0179,Laptop,Accessories,South,9,60000,0.15,459000.0,321300.0,137700.0,30.0,2025-02,Wednesday
ORD_01035,2024-10-22,CUST_0170,Keyboard,Electronics,North,6,2000,0.15,10200.0,7140.0,3060.0,30.0,2024-10,Tuesday
ORD_01036,2024-10-21,CUST_0159,Mouse,Office,West,6,800,0.2,3840.0,2688.0,1152.0,30.0,2024-10,Monday
ORD_01037,2025-09-07,CUST_0447,Printer,Electronics,East,2,15000,0.05,28500.0,19950.0,8550.0,30.0,2025-09,Sunday
ORD_01038,2025-06-09,CUST_0154,Keyboard,Electronics,North,8,2000,0.1,14400.0,10080.0,4320.0,30.0,2025-06,Monday
ORD_01039,2025-11-21,CUST_0402,Mouse,Office,South,3,800,0.05,2280.0,1596.0,684.0,30.0,2025-11,Friday
ORD_01040,2025-09-28,CUST_0082,Laptop,Electronics,North,7,60000,0.2,336000.0,235199.99999999997,100800.00000000003,30.00000000000001,2025-09,Sunday
ORD_01041,2025-02-25,CUST_0057,Printer,Accessories,West,5,15000,0.15,63750.0,44625.0,19125.0,30.0,2025-02,Tuesday
ORD_01042,2024-01-23,CUST_0007,Keyboard,Electronics,East,3,2000,0.15,5100.0,3570.0,1530.0,30.0,2024-01,Tuesday
ORD_01043,2025-07-28,CUST_0112,Printer,Electronics,West,1,15000,0.0,15000.0,10500.0,4500.0,30.0,2025-07,Monday
ORD_01044,2024-05-22,CUST_0486,Mouse,Accessories,West,8,800,0.0,6400.0,4480.0,1920.0,30.0,2024-05,Wednesday
ORD_01045,2025-10-26,CUST_0048,Monitor,Electronics,North,3,20000,0.15,51000.0,35700.0,15300.0,30.0,2025-10,Sunday
ORD_01046,2024-05-24,CUST_0080,Printer,Accessories,North,2,15000,0.15,25500.0,17850.0,7650.0,30.0,2024-05,Friday
ORD_01047,2024-08-12,CUST_0375,Printer,Office,West,1,15000,0.0,15000.0,10500.0,4500.0,30.0,2024-08,Monday
ORD_01048,2025-05-17,CUST_0376,Laptop,Electronics,South,4,60000,0.0,240000.0,168000.0,72000.0,30.0,2025-05,Saturday
ORD_01049,2025-09-07,CUST_0316,Mouse,Office,East,8,800,0.05,6080.0,4256.0,1824.0,30.0,2025-09,Sunday
ORD_01050,2024-04-13,CUST_0033,Printer,Electronics,South,3,15000,0.15,38250.0,26775.0,11475.0,30.0,2024-04,Saturday
ORD_01051,2024-02-08,CUST_0115,Mouse,Accessories,South,1,800,0.15,680.0,475.99999999999994,204.00000000000006,30.00000000000001,2024-02,Thursday
ORD_01052,2024-07-16,CUST_0384,Laptop,Electronics,East,4,60000,0.2,192000.0,134400.0,57600.0,30.0,2024-07,Tuesday
ORD_01053,2025-10-07,CUST_0003,Mouse,Office,North,9,800,0.05,6840.0,4788.0,2052.0,30.0,2025-10,Tuesday
ORD_01054,2025-08-01,CUST_0486,Laptop,Accessories,South,1,60000,0.1,54000.0,37800.0,16200.0,30.0,2025-08,Friday
ORD_01055,2025-01-25,CUST_0004,Laptop,Accessories,North,2,60000,0.1,108000.0,75600.0,32400.0,30.0,2025-01,Saturday
ORD_01056,2024-06-27,CUST_0356,Keyboard,Office,East,9,2000,0.1,16200.0,11340.0,4860.0,30.0,2024-06,Thursday
ORD_01057,2025-07-07,CUST_0260,Mouse,Office,South,2,800,0.0,1600.0,1120.0,480.0,30.0,2025-07,Monday
ORD_01058,2025-03-23,CUST_0042,Monitor,Electronics,North,3,20000,0.1,54000.0,37800.0,16200.0,30.0,2025-03,Sunday
ORD_01059,2025-05-14,CUST_0009,Keyboard,Electronics,North,7,2000,0.2,11200.0,7839.999999999999,3360.000000000001,30.00000000000001,2025-05,Wednesday
ORD_01060,2024-01-15,CUST_0488,Laptop,Accessories,South,3,60000,0.0,180000.0,125999.99999999999,54000.000000000015,30.00000000000001,2024-01,Monday
ORD_01061,2025-09-14,CUST_0307,Monitor,Office,East,9,20000,0.0,180000.0,125999.99999999999,54000.000000000015,30.00000000000001,2025-09,Sunday
ORD_01062,2025-10-30,CUST_0145,Printer,Office,West,6,15000,0.1,81000.0,56700.0,24300.0,30.0,2025-10,Thursday
ORD_01063,2024-10-15,CUST_0401,Printer,Electronics,North,3,15000,0.0,45000.0,31499.999999999996,13500.000000000004,30.00000000000001,2024-10,Tuesday
ORD_01064,2025-04-22,CUST_0097,Keyboard,Electronics,East,9,2000,0.05,17100.0,11970.0,5130.0,30.0,2025-04,Tuesday
ORD_01065,2024-08-18,CUST_0276,Monitor,Accessories,South,1,20000,0.05,19000.0,13300.0,5700.0,30.0,2024-08,Sunday
ORD_01066,2025-02-23,CUST_0142,Mouse,Office,North,3,800,0.1,2160.0,1512.0,648.0,30.0,2025-02,Sunday
ORD_01067,2024-06-05,CUST_0278,Monitor,Office,North,1,20000,0.2,16000.0,11200.0,4800.0,30.0,2024-06,Wednesday
ORD_01068,2025-07-03,CUST_0436,Keyboard,Office,North,2,2000,0.0,4000.0,2800.0,1200.0,30.0,2025-07,Thursday
ORD_01069,2025-03-16,CUST_0027,Mouse,Office,East,8,800,0.15,5440.0,3807.9999999999995,1632.0000000000005,30.00000000000001,2025-03,Sunday
ORD_01070,2024-04-06,CUST_0043,Mouse,Electronics,North,7,800,0.1,5040.0,3528.0,1512.0,30.0,2024-04,Saturday
ORD_01071,2025-02-14,CUST_0131,Printer,Electronics,North,2,15000,0.0,30000.0,21000.0,9000.0,30.0,2025-02,Friday
ORD_01072,2024-10-15,CUST_0216,Monitor,Electronics,South,2,20000,0.1,36000.0,25200.0,10800.0,30.0,2024-10,Tuesday
ORD_01073,2024-09-10,CUST_0094,Mouse,Accessories,North,9,800,0.1,6480.0,4536.0,1944.0,30.0,2024-09,Tuesday
ORD_01074,2024-07-14,CUST_0008,Keyboard,Office,East,6,2000,0.2,9600.0,6720.0,2880.0,30.0,2024-07,Sunday
ORD_01075,2025-08-20,CUST_0086,Printer,Electronics,South,5,15000,0.15,63750.0,44625.0,19125.0,30.0,2025-08,Wednesday
ORD_01076,2025-06-05,CUST_0345,Mouse,Office,West,6,800,0.0,4800.0,3360.0,1440.0,30.0,2025-06,Thursday
ORD_01077,2025-05-31,CUST_0138,Monitor,Electronics,South,9,20000,0.1,162000.0,113400.0,48600.0,30.0,2025-05,Saturday
ORD_01078,2025-09-26,CUST_0369,Printer,Accessories,North,7,15000,0.1,94500.0,66150.0,28350.0,30.0,2025-09,Friday
ORD_01079,2024-04-27,CUST_0413,Monitor,Electronics,West,9,20000,0.0,180000.0,125999.99999999999,54000.000000000015,30.00000000000001,2024-04,Saturday
ORD_01080,2024-06-07,CUST_0424,Monitor,Accessories,South,4,20000,0.1,72000.0,50400.0,21600.0,30.0,2024-06,Friday
ORD_01081,2024-08-15,CUST_0246,Monitor,Office,North,2,20000,0.1,36000.0,25200.0,10800.0,30.0,2024-08,Thursday
ORD_01082,2024-08-03,CUST_0449,Printer,Electronics,South,8,15000,0.1,108000.0,75600.0,32400.0,30.0,2024-08,Saturday
ORD_01083,2025-11-26,CUST_0500,Mouse,Electronics,East,4,800,0.05,3040.0,2128.0,912.0,30.0,2025-11,Wednesday
ORD_01084,2024-01-15,CUST_0021,Laptop,Electronics,North,9,60000,0.05,513000.0,359100.0,153900.0,30.0,2024-01,Monday
ORD_01085,2024-06-05,CUST_0487,Mouse,Office,East,4,800,0.15,2720.0,1903.9999999999998,816.0000000000002,30.00000000000001,2024-06,Wednesday
ORD_01086,2025-10-09,CUST_0408,Printer,Accessories,North,8,15000,0.2,96000.0,67200.0,28800.0,30.0,2025-10,Thursday
ORD_01087,2024-09-17,CUST_0457,Laptop,Accessories,East,9,60000,0.0,540000.0,378000.0,162000.0,30.0,2024-09,Tuesday
ORD_01088,2024-06-05,CUST_0444,Laptop,Electronics,West,9,60000,0.2,432000.0,302400.0,129600.0,30.0,2024-06,Wednesday
ORD_01089,2024-02-16,CUST_0492,Laptop,Office,East,4,60000,0.2,192000.0,134400.0,57600.0,30.0,2024-02,Friday
ORD_01090,2024-11-19,CUST_0410,Keyboard,Accessories,South,1,2000,0.05,1900.0,1330.0,570.0,30.0,2024-11,Tuesday
ORD_01091,2025-11-15,CUST_0265,Printer,Accessories,North,3,15000,0.15,38250.0,26775.0,11475.0,30.0,2025-11,Saturday
ORD_01092,2024-05-09,CUST_0148,Keyboard,Accessories,South,9,2000,0.2,14400.0,10080.0,4320.0,30.0,2024-05,Thursday
ORD_01093,2025-02-14,CUST_0184,Laptop,Accessories,East,4,60000,0.2,192000.0,134400.0,57600.0,30.0,2025-02,Friday
ORD_01094,2024-04-04,CUST_0227,Keyboard,Accessories,North,5,2000,0.1,9000.0,6300.0,2700.0,30.0,2024-04,Thursday
ORD_01095,2025-09-18,CUST_0292,Keyboard,Electronics,East,7,2000,0.0,14000.0,9800.0,4200.0,30.0,2025-09,Thursday
ORD_01096,2024-10-18,CUST_0490,Printer,Electronics,West,5,15000,0.15,63750.0,44625.0,19125.0,30.0,2024-10,Friday
ORD_01097,2024-10-09,CUST_0036,Monitor,Electronics,West,4,20000,0.0,80000.0,56000.0,24000.0,30.0,2024-10,Wednesday
ORD_01098,2024-03-09,CUST_0246,Keyboard,Accessories,West,2,2000,0.05,3800.0,2660.0,1140.0,30.0,2024-03,Saturday
ORD_01099,2025-10-21,CUST_0073,Keyboard,Accessories,East,2,2000,0.2,3200.0,2240.0,960.0,30.0,2025-10,Tuesday
ORD_01100,2024-01-11,CUST_0150,Laptop,Accessories,East,4,60000,0.2,192000.0,134400.0,57600.0,30.0,2024-01,Thursday
ORD_01101,2024-09-10,CUST_0001,Laptop,Electronics,West,9,60000,0.0,540000.0,378000.0,162000.0,30.0,2024-09,Tuesday
ORD_01102,2025-07-03,CUST_0069,Laptop,Accessories,East,8,60000,0.05,456000.0,319200.0,136800.0,30.0,2025-07,Thursday
ORD_01103,2024-05-13,CUST_0457,Mouse,Electronics,South,3,800,0.1,2160.0,1512.0,648.0,30.0,2024-05,Monday
ORD_01104,2025-12-12,CUST_0293,Keyboard,Accessories,East,9,2000,0.1,16200.0,11340.0,4860.0,30.0,2025-12,Friday
ORD_01105,2024-01-23,CUST_0230,Laptop,Electronics,South,5,60000,0.2,240000.0,168000.0,72000.0,30.0,2024-01,Tuesday
ORD_01106,2024-12-11,CUST_0211,Printer,Office,West,3,15000,0.2,36000.0,25200.0,10800.0,30.0,2024-12,Wednesday
ORD_01107,2024-10-28,CUST_0072,Mouse,Accessories,East,5,800,0.15,3400.0,2380.0,1020.0,30.0,2024-10,Monday
ORD_01108,2024-12-28,CUST_0490,Monitor,Accessories,West,4,20000,0.0,80000.0,56000.0,24000.0,30.0,2024-12,Saturday
ORD_01109,2025-01-30,CUST_0363,Keyboard,Electronics,North,8,2000,0.2,12800.0,8960.0,3840.0,30.0,2025-01,Thursday
ORD_01110,2024-08-05,CUST_0096,Keyboard,Accessories,East,5,2000,0.05,9500.0,6650.0,2850.0,30.0,2024-08,Monday
ORD_01111,2024-05-20,CUST_0397,Printer,Electronics,East,8,15000,0.0,120000.0,84000.0,36000.0,30.0,2024-05,Monday
ORD_01112,2025-09-07,CUST_0084,Monitor,Electronics,West,9,20000,0.15,153000.0,107100.0,45900.0,30.0,2025-09,Sunday
ORD_01113,2024-07-28,CUST_0228,Monitor,Office,West,4,20000,0.1,72000.0,50400.0,21600.0,30.0,2024-07,Sunday
ORD_01114,2025-09-14,CUST_0299,Mouse,Office,West,7,800,0.15,4760.0,3332.0,1428.0,30.0,2025-09,Sunday
ORD_01115,2025-09-07,CUST_0236,Keyboard,Accessories,North,2,2000,0.0,4000.0,2800.0,1200.0,30.0,2025-09,Sunday
ORD_01116,2025-11-13,CUST_0293,Laptop,Accessories,North,6,60000,0.1,324000.0,226800.0,97200.0,30.0,2025-11,Thursday
ORD_01117,2025-04-04,CUST_0222,Printer,Electronics,West,8,15000,0.05,114000.0,79800.0,34200.0,30.0,2025-04,Friday
ORD_01118,2024-12-21,CUST_0458,Printer,Electronics,East,7,15000,0.1,94500.0,66150.0,28350.0,30.0,2024-12,Saturday
ORD_01119,2024-11-19,CUST_0223,Printer,Electronics,East,7,15000,0.1,94500.0,66150.0,28350.0,30.0,2024-11,Tuesday
ORD_01120,2024-05-12,CUST_0281,Printer,Electronics,West,8,15000,0.05,114000.0,79800.0,34200.0,30.0,2024-05,Sunday
ORD_01121,2024-05-06,CUST_0221,Laptop,Accessories,South,7,60000,0.2,336000.0,235199.99999999997,100800.00000000003,30.00000000000001,2024-05,Monday
ORD_01122,2024-04-15,CUST_0216,Laptop,Office,North,5,60000,0.2,240000.0,168000.0,72000.0,30.0,2024-04,Monday
ORD_01123,2025-08-26,CUST_0231,Mouse,Accessories,North,7,800,0.1,5040.0,3528.0,1512.0,30.0,2025-08,Tuesday
ORD_01124,2025-01-12,CUST_0405,Keyboard,Accessories,South,3,2000,0.1,5400.0,3779.9999999999995,1620.0000000000005,30.00000000000001,2025-01,Sunday
ORD_01125,2024-02-20,CUST_0169,Laptop,Accessories,West,5,60000,0.15,255000.0,178500.0,76500.0,30.0,2024-02,Tuesday
ORD_01126,2024-01-29,CUST_0329,Mouse,Office,East,7,800,0.2,4480.0,3136.0,1344.0,30.0,2024-01,Monday
ORD_01127,2025-04-06,CUST_0426,Monitor,Accessories,East,9,20000,0.05,171000.0,119699.99999999999,51300.000000000015,30.00000000000001,2025-04,Sunday
ORD_01128,2024-10-22,CUST_0042,Keyboard,Office,North,2,2000,0.1,3600.0,2520.0,1080.0,30.0,2024-10,Tuesday
ORD_01129,2024-10-23,CUST_0258,Laptop,Electronics,South,4,60000,0.1,216000.0,151200.0,64800.0,30.0,2024-10,Wednesday
ORD_01130,2025-12-26,CUST_0196,Monitor,Accessories,East,7,20000,0.15,119000.0,83300.0,35700.0,30.0,2025-12,Friday
ORD_01131,2025-02-10,CUST_0392,Mouse,Electronics,North,1,800,0.15,680.0,475.99999999999994,204.00000000000006,30.00000000000001,2025-02,Monday
ORD_01132,2025-09-04,CUST_0096,Laptop,Electronics,East,2,60000,0.15,102000.0,71400.0,30600.0,30.0,2025-09,Thursday
ORD_01133,2025-02-08,CUST_0317,Laptop,Electronics,East,9,60000,0.0,540000.0,378000.0,162000.0,30.0,2025-02,Saturday
ORD_01134,2024-12-11,CUST_0014,Monitor,Accessories,East,7,20000,0.05,133000.0,93100.0,39900.0,30.0,2024-12,Wednesday
ORD_01135,2025-09-13,CUST_0113,Laptop,Electronics,North,7,60000,0.0,420000.0,294000.0,126000.0,30.0,2025-09,Saturday
ORD_01136,2025-02-23,CUST_0077,Printer,Accessories,South,6,15000,0.1,81000.0,56700.0,24300.0,30.0,2025-02,Sunday
ORD_01137,2024-06-30,CUST_0277,Laptop,Electronics,West,3,60000,0.15,153000.0,107100.0,45900.0,30.0,2024-06,Sunday
ORD_01138,2024-01-01,CUST_0408,Keyboard,Accessories,South,3,2000,0.15,5100.0,3570.0,1530.0,30.0,2024-01,Monday
ORD_01139,2025-07-20,CUST_0434,Monitor,Accessories,East,2,20000,0.15,34000.0,23800.0,10200.0,30.0,2025-07,Sunday
ORD_01140,2025-01-05,CUST_0466,Keyboard,Accessories,South,6,2000,0.2,9600.0,6720.0,2880.0,30.0,2025-01,Sunday
ORD_01141,2025-10-22,CUST_0429,Mouse,Electronics,East,4,800,0.05,3040.0,2128.0,912.0,30.0,2025-10,Wednesday
ORD_01142,2025-03-06,CUST_0448,Keyboard,Accessories,North,5,2000,0.0,10000.0,7000.0,3000.0,30.0,2025-03,Thursday
ORD_01143,2024-11-04,CUST_0320,Printer,Electronics,North,3,15000,0.05,42750.0,29924.999999999996,12825.000000000004,30.00000000000001,2024-11,Monday
ORD_01144,2024-05-16,CUST_0488,Printer,Office,North,6,15000,0.15,76500.0,53550.0,22950.0,30.0,2024-05,Thursday
ORD_01145,2024-07-20,CUST_0410,Keyboard,Electronics,East,3,2000,0.1,5400.0,3779.9999999999995,1620.0000000000005,30.00000000000001,2024-07,Saturday
ORD_01146,2025-03-11,CUST_0160,Mouse,Electronics,South,8,800,0.2,5120.0,3584.0,1536.0,30.0,2025-03,Tuesday
ORD_01147,2024-11-08,CUST_0492,Laptop,Accessories,West,9,60000,0.05,513000.0,359100.0,153900.0,30.0,2024-11,Friday
ORD_01148,2024-04-26,CUST_0313,Printer,Electronics,West,4,15000,0.1,54000.0,37800.0,16200.0,30.0,2024-04,Friday
ORD_01149,2025-10-27,CUST_0119,Keyboard,Office,North,9,2000,0.15,15300.0,10710.0,4590.0,30.0,2025-10,Monday
ORD_01150,2025-07-28,CUST_0437,Keyboard,Accessories,West,7,2000,0.15,11900.0,8330.0,3570.0,30.0,2025-07,Monday
ORD_01151,2024-08-31,CUST_0161,Keyboard,Electronics,East,3,2000,0.15,5100.0,3570.0,1530.0,30.0,2024-08,Saturday
ORD_01152,2025-06-20,CUST_0308,Laptop,Electronics,South,7,60000,0.15,357000.0,249899.99999999997,107100.00000000003,30.00000000000001,2025-06,Friday
ORD_01153,2025-08-24,CUST_0351,Monitor,Accessories,West,1,20000,0.2,16000.0,11200.0,4800.0,30.0,2025-08,Sunday
ORD_01154,2024-03-15,CUST_0146,Mouse,Accessories,West,3,800,0.2,1920.0,1344.0,576.0,30.0,2024-03,Friday
ORD_01155,2025-01-20,CUST_0163,Monitor,Electronics,South,6,20000,0.05,114000.0,79800.0,34200.0,30.0,2025-01,Monday
ORD_01156,2024-07-28,CUST_0396,Mouse,Electronics,West,4,800,0.15,2720.0,1903.9999999999998,816.0000000000002,30.00000000000001,2024-07,Sunday
ORD_01157,2025-04-19,CUST_0179,Mouse,Accessories,South,7,800,0.2,4480.0,3136.0,1344.0,30.0,2025-04,Saturday
ORD_01158,2025-02-21,CUST_0089,Keyboard,Accessories,East,3,2000,0.1,5400.0,3779.9999999999995,1620.0000000000005,30.00000000000001,2025-02,Friday
ORD_01159,2024-12-12,CUST_0493,Printer,Office,East,1,15000,0.2,12000.0,8400.0,3600.0,30.0,2024-12,Thursday
ORD_01160,2025-06-12,CUST_0223,Keyboard,Office,East,9,2000,0.2,14400.0,10080.0,4320.0,30.0,2025-06,Thursday
ORD_01161,2025-10-01,CUST_0266,Laptop,Office,North,6,60000,0.05,342000.0,239399.99999999997,102600.00000000003,30.00000000000001,2025-10,Wednesday
ORD_01162,2024-06-27,CUST_0239,Mouse,Accessories,East,8,800,0.2,5120.0,3584.0,1536.0,30.0,2024-06,Thursday
ORD_01163,2024-06-30,CUST_0308,Printer,Accessories,West,3,15000,0.1,40500.0,28350.0,12150.0,30.0,2024-06,Sunday
ORD_01164,2025-10-25,CUST_0034,Mouse,Accessories,North,8,800,0.15,5440.0,3807.9999999999995,1632.0000000000005,30.00000000000001,2025-10,Saturday
ORD_01165,2024-01-25,CUST_0371,Mouse,Electronics,North,2,800,0.0,1600.0,1120.0,480.0,30.0,2024-01,Thursday
ORD_01166,2024-06-28,CUST_0451,Keyboard,Accessories,North,4,2000,0.05,7600.0,5320.0,2280.0,30.0,2024-06,Friday
ORD_01167,2025-12-10,CUST_0494,Printer,Electronics,East,3,15000,0.1,40500.0,28350.0,12150.0,30.0,2025-12,Wednesday
ORD_01168,2025-05-15,CUST_0167,Printer,Accessories,North,1,15000,0.05,14250.0,9975.0,4275.0,30.0,2025-05,Thursday
ORD_01169,2024-06-09,CUST_0392,Mouse,Accessories,East,7,800,0.15,4760.0,3332.0,1428.0,30.0,2024-06,Sunday
ORD_01170,2024-06-25,CUST_0125,Printer,Electronics,East,2,15000,0.2,24000.0,16800.0,7200.0,30.0,2024-06,Tuesday
ORD_01171,2024-10-11,CUST_0224,Printer,Accessories,North,4,15000,0.2,48000.0,33600.0,14400.0,30.0,2024-10,Friday
ORD_01172,2024-03-03,CUST_0491,Keyboard,Accessories,North,9,2000,0.1,16200.0,11340.0,4860.0,30.0,2024-03,Sunday
ORD_01173,2025-10-23,CUST_0413,Monitor,Accessories,West,6,20000,0.15,102000.0,71400.0,30600.0,30.0,2025-10,Thursday
ORD_01174,2025-10-27,CUST_0150,Laptop,Office,North,8,60000,0.0,480000.0,336000.0,144000.0,30.0,2025-10,Monday
ORD_01175,2024-06-04,CUST_0468,Monitor,Accessories,East,2,20000,0.0,40000.0,28000.0,12000.0,30.0,2024-06,Tuesday
ORD_01176,2025-04-13,CUST_0454,Printer,Electronics,West,7,15000,0.2,84000.0,58799.99999999999,25200.000000000007,30.00000000000001,2025-04,Sunday
ORD_01177,2024-02-18,CUST_0189,Mouse,Electronics,West,6,800,0.15,4080.0,2856.0,1224.0,30.0,2024-02,Sunday
ORD_01178,2024-03-24,CUST_0043,Laptop,Electronics,East,9,60000,0.15,459000.0,321300.0,137700.0,30.0,2024-03,Sunday
ORD_01179,2024-12-26,CUST_0433,Laptop,Accessories,North,7,60000,0.1,378000.0,264600.0,113400.0,30.0,2024-12,Thursday
ORD_01180,2025-11-19,CUST_0029,Mouse,Electronics,North,1,800,0.0,800.0,560.0,240.0,30.0,2025-11,Wednesday
ORD_01181,2024-05-27,CUST_0362,Laptop,Office,South,8,60000,0.1,432000.0,302400.0,129600.0,30.0,2024-05,Monday
ORD_01182,2025-09-21,CUST_0120,Mouse,Electronics,North,3,800,0.05,2280.0,1596.0,684.0,30.0,2025-09,Sunday
ORD_01183,2024-12-07,CUST_0337,Laptop,Accessories,South,2,60000,0.15,102000.0,71400.0,30600.0,30.0,2024-12,Saturday
ORD_01184,2025-04-20,CUST_0031,Monitor,Office,West,3,20000,0.0,60000.0,42000.0,18000.0,30.0,2025-04,Sunday
ORD_01185,2024-03-03,CUST_0181,Laptop,Electronics,West,6,60000,0.1,324000.0,226800.0,97200.0,30.0,2024-03,Sunday
ORD_01186,2025-12-01,CUST_0162,Keyboard,Office,West,3,2000,0.2,4800.0,3360.0,1440.0,30.0,2025-12,Monday
ORD_01187,2024-12-25,CUST_0128,Mouse,Electronics,South,5,800,0.05,3800.0,2660.0,1140.0,30.0,2024-12,Wednesday
ORD_01188,2025-07-14,CUST_0255,Laptop,Accessories,East,6,60000,0.1,324000.0,226800.0,97200.0,30.0,2025-07,Monday
ORD_01189,2024-11-22,CUST_0294,Mouse,Office,East,8,800,0.2,5120.0,3584.0,1536.0,30.0,2024-11,Friday
ORD_01190,2024-05-20,CUST_0441,Keyboard,Electronics,West,7,2000,0.0,14000.0,9800.0,4200.0,30.0,2024-05,Monday
ORD_01191,2024-08-02,CUST_0357,Laptop,Electronics,South,8,60000,0.0,480000.0,336000.0,144000.0,30.0,2024-08,Friday
ORD_01192,2025-03-10,CUST_0388,Laptop,Office,South,3,60000,0.05,171000.0,119699.99999999999,51300.000000000015,30.00000000000001,2025-03,Monday
ORD_01193,2025-12-23,CUST_0254,Keyboard,Office,West,4,2000,0.2,6400.0,4480.0,1920.0,30.0,2025-12,Tuesday
ORD_01194,2024-11-13,CUST_0130,Keyboard,Office,North,6,2000,0.15,10200.0,7140.0,3060.0,30.0,2024-11,Wednesday
ORD_01195,2024-02-01,CUST_0012,Keyboard,Office,West,7,2000,0.0,14000.0,9800.0,4200.0,30.0,2024-02,Thursday
ORD_01196,2025-10-31,CUST_0035,Mouse,Electronics,South,9,800,0.15,6120.0,4284.0,1836.0,30.0,2025-10,Friday
ORD_01197,2024-10-11,CUST_0198,Keyboard,Electronics,North,1,2000,0.15,1700.0,1190.0,510.0,30.0,2024-10,Friday
ORD_01198,2024-10-31,CUST_0248,Mouse,Electronics,East,8,800,0.1,5760.0,4031.9999999999995,1728.0000000000005,30.00000000000001,2024-10,Thursday
ORD_01199,2025-03-04,CUST_0110,Monitor,Accessories,North,8,20000,0.1,144000.0,100800.0,43200.0,30.0,2025-03,Tuesday
ORD_01200,2025-04-21,CUST_0328,Laptop,Office,East,6,60000,0.0,360000.0,251999.99999999997,108000.00000000003,30.00000000000001,2025-04,Monday
ORD_01201,2024-10-12,CUST_0405,Laptop,Electronics,South,4,60000,0.15,204000.0,142800.0,61200.0,30.0,2024-10,Saturday
ORD_01202,2024-05-23,CUST_0245,Printer,Office,West,3,15000,0.1,40500.0,28350.0,12150.0,30.0,2024-05,Thursday
ORD_01203,2025-02-27,CUST_0250,Monitor,Office,West,3,20000,0.2,48000.0,33600.0,14400.0,30.0,2025-02,Thursday
ORD_01204,2024-01-19,CUST_0366,Keyboard,Electronics,West,6,2000,0.2,9600.0,6720.0,2880.0,30.0,2024-01,Friday
ORD_01205,2024-01-18,CUST_0317,Keyboard,Office,West,8,2000,0.2,12800.0,8960.0,3840.0,30.0,2024-01,Thursday
ORD_01206,2025-08-12,CUST_0163,Monitor,Office,West,7,20000,0.2,112000.0,78400.0,33600.0,30.0,2025-08,Tuesday
ORD_01207,2025-01-05,CUST_0048,Keyboard,Office,South,1,2000,0.15,1700.0,1190.0,510.0,30.0,2025-01,Sunday
ORD_01208,2024-06-23,CUST_0399,Printer,Office,South,6,15000,0.2,72000.0,50400.0,21600.0,30.0,2024-06,Sunday
ORD_01209,2024-07-12,CUST_0071,Mouse,Office,West,7,800,0.15,4760.0,3332.0,1428.0,30.0,2024-07,Friday
ORD_01210,2025-05-16,CUST_0399,Laptop,Electronics,North,7,60000,0.0,420000.0,294000.0,126000.0,30.0,2025-05,Friday
ORD_01211,2024-04-22,CUST_0493,Monitor,Electronics,West,9,20000,0.0,180000.0,125999.99999999999,54000.000000000015,30.00000000000001,2024-04,Monday
ORD_01212,2024-04-23,CUST_0134,Laptop,Office,East,5,60000,0.2,240000.0,168000.0,72000.0,30.0,2024-04,Tuesday
ORD_01213,2024-08-09,CUST_0239,Mouse,Office,East,1,800,0.2,640.0,448.0,192.0,30.0,2024-08,Friday
ORD_01214,2025-11-08,CUST_0465,Monitor,Office,East,2,20000,0.2,32000.0,22400.0,9600.0,30.0,2025-11,Saturday
ORD_01215,2025-10-05,CUST_0068,Mouse,Accessories,East,4,800,0.0,3200.0,2240.0,960.0,30.0,2025-10,Sunday
ORD_01216,2024-09-20,CUST_0278,Keyboard,Office,West,5,2000,0.1,9000.0,6300.0,2700.0,30.0,2024-09,Friday
ORD_01217,2024-02-24,CUST_0032,Keyboard,Accessories,East,9,2000,0.0,18000.0,12600.0,5400.0,30.0,2024-02,Saturday
ORD_01218,2025-10-04,CUST_0123,Keyboard,Accessories,North,1,2000,0.2,1600.0,1120.0,480.0,30.0,2025-10,Saturday
ORD_01219,2025-04-02,CUST_0022,Mouse,Accessories,West,3,800,0.1,2160.0,1512.0,648.0,30.0,2025-04,Wednesday
ORD_01220,2024-06-10,CUST_0155,Mouse,Electronics,East,5,800,0.1,3600.0,2520.0,1080.0,30.0,2024-06,Monday
ORD_01221,2025-01-14,CUST_0110,Mouse,Accessories,West,3,800,0.05,2280.0,1596.0,684.0,30.0,2025-01,Tuesday
ORD_01222,2024-03-27,CUST_0271,Laptop,Office,West,4,60000,0.15,204000.0,142800.0,61200.0,30.0,2024-03,Wednesday
ORD_01223,2024-02-24,CUST_0380,Mouse,Office,West,3,800,0.2,1920.0,1344.0,576.0,30.0,2024-02,Saturday
ORD_01224,2025-04-20,CUST_0300,Keyboard,Electronics,South,4,2000,0.15,6800.0,4760.0,2040.0,30.0,2025-04,Sunday
ORD_01225,2024-06-26,CUST_0115,Printer,Electronics,East,1,15000,0.05,14250.0,9975.0,4275.0,30.0,2024-06,Wednesday
ORD_01226,2025-01-25,CUST_0470,Mouse,Office,South,8,800,0.15,5440.0,3807.9999999999995,1632.0000000000005,30.00000000000001,2025-01,Saturday
ORD_01227,2024-12-14,CUST_0220,Printer,Electronics,North,4,15000,0.2,48000.0,33600.0,14400.0,30.0,2024-12,Saturday
ORD_01228,2024-01-08,CUST_0490,Keyboard,Electronics,North,7,2000,0.05,13300.0,9310.0,3990.0,30.0,2024-01,Monday
ORD_01229,2024-11-08,CUST_0230,Mouse,Accessories,South,2,800,0.15,1360.0,951.9999999999999,408.0000000000001,30.00000000000001,2024-11,Friday
ORD_01230,2025-03-18,CUST_0252,Laptop,Accessories,East,2,60000,0.0,120000.0,84000.0,36000.0,30.0,2025-03,Tuesday
ORD_01231,2024-11-23,CUST_0249,Laptop,Electronics,West,6,60000,0.1,324000.0,226800.0,97200.0,30.0,2024-11,Saturday
ORD_01232,2024-02-23,CUST_0009,Printer,Office,North,2,15000,0.05,28500.0,19950.0,8550.0,30.0,2024-02,Friday
ORD_01233,2024-08-26,CUST_0034,Laptop,Accessories,North,6,60000,0.0,360000.0,251999.99999999997,108000.00000000003,30.00000000000001,2024-08,Monday
ORD_01234,2024-08-16,CUST_0228,Laptop,Office,North,2,60000,0.2,96000.0,67200.0,28800.0,30.0,2024-08,Friday
ORD_01235,2025-08-01,CUST_0073,Laptop,Electronics,East,4,60000,0.1,216000.0,151200.0,64800.0,30.0,2025-08,Friday
ORD_01236,2024-02-20,CUST_0399,Keyboard,Office,South,7,2000,0.05,13300.0,9310.0,3990.0,30.0,2024-02,Tuesday
ORD_01237,2025-08-31,CUST_0446,Laptop,Office,South,8,60000,0.1,432000.0,302400.0,129600.0,30.0,2025-08,Sunday
ORD_01238,2025-08-26,CUST_0301,Monitor,Office,East,3,20000,0.05,57000.0,39900.0,17100.0,30.0,2025-08,Tuesday
ORD_01239,2024-09-20,CUST_0212,Mouse,Office,North,9,800,0.05,6840.0,4788.0,2052.0,30.0,2024-09,Friday
ORD_01240,2025-02-21,CUST_0072,Laptop,Electronics,East,2,60000,0.15,102000.0,71400.0,30600.0,30.0,2025-02,Friday
ORD_01241,2024-04-05,CUST_0058,Laptop,Electronics,East,8,60000,0.1,432000.0,302400.0,129600.0,30.0,2024-04,Friday
ORD_01242,2024-03-28,CUST_0220,Laptop,Accessories,South,8,60000,0.1,432000.0,302400.0,129600.0,30.0,2024-03,Thursday
ORD_01243,2024-03-18,CUST_0371,Monitor,Accessories,East,4,20000,0.0,80000.0,56000.0,24000.0,30.0,2024-03,Monday
ORD_01244,2024-10-14,CUST_0275,Laptop,Accessories,East,1,60000,0.2,48000.0,33600.0,14400.0,30.0,2024-10,Monday
ORD_01245,2024-04-29,CUST_0249,Laptop,Accessories,North,1,60000,0.0,60000.0,42000.0,18000.0,30.0,2024-04,Monday
ORD_01246,2025-05-05,CUST_0016,Mouse,Office,West,2,800,0.15,1360.0,951.9999999999999,408.0000000000001,30.00000000000001,2025-05,Monday
ORD_01247,2025-03-27,CUST_0075,Monitor,Accessories,North,9,20000,0.05,171000.0,119699.99999999999,51300.000000000015,30.00000000000001,2025-03,Thursday
ORD_01248,2025-05-14,CUST_0106,Monitor,Accessories,South,2,20000,0.15,34000.0,23800.0,10200.0,30.0,2025-05,Wednesday
ORD_01249,2024-06-13,CUST_0136,Laptop,Office,West,2,60000,0.15,102000.0,71400.0,30600.0,30.0,2024-06,Thursday
ORD_01250,2024-06-30,CUST_0417,Monitor,Electronics,North,6,20000,0.0,120000.0,84000.0,36000.0,30.0,2024-06,Sunday
ORD_01251,2025-04-13,CUST_0074,Printer,Accessories,East,7,15000,0.05,99750.0,69825.0,29925.0,30.0,2025-04,Sunday
ORD_01252,2024-01-07,CUST_0254,Monitor,Electronics,East,7,20000,0.2,112000.0,78400.0,33600.0,30.0,2024-01,Sunday
ORD_01253,2024-11-25,CUST_0018,Monitor,Accessories,West,9,20000,0.15,153000.0,107100.0,45900.0,30.0,2024-11,Monday
ORD_01254,2025-11-03,CUST_0419,Monitor,Electronics,West,6,20000,0.2,96000.0,67200.0,28800.0,30.0,2025-11,Monday
ORD_01255,2024-05-30,CUST_0043,Keyboard,Accessories,East,8,2000,0.05,15200.0,10640.0,4560.0,30.0,2024-05,Thursday
ORD_01256,2024-03-25,CUST_0050,Keyboard,Electronics,South,6,2000,0.05,11400.0,7979.999999999999,3420.000000000001,30.00000000000001,2024-03,Monday
ORD_01257,2024-05-26,CUST_0003,Keyboard,Electronics,North,2,2000,0.0,4000.0,2800.0,1200.0,30.0,2024-05,Sunday
ORD_01258,2025-09-15,CUST_0232,Monitor,Accessories,East,1,20000,0.1,18000.0,12600.0,5400.0,30.0,2025-09,Monday
ORD_01259,2025-01-15,CUST_0219,Printer,Electronics,North,5,15000,0.0,75000.0,52500.0,22500.0,30.0,2025-01,Wednesday
ORD_01260,2025-07-01,CUST_0059,Monitor,Accessories,North,9,20000,0.2,144000.0,100800.0,43200.0,30.0,2025-07,Tuesday
ORD_01261,2024-10-11,CUST_0284,Laptop,Accessories,North,8,60000,0.0,480000.0,336000.0,144000.0,30.0,2024-10,Friday
ORD_01262,2025-11-30,CUST_0302,Printer,Office,North,4,15000,0.05,57000.0,39900.0,17100.0,30.0,2025-11,Sunday
ORD_01263,2024-03-22,CUST_0064,Keyboard,Accessories,South,5,2000,0.15,8500.0,5950.0,2550.0,30.0,2024-03,Friday
ORD_01264,2025-05-28,CUST_0070,Mouse,Accessories,South,5,800,0.1,3600.0,2520.0,1080.0,30.0,2025-05,Wednesday
ORD_01265,2025-12-09,CUST_0303,Printer,Accessories,South,6,15000,0.05,85500.0,59849.99999999999,25650.000000000007,30.00000000000001,2025-12,Tuesday
ORD_01266,2025-06-06,CUST_0142,Keyboard,Accessories,East,3,2000,0.15,5100.0,3570.0,1530.0,30.0,2025-06,Friday
ORD_01267,2025-01-20,CUST_0391,Printer,Office,East,5,15000,0.2,60000.0,42000.0,18000.0,30.0,2025-01,Monday
ORD_01268,2025-12-07,CUST_0202,Printer,Office,East,2,15000,0.2,24000.0,16800.0,7200.0,30.0,2025-12,Sunday
ORD_01269,2025-04-15,CUST_0207,Monitor,Office,South,1,20000,0.2,16000.0,11200.0,4800.0,30.0,2025-04,Tuesday
ORD_01270,2024-04-28,CUST_0415,Laptop,Office,North,1,60000,0.0,60000.0,42000.0,18000.0,30.0,2024-04,Sunday
ORD_01271,2025-01-30,CUST_0221,Mouse,Electronics,South,7,800,0.2,4480.0,3136.0,1344.0,30.0,2025-01,Thursday
ORD_01272,2025-06-15,CUST_0362,Keyboard,Accessories,East,2,2000,0.2,3200.0,2240.0,960.0,30.0,2025-06,Sunday
ORD_01273,2024-09-17,CUST_0246,Printer,Office,West,4,15000,0.0,60000.0,42000.0,18000.0,30.0,2024-09,Tuesday
ORD_01274,2024-09-12,CUST_0081,Mouse,Accessories,East,5,800,0.15,3400.0,2380.0,1020.0,30.0,2024-09,Thursday
ORD_01275,2024-08-13,CUST_0251,Printer,Office,North,7,15000,0.05,99750.0,69825.0,29925.0,30.0,2024-08,Tuesday
ORD_01276,2024-02-22,CUST_0051,Laptop,Accessories,South,2,60000,0.1,108000.0,75600.0,32400.0,30.0,2024-02,Thursday
ORD_01277,2025-05-14,CUST_0285,Mouse,Electronics,West,6,800,0.2,3840.0,2688.0,1152.0,30.0,2025-05,Wednesday
ORD_01278,2025-05-20,CUST_0369,Keyboard,Office,West,1,2000,0.2,1600.0,1120.0,480.0,30.0,2025-05,Tuesday
ORD_01279,2024-12-29,CUST_0492,Printer,Electronics,North,7,15000,0.2,84000.0,58799.99999999999,25200.000000000007,30.00000000000001,2024-12,Sunday
ORD_01280,2024-10-06,CUST_0399,Laptop,Electronics,South,9,60000,0.0,540000.0,378000.0,162000.0,30.0,2024-10,Sunday
ORD_01281,2025-08-15,CUST_0384,Mouse,Accessories,West,5,800,0.0,4000.0,2800.0,1200.0,30.0,2025-08,Friday
ORD_01282,2025-12-14,CUST_0346,Printer,Office,East,5,15000,0.0,75000.0,52500.0,22500.0,30.0,2025-12,Sunday
ORD_01283,2024-06-06,CUST_0204,Printer,Electronics,North,4,15000,0.1,54000.0,37800.0,16200.0,30.0,2024-06,Thursday
ORD_01284,2025-09-23,CUST_0025,Keyboard,Accessories,West,3,2000,0.05,5700.0,3989.9999999999995,1710.0000000000005,30.00000000000001,2025-09,Tuesday
ORD_01285,2024-02-28,CUST_0445,Laptop,Accessories,North,9,60000,0.2,432000.0,302400.0,129600.0,30.0,2024-02,Wednesday
ORD_01286,2025-12-27,CUST_0041,Monitor,Accessories,South,5,20000,0.15,85000.0,59499.99999999999,25500.000000000007,30.00000000000001,2025-12,Saturday
ORD_01287,2024-05-07,CUST_0069,Printer,Electronics,South,8,15000,0.2,96000.0,67200.0,28800.0,30.0,2024-05,Tuesday
ORD_01288,2025-12-21,CUST_0004,Mouse,Accessories,South,9,800,0.2,5760.0,4031.9999999999995,1728.0000000000005,30.00000000000001,2025-12,Sunday
ORD_01289,2024-04-24,CUST_0492,Keyboard,Accessories,East,5,2000,0.2,8000.0,5600.0,2400.0,30.0,2024-04,Wednesday
ORD_01290,2024-07-27,CUST_0240,Keyboard,Accessories,West,9,2000,0.2,14400.0,10080.0,4320.0,30.0,2024-07,Saturday
ORD_01291,2025-06-09,CUST_0361,Printer,Electronics,South,2,15000,0.05,28500.0,19950.0,8550.0,30.0,2025-06,Monday
ORD_01292,2025-06-04,CUST_0441,Printer,Accessories,East,9,15000,0.15,114750.0,80325.0,34425.0,30.0,2025-06,Wednesday
ORD_01293,2025-07-05,CUST_0031,Printer,Electronics,South,4,15000,0.0,60000.0,42000.0,18000.0,30.0,2025-07,Saturday
ORD_01294,2024-08-24,CUST_0387,Monitor,Accessories,South,6,20000,0.15,102000.0,71400.0,30600.0,30.0,2024-08,Saturday
ORD_01295,2024-10-07,CUST_0117,Printer,Electronics,West,6,15000,0.2,72000.0,50400.0,21600.0,30.0,2024-10,Monday
ORD_01296,2024-12-24,CUST_0195,Laptop,Electronics,East,6,60000,0.15,306000.0,214200.0,91800.0,30.0,2024-12,Tuesday
ORD_01297,2024-07-19,CUST_0090,Mouse,Office,South,2,800,0.2,1280.0,896.0,384.0,30.0,2024-07,Friday
ORD_01298,2024-10-04,CUST_0178,Printer,Office,East,7,15000,0.15,89250.0,62474.99999999999,26775.000000000007,30.00000000000001,2024-10,Friday
ORD_01299,2024-08-22,CUST_0145,Monitor,Office,East,6,20000,0.1,108000.0,75600.0,32400.0,30.0,2024-08,Thursday
ORD_01300,2025-05-08,CUST_0444,Mouse,Electronics,South,1,800,0.15,680.0,475.99999999999994,204.00000000000006,30.00000000000001,2025-05,Thursday
ORD_01301,2024-01-04,CUST_0202,Keyboard,Accessories,South,2,2000,0.0,4000.0,2800.0,1200.0,30.0,2024-01,Thursday
ORD_01302,2025-10-27,CUST_0322,Printer,Accessories,North,7,15000,0.0,105000.0,73500.0,31500.0,30.0,2025-10,Monday
ORD_01303,2025-03-17,CUST_0344,Mouse,Electronics,West,1,800,0.15,680.0,475.99999999999994,204.00000000000006,30.00000000000001,2025-03,Monday
ORD_01304,2024-01-29,CUST_0203,Keyboard,Accessories,South,1,2000,0.15,1700.0,1190.0,510.0,30.0,2024-01,Monday
ORD_01305,2024-04-18,CUST_0024,Monitor,Electronics,North,1,20000,0.05,19000.0,13300.0,5700.0,30.0,2024-04,Thursday
ORD_01306,2025-09-01,CUST_0355,Laptop,Accessories,West,8,60000,0.15,408000.0,285600.0,122400.0,30.0,2025-09,Monday
ORD_01307,2025-12-27,CUST_0471,Printer,Electronics,South,4,15000,0.0,60000.0,42000.0,18000.0,30.0,2025-12,Saturday
ORD_01308,2024-03-15,CUST_0416,Laptop,Office,East,4,60000,0.1,216000.0,151200.0,64800.0,30.0,2024-03,Friday
ORD_01309,2024-05-25,CUST_0471,Monitor,Office,West,2,20000,0.0,40000.0,28000.0,12000.0,30.0,2024-05,Saturday
ORD_01310,2024-05-07,CUST_0482,Mouse,Accessories,East,1,800,0.05,760.0,532.0,228.0,30.0,2024-05,Tuesday
ORD_01311,2024-02-11,CUST_0105,Mouse,Accessories,North,9,800,0.15,6120.0,4284.0,1836.0,30.0,2024-02,Sunday
ORD_01312,2024-12-21,CUST_0275,Monitor,Accessories,South,7,20000,0.1,126000.0,88200.0,37800.0,30.0,2024-12,Saturday
ORD_01313,2024-02-10,CUST_0322,Monitor,Accessories,North,4,20000,0.0,80000.0,56000.0,24000.0,30.0,2024-02,Saturday
ORD_01314,2024-02-03,CUST_0060,Printer,Office,South,6,15000,0.1,81000.0,56700.0,24300.0,30.0,2024-02,Saturday
ORD_01315,2024-01-17,CUST_0371,Keyboard,Office,South,2,2000,0.2,3200.0,2240.0,960.0,30.0,2024-01,Wednesday
ORD_01316,2025-11-07,CUST_0450,Laptop,Electronics,East,7,60000,0.0,420000.0,294000.0,126000.0,30.0,2025-11,Friday
ORD_01317,2024-06-01,CUST_0015,Laptop,Accessories,North,2,60000,0.2,96000.0,67200.0,28800.0,30.0,2024-06,Saturday
ORD_01318,2025-01-12,CUST_0085,Mouse,Office,East,8,800,0.1,5760.0,4031.9999999999995,1728.0000000000005,30.00000000000001,2025-01,Sunday
ORD_01319,2025-08-10,CUST_0419,Mouse,Electronics,East,8,800,0.15,5440.0,3807.9999999999995,1632.0000000000005,30.00000000000001,2025-08,Sunday
ORD_01320,2025-08-21,CUST_0197,Printer,Electronics,East,1,15000,0.15,12750.0,8925.0,3825.0,30.0,2025-08,Thursday
ORD_01321,2025-09-20,CUST_0235,Monitor,Electronics,North,8,20000,0.15,136000.0,95200.0,40800.0,30.0,2025-09,Saturday
ORD_01322,2024-12-07,CUST_0411,Laptop,Office,South,2,60000,0.2,96000.0,67200.0,28800.0,30.0,2024-12,Saturday
ORD_01323,2024-01-27,CUST_0344,Printer,Electronics,South,6,15000,0.15,76500.0,53550.0,22950.0,30.0,2024-01,Saturday
ORD_01324,2024-10-13,CUST_0263,Mouse,Accessories,North,1,800,0.05,760.0,532.0,228.0,30.0,2024-10,Sunday
ORD_01325,2025-10-07,CUST_0006,Mouse,Electronics,South,5,800,0.0,4000.0,2800.0,1200.0,30.0,2025-10,Tuesday
ORD_01326,2024-06-16,CUST_0494,Laptop,Electronics,North,7,60000,0.0,420000.0,294000.0,126000.0,30.0,2024-06,Sunday
ORD_01327,2025-09-01,CUST_0381,Mouse,Office,North,1,800,0.1,720.0,503.99999999999994,216.00000000000006,30.00000000000001,2025-09,Monday
ORD_01328,2024-09-24,CUST_0289,Mouse,Electronics,South,2,800,0.2,1280.0,896.0,384.0,30.0,2024-09,Tuesday
ORD_01329,2025-03-30,CUST_0058,Keyboard,Office,West,7,2000,0.0,14000.0,9800.0,4200.0,30.0,2025-03,Sunday
ORD_01330,2025-11-15,CUST_0433,Monitor,Office,East,6,20000,0.2,96000.0,67200.0,28800.0,30.0,2025-11,Saturday
ORD_01331,2025-02-04,CUST_0145,Mouse,Accessories,North,3,800,0.1,2160.0,1512.0,648.0,30.0,2025-02,Tuesday
ORD_01332,2025-04-20,CUST_0366,Keyboard,Electronics,North,2,2000,0.15,3400.0,2380.0,1020.0,30.0,2025-04,Sunday
ORD_01333,2025-12-02,CUST_0042,Printer,Accessories,West,4,15000,0.1,54000.0,37800.0,16200.0,30.0,2025-12,Tuesday
ORD_01334,2025-09-25,CUST_0350,Mouse,Accessories,North,3,800,0.05,2280.0,1596.0,684.0,30.0,2025-09,Thursday
ORD_01335,2025-07-11,CUST_0200,Printer,Electronics,North,7,15000,0.15,89250.0,62474.99999999999,26775.000000000007,30.00000000000001,2025-07,Friday
ORD_01336,2025-07-29,CUST_0424,Mouse,Electronics,South,8,800,0.15,5440.0,3807.9999999999995,1632.0000000000005,30.00000000000001,2025-07,Tuesday
ORD_01337,2024-05-09,CUST_0174,Laptop,Office,South,2,60000,0.15,102000.0,71400.0,30600.0,30.0,2024-05,Thursday
ORD_01338,2024-12-28,CUST_0455,Keyboard,Electronics,West,7,2000,0.1,12600.0,8820.0,3780.0,30.0,2024-12,Saturday
ORD_01339,2025-12-05,CUST_0454,Keyboard,Office,North,8,2000,0.05,15200.0,10640.0,4560.0,30.0,2025-12,Friday
ORD_01340,2025-11-23,CUST_0452,Laptop,Accessories,East,6,60000,0.2,288000.0,201600.0,86400.0,30.0,2025-11,Sunday
ORD_01341,2024-10-18,CUST_0385,Monitor,Accessories,South,6,20000,0.1,108000.0,75600.0,32400.0,30.0,2024-10,Friday
ORD_01342,2025-01-05,CUST_0335,Keyboard,Office,East,1,2000,0.0,2000.0,1400.0,600.0,30.0,2025-01,Sunday
ORD_01343,2024-01-29,CUST_0095,Printer,Electronics,East,4,15000,0.0,60000.0,42000.0,18000.0,30.0,2024-01,Monday
ORD_01344,2024-05-28,CUST_0217,Keyboard,Electronics,West,1,2000,0.1,1800.0,1260.0,540.0,30.0,2024-05,Tuesday
ORD_01345,2024-10-22,CUST_0111,Monitor,Office,West,4,20000,0.2,64000.0,44800.0,19200.0,30.0,2024-10,Tuesday
ORD_01346,2024-01-11,CUST_0353,Printer,Accessories,North,2,15000,0.0,30000.0,21000.0,9000.0,30.0,2024-01,Thursday
ORD_01347,2025-05-26,CUST_0180,Printer,Office,West,5,15000,0.2,60000.0,42000.0,18000.0,30.0,2025-05,Monday
ORD_01348,2025-11-06,CUST_0163,Laptop,Electronics,South,9,60000,0.15,459000.0,321300.0,137700.0,30.0,2025-11,Thursday
ORD_01349,2024-04-22,CUST_0119,Mouse,Electronics,North,3,800,0.1,2160.0,1512.0,648.0,30.0,2024-04,Monday
ORD_01350,2024-07-05,CUST_0325,Laptop,Office,North,8,60000,0.15,408000.0,285600.0,122400.0,30.0,2024-07,Friday
ORD_01351,2024-08-14,CUST_0389,Mouse,Electronics,East,3,800,0.0,2400.0,1680.0,720.0,30.0,2024-08,Wednesday
ORD_01352,2024-11-05,CUST_0228,Laptop,Accessories,East,6,60000,0.2,288000.0,201600.0,86400.0,30.0,2024-11,Tuesday
ORD_01353,2024-04-07,CUST_0145,Mouse,Office,East,4,800,0.15,2720.0,1903.9999999999998,816.0000000000002,30.00000000000001,2024-04,Sunday
ORD_01354,2024-02-24,CUST_0437,Keyboard,Accessories,North,8,2000,0.0,16000.0,11200.0,4800.0,30.0,2024-02,Saturday
ORD_01355,2025-09-14,CUST_0308,Printer,Accessories,West,6,15000,0.05,85500.0,59849.99999999999,25650.000000000007,30.00000000000001,2025-09,Sunday
ORD_01356,2025-10-25,CUST_0142,Mouse,Office,West,8,800,0.15,5440.0,3807.9999999999995,1632.0000000000005,30.00000000000001,2025-10,Saturday
ORD_01357,2025-02-09,CUST_0122,Keyboard,Office,West,1,2000,0.05,1900.0,1330.0,570.0,30.0,2025-02,Sunday
ORD_01358,2024-03-09,CUST_0285,Monitor,Electronics,North,6,20000,0.05,114000.0,79800.0,34200.0,30.0,2024-03,Saturday
ORD_01359,2024-11-07,CUST_0392,Laptop,Electronics,North,1,60000,0.0,60000.0,42000.0,18000.0,30.0,2024-11,Thursday
ORD_01360,2024-10-15,CUST_0226,Monitor,Office,North,1,20000,0.1,18000.0,12600.0,5400.0,30.0,2024-10,Tuesday
ORD_01361,2025-07-01,CUST_0360,Keyboard,Office,North,8,2000,0.2,12800.0,8960.0,3840.0,30.0,2025-07,Tuesday
ORD_01362,2024-05-27,CUST_0257,Monitor,Electronics,North,7,20000,0.0,140000.0,98000.0,42000.0,30.0,2024-05,Monday
ORD_01363,2025-04-11,CUST_0285,Monitor,Electronics,West,3,20000,0.15,51000.0,35700.0,15300.0,30.0,2025-04,Friday
ORD_01364,2024-08-31,CUST_0420,Keyboard,Electronics,North,6,2000,0.2,9600.0,6720.0,2880.0,30.0,2024-08,Saturday
ORD_01365,2025-05-05,CUST_0435,Printer,Office,West,9,15000,0.1,121500.0,85050.0,36450.0,30.0,2025-05,Monday
ORD_01366,2025-05-21,CUST_0165,Mouse,Office,North,7,800,0.0,5600.0,3919.9999999999995,1680.0000000000005,30.00000000000001,2025-05,Wednesday
ORD_01367,2024-12-30,CUST_0221,Laptop,Electronics,West,3,60000,0.1,162000.0,113400.0,48600.0,30.0,2024-12,Monday
ORD_01368,2025-04-26,CUST_0069,Mouse,Accessories,South,6,800,0.15,4080.0,2856.0,1224.0,30.0,2025-04,Saturday
ORD_01369,2024-07-19,CUST_0309,Laptop,Accessories,South,4,60000,0.0,240000.0,168000.0,72000.0,30.0,2024-07,Friday
ORD_01370,2024-06-02,CUST_0224,Mouse,Electronics,West,3,800,0.15,2040.0,1428.0,612.0,30.0,2024-06,Sunday
ORD_01371,2025-03-25,CUST_0124,Monitor,Office,South,9,20000,0.2,144000.0,100800.0,43200.0,30.0,2025-03,Tuesday
ORD_01372,2025-05-15,CUST_0436,Printer,Office,South,2,15000,0.2,24000.0,16800.0,7200.0,30.0,2025-05,Thursday
ORD_01373,2024-03-13,CUST_0344,Monitor,Accessories,West,1,20000,0.1,18000.0,12600.0,5400.0,30.0,2024-03,Wednesday
ORD_01374,2025-12-13,CUST_0339,Printer,Electronics,North,2,15000,0.1,27000.0,18900.0,8100.0,30.0,2025-12,Saturday
ORD_01375,2024-10-22,CUST_0012,Keyboard,Accessories,North,7,2000,0.2,11200.0,7839.999999999999,3360.000000000001,30.00000000000001,2024-10,Tuesday
ORD_01376,2024-01-17,CUST_0052,Laptop,Accessories,West,1,60000,0.05,57000.0,39900.0,17100.0,30.0,2024-01,Wednesday
ORD_01377,2025-10-02,CUST_0129,Laptop,Electronics,East,6,60000,0.2,288000.0,201600.0,86400.0,30.0,2025-10,Thursday
ORD_01378,2024-08-04,CUST_0135,Keyboard,Accessories,East,7,2000,0.0,14000.0,9800.0,4200.0,30.0,2024-08,Sunday
ORD_01379,2024-03-01,CUST_0145,Mouse,Office,South,9,800,0.15,6120.0,4284.0,1836.0,30.0,2024-03,Friday
ORD_01380,2025-09-07,CUST_0127,Keyboard,Accessories,East,8,2000,0.2,12800.0,8960.0,3840.0,30.0,2025-09,Sunday
ORD_01381,2024-02-11,CUST_0226,Keyboard,Electronics,South,6,2000,0.2,9600.0,6720.0,2880.0,30.0,2024-02,Sunday
ORD_01382,2024-01-25,CUST_0427,Printer,Office,North,3,15000,0.15,38250.0,26775.0,11475.0,30.0,2024-01,Thursday
ORD_01383,2024-02-08,CUST_0071,Keyboard,Office,West,8,2000,0.15,13600.0,9520.0,4080.0,30.0,2024-02,Thursday
ORD_01384,2024-05-10,CUST_0273,Laptop,Accessories,North,7,60000,0.0,420000.0,294000.0,126000.0,30.0,2024-05,Friday
ORD_01385,2025-05-12,CUST_0187,Monitor,Office,West,3,20000,0.15,51000.0,35700.0,15300.0,30.0,2025-05,Monday
ORD_01386,2024-08-16,CUST_0003,Printer,Electronics,East,9,15000,0.1,121500.0,85050.0,36450.0,30.0,2024-08,Friday
ORD_01387,2024-04-17,CUST_0285,Printer,Accessories,North,2,15000,0.2,24000.0,16800.0,7200.0,30.0,2024-04,Wednesday
ORD_01388,2024-06-20,CUST_0022,Mouse,Office,North,3,800,0.15,2040.0,1428.0,612.0,30.0,2024-06,Thursday
ORD_01389,2025-03-10,CUST_0166,Monitor,Electronics,South,2,20000,0.0,40000.0,28000.0,12000.0,30.0,2025-03,Monday
ORD_01390,2025-04-22,CUST_0310,Printer,Accessories,West,1,15000,0.15,12750.0,8925.0,3825.0,30.0,2025-04,Tuesday
ORD_01391,2024-04-11,CUST_0363,Keyboard,Electronics,East,4,2000,0.2,6400.0,4480.0,1920.0,30.0,2024-04,Thursday
ORD_01392,2025-06-07,CUST_0477,Printer,Office,North,5,15000,0.05,71250.0,49875.0,21375.0,30.0,2025-06,Saturday
ORD_01393,2024-10-01,CUST_0498,Printer,Accessories,West,6,15000,0.15,76500.0,53550.0,22950.0,30.0,2024-10,Tuesday
ORD_01394,2025-09-04,CUST_0434,Printer,Accessories,East,5,15000,0.1,67500.0,47250.0,20250.0,30.0,2025-09,Thursday
ORD_01395,2024-02-13,CUST_0246,Mouse,Office,North,1,800,0.2,640.0,448.0,192.0,30.0,2024-02,Tuesday
ORD_01396,2024-01-17,CUST_0234,Printer,Electronics,West,3,15000,0.0,45000.0,31499.999999999996,13500.000000000004,30.00000000000001,2024-01,Wednesday
ORD_01397,2024-11-25,CUST_0325,Printer,Office,South,1,15000,0.2,12000.0,8400.0,3600.0,30.0,2024-11,Monday
ORD_01398,2025-07-22,CUST_0158,Mouse,Accessories,North,5,800,0.05,3800.0,2660.0,1140.0,30.0,2025-07,Tuesday
ORD_01399,2025-05-11,CUST_0151,Monitor,Accessories,West,5,20000,0.0,100000.0,70000.0,30000.0,30.0,2025-05,Sunday
ORD_01400,2024-01-12,CUST_0213,Laptop,Office,East,6,60000,0.05,342000.0,239399.99999999997,102600.00000000003,30.00000000000001,2024-01,Friday
ORD_01401,2024-11-13,CUST_0376,Mouse,Electronics,East,8,800,0.05,6080.0,4256.0,1824.0,30.0,2024-11,Wednesday
ORD_01402,2025-08-14,CUST_0218,Mouse,Office,South,1,800,0.1,720.0,503.99999999999994,216.00000000000006,30.00000000000001,2025-08,Thursday
ORD_01403,2024-08-03,CUST_0246,Printer,Electronics,North,4,15000,0.15,51000.0,35700.0,15300.0,30.0,2024-08,Saturday
ORD_01404,2024-12-04,CUST_0303,Printer,Electronics,South,1,15000,0.1,13500.0,9450.0,4050.0,30.0,2024-12,Wednesday
ORD_01405,2025-10-22,CUST_0405,Laptop,Accessories,West,9,60000,0.1,486000.0,340200.0,145800.0,30.0,2025-10,Wednesday
ORD_01406,2024-03-21,CUST_0276,Printer,Electronics,East,7,15000,0.1,94500.0,66150.0,28350.0,30.0,2024-03,Thursday
ORD_01407,2025-12-27,CUST_0151,Keyboard,Accessories,South,7,2000,0.0,14000.0,9800.0,4200.0,30.0,2025-12,Saturday
ORD_01408,2025-04-29,CUST_0196,Printer,Electronics,North,5,15000,0.15,63750.0,44625.0,19125.0,30.0,2025-04,Tuesday
ORD_01409,2025-01-08,CUST_0405,Printer,Electronics,West,7,15000,0.15,89250.0,62474.99999999999,26775.000000000007,30.00000000000001,2025-01,Wednesday
ORD_01410,2025-12-10,CUST_0021,Keyboard,Accessories,North,2,2000,0.0,4000.0,2800.0,1200.0,30.0,2025-12,Wednesday
ORD_01411,2024-07-18,CUST_0257,Laptop,Electronics,South,4,60000,0.1,216000.0,151200.0,64800.0,30.0,2024-07,Thursday
ORD_01412,2025-06-20,CUST_0399,Keyboard,Office,East,7,2000,0.1,12600.0,8820.0,3780.0,30.0,2025-06,Friday
ORD_01413,2025-04-10,CUST_0017,Mouse,Electronics,East,3,800,0.05,2280.0,1596.0,684.0,30.0,2025-04,Thursday
ORD_01414,2024-03-29,CUST_0051,Keyboard,Accessories,South,2,2000,0.05,3800.0,2660.0,1140.0,30.0,2024-03,Friday
ORD_01415,2024-09-24,CUST_0447,Monitor,Accessories,North,2,20000,0.2,32000.0,22400.0,9600.0,30.0,2024-09,Tuesday
ORD_01416,2025-10-16,CUST_0270,Mouse,Office,North,1,800,0.05,760.0,532.0,228.0,30.0,2025-10,Thursday
ORD_01417,2025-07-24,CUST_0315,Printer,Electronics,North,5,15000,0.15,63750.0,44625.0,19125.0,30.0,2025-07,Thursday
ORD_01418,2025-05-03,CUST_0083,Mouse,Office,North,6,800,0.0,4800.0,3360.0,1440.0,30.0,2025-05,Saturday
ORD_01419,2025-06-21,CUST_0306,Laptop,Electronics,East,6,60000,0.1,324000.0,226800.0,97200.0,30.0,2025-06,Saturday
ORD_01420,2024-02-16,CUST_0124,Laptop,Office,North,9,60000,0.2,432000.0,302400.0,129600.0,30.0,2024-02,Friday
ORD_01421,2024-10-14,CUST_0290,Keyboard,Accessories,South,4,2000,0.05,7600.0,5320.0,2280.0,30.0,2024-10,Monday
ORD_01422,2024-01-16,CUST_0262,Mouse,Accessories,South,1,800,0.2,640.0,448.0,192.0,30.0,2024-01,Tuesday
ORD_01423,2025-12-11,CUST_0365,Printer,Office,South,6,15000,0.0,90000.0,62999.99999999999,27000.000000000007,30.00000000000001,2025-12,Thursday
ORD_01424,2025-02-04,CUST_0049,Laptop,Electronics,South,5,60000,0.0,300000.0,210000.0,90000.0,30.0,2025-02,Tuesday
ORD_01425,2024-03-26,CUST_0006,Printer,Electronics,North,6,15000,0.2,72000.0,50400.0,21600.0,30.0,2024-03,Tuesday
ORD_01426,2024-09-06,CUST_0117,Monitor,Accessories,East,3,20000,0.2,48000.0,33600.0,14400.0,30.0,2024-09,Friday
ORD_01427,2025-01-25,CUST_0118,Laptop,Electronics,West,2,60000,0.2,96000.0,67200.0,28800.0,30.0,2025-01,Saturday
ORD_01428,2024-11-30,CUST_0453,Keyboard,Office,North,6,2000,0.1,10800.0,7559.999999999999,3240.000000000001,30.00000000000001,2024-11,Saturday
ORD_01429,2025-09-20,CUST_0263,Monitor,Office,West,1,20000,0.15,17000.0,11900.0,5100.0,30.0,2025-09,Saturday
ORD_01430,2025-06-02,CUST_0353,Mouse,Electronics,East,7,800,0.05,5320.0,3723.9999999999995,1596.0000000000005,30.00000000000001,2025-06,Monday
ORD_01431,2024-05-16,CUST_0461,Printer,Accessories,North,7,15000,0.05,99750.0,69825.0,29925.0,30.0,2024-05,Thursday
ORD_01432,2025-11-18,CUST_0435,Laptop,Accessories,West,7,60000,0.05,399000.0,279300.0,119700.0,30.0,2025-11,Tuesday
ORD_01433,2025-05-12,CUST_0374,Monitor,Accessories,East,1,20000,0.2,16000.0,11200.0,4800.0,30.0,2025-05,Monday
ORD_01434,2025-12-27,CUST_0129,Monitor,Accessories,West,4,20000,0.2,64000.0,44800.0,19200.0,30.0,2025-12,Saturday
ORD_01435,2025-04-21,CUST_0397,Laptop,Accessories,South,7,60000,0.2,336000.0,235199.99999999997,100800.00000000003,30.00000000000001,2025-04,Monday
ORD_01436,2025-08-16,CUST_0171,Mouse,Office,South,9,800,0.1,6480.0,4536.0,1944.0,30.0,2025-08,Saturday
ORD_01437,2024-08-10,CUST_0027,Mouse,Electronics,East,5,800,0.1,3600.0,2520.0,1080.0,30.0,2024-08,Saturday
ORD_01438,2025-01-06,CUST_0199,Keyboard,Office,East,2,2000,0.1,3600.0,2520.0,1080.0,30.0,2025-01,Monday
ORD_01439,2025-02-05,CUST_0372,Mouse,Accessories,West,7,800,0.1,5040.0,3528.0,1512.0,30.0,2025-02,Wednesday
ORD_01440,2025-03-18,CUST_0387,Keyboard,Accessories,East,1,2000,0.0,2000.0,1400.0,600.0,30.0,2025-03,Tuesday
ORD_01441,2025-05-04,CUST_0314,Monitor,Electronics,South,7,20000,0.1,126000.0,88200.0,37800.0,30.0,2025-05,Sunday
ORD_01442,2025-09-06,CUST_0345,Laptop,Electronics,South,6,60000,0.1,324000.0,226800.0,97200.0,30.0,2025-09,Saturday
ORD_01443,2024-09-29,CUST_0097,Mouse,Electronics,North,7,800,0.1,5040.0,3528.0,1512.0,30.0,2024-09,Sunday
ORD_01444,2025-06-09,CUST_0488,Keyboard,Office,West,3,2000,0.05,5700.0,3989.9999999999995,1710.0000000000005,30.00000000000001,2025-06,Monday
ORD_01445,2024-06-07,CUST_0017,Monitor,Electronics,East,3,20000,0.05,57000.0,39900.0,17100.0,30.0,2024-06,Friday
ORD_01446,2024-05-31,CUST_0173,Mouse,Office,East,7,800,0.05,5320.0,3723.9999999999995,1596.0000000000005,30.00000000000001,2024-05,Friday
ORD_01447,2025-09-11,CUST_0462,Printer,Accessories,East,2,15000,0.15,25500.0,17850.0,7650.0,30.0,2025-09,Thursday
ORD_01448,2024-07-06,CUST_0101,Monitor,Office,West,1,20000,0.0,20000.0,14000.0,6000.0,30.0,2024-07,Saturday
ORD_01449,2024-04-07,CUST_0186,Mouse,Electronics,South,9,800,0.2,5760.0,4031.9999999999995,1728.0000000000005,30.00000000000001,2024-04,Sunday
ORD_01450,2024-05-10,CUST_0184,Monitor,Office,East,9,20000,0.1,162000.0,113400.0,48600.0,30.0,2024-05,Friday
ORD_01451,2024-06-19,CUST_0438,Laptop,Office,East,7,60000,0.05,399000.0,279300.0,119700.0,30.0,2024-06,Wednesday
ORD_01452,2024-07-01,CUST_0215,Laptop,Office,South,7,60000,0.0,420000.0,294000.0,126000.0,30.0,2024-07,Monday
ORD_01453,2024-12-29,CUST_0251,Laptop,Electronics,East,3,60000,0.1,162000.0,113400.0,48600.0,30.0,2024-12,Sunday
ORD_01454,2024-02-08,CUST_0216,Printer,Office,North,2,15000,0.15,25500.0,17850.0,7650.0,30.0,2024-02,Thursday
ORD_01455,2025-06-10,CUST_0029,Laptop,Electronics,South,7,60000,0.2,336000.0,235199.99999999997,100800.00000000003,30.00000000000001,2025-06,Tuesday
ORD_01456,2025-05-11,CUST_0102,Printer,Office,South,9,15000,0.1,121500.0,85050.0,36450.0,30.0,2025-05,Sunday
ORD_01457,2025-05-30,CUST_0123,Laptop,Office,South,1,60000,0.2,48000.0,33600.0,14400.0,30.0,2025-05,Friday
ORD_01458,2024-12-14,CUST_0054,Monitor,Office,North,4,20000,0.1,72000.0,50400.0,21600.0,30.0,2024-12,Saturday
ORD_01459,2025-01-31,CUST_0283,Mouse,Electronics,South,6,800,0.15,4080.0,2856.0,1224.0,30.0,2025-01,Friday
ORD_01460,2025-12-22,CUST_0102,Mouse,Electronics,West,7,800,0.0,5600.0,3919.9999999999995,1680.0000000000005,30.00000000000001,2025-12,Monday
ORD_01461,2024-06-09,CUST_0117,Laptop,Electronics,West,7,60000,0.2,336000.0,235199.99999999997,100800.00000000003,30.00000000000001,2024-06,Sunday
ORD_01462,2024-01-16,CUST_0104,Mouse,Accessories,West,2,800,0.2,1280.0,896.0,384.0,30.0,2024-01,Tuesday
ORD_01463,2025-05-07,CUST_0045,Laptop,Electronics,South,4,60000,0.0,240000.0,168000.0,72000.0,30.0,2025-05,Wednesday
ORD_01464,2025-03-01,CUST_0114,Laptop,Office,South,5,60000,0.2,240000.0,168000.0,72000.0,30.0,2025-03,Saturday
ORD_01465,2024-04-17,CUST_0343,Keyboard,Accessories,South,1,2000,0.05,1900.0,1330.0,570.0,30.0,2024-04,Wednesday
ORD_01466,2025-03-25,CUST_0031,Keyboard,Electronics,North,1,2000,0.0,2000.0,1400.0,600.0,30.0,2025-03,Tuesday
ORD_01467,2024-11-06,CUST_0164,Keyboard,Electronics,West,3,2000,0.15,5100.0,3570.0,1530.0,30.0,2024-11,Wednesday
ORD_01468,2024-06-18,CUST_0465,Printer,Accessories,East,3,15000,0.1,40500.0,28350.0,12150.0,30.0,2024-06,Tuesday
ORD_01469,2025-06-29,CUST_0189,Keyboard,Accessories,East,8,2000,0.1,14400.0,10080.0,4320.0,30.0,2025-06,Sunday
ORD_01470,2025-02-17,CUST_0293,Laptop,Electronics,South,9,60000,0.0,540000.0,378000.0,162000.0,30.0,2025-02,Monday
ORD_01471,2024-09-07,CUST_0195,Monitor,Accessories,North,1,20000,0.05,19000.0,13300.0,5700.0,30.0,2024-09,Saturday
ORD_01472,2024-05-20,CUST_0292,Keyboard,Office,South,2,2000,0.15,3400.0,2380.0,1020.0,30.0,2024-05,Monday
ORD_01473,2024-09-30,CUST_0375,Keyboard,Office,East,2,2000,0.1,3600.0,2520.0,1080.0,30.0,2024-09,Monday
ORD_01474,2025-02-19,CUST_0261,Monitor,Office,West,4,20000,0.1,72000.0,50400.0,21600.0,30.0,2025-02,Wednesday
ORD_01475,2025-08-30,CUST_0430,Laptop,Electronics,East,2,60000,0.05,114000.0,79800.0,34200.0,30.0,2025-08,Saturday
ORD_01476,2024-02-08,CUST_0207,Printer,Office,West,7,15000,0.2,84000.0,58799.99999999999,25200.000000000007,30.00000000000001,2024-02,Thursday
ORD_01477,2024-01-29,CUST_0052,Keyboard,Accessories,West,9,2000,0.0,18000.0,12600.0,5400.0,30.0,2024-01,Monday
ORD_01478,2025-04-21,CUST_0049,Monitor,Office,North,7,20000,0.05,133000.0,93100.0,39900.0,30.0,2025-04,Monday
ORD_01479,2024-11-13,CUST_0006,Laptop,Accessories,East,6,60000,0.05,342000.0,239399.99999999997,102600.00000000003,30.00000000000001,2024-11,Wednesday
ORD_01480,2024-09-01,CUST_0379,Mouse,Office,South,1,800,0.05,760.0,532.0,228.0,30.0,2024-09,Sunday
ORD_01481,2025-11-27,CUST_0394,Printer,Accessories,North,9,15000,0.05,128250.0,89775.0,38475.0,30.0,2025-11,Thursday
ORD_01482,2024-09-28,CUST_0374,Monitor,Office,West,5,20000,0.2,80000.0,56000.0,24000.0,30.0,2024-09,Saturday
ORD_01483,2025-03-15,CUST_0224,Monitor,Office,East,5,20000,0.15,85000.0,59499.99999999999,25500.000000000007,30.00000000000001,2025-03,Saturday
ORD_01484,2024-08-26,CUST_0023,Monitor,Office,South,6,20000,0.05,114000.0,79800.0,34200.0,30.0,2024-08,Monday
ORD_01485,2025-01-11,CUST_0496,Keyboard,Accessories,North,9,2000,0.05,17100.0,11970.0,5130.0,30.0,2025-01,Saturday
ORD_01486,2024-09-22,CUST_0145,Mouse,Accessories,South,8,800,0.0,6400.0,4480.0,1920.0,30.0,2024-09,Sunday
ORD_01487,2024-12-24,CUST_0110,Printer,Office,East,8,15000,0.1,108000.0,75600.0,32400.0,30.0,2024-12,Tuesday
ORD_01488,2024-12-05,CUST_0212,Laptop,Accessories,South,8,60000,0.2,384000.0,268800.0,115200.0,30.0,2024-12,Thursday
ORD_01489,2025-01-23,CUST_0300,Laptop,Accessories,North,1,60000,0.05,57000.0,39900.0,17100.0,30.0,2025-01,Thursday
ORD_01490,2025-07-30,CUST_0041,Mouse,Electronics,South,1,800,0.15,680.0,475.99999999999994,204.00000000000006,30.00000000000001,2025-07,Wednesday
ORD_01491,2025-11-19,CUST_0399,Monitor,Office,East,8,20000,0.15,136000.0,95200.0,40800.0,30.0,2025-11,Wednesday
ORD_01492,2024-01-03,CUST_0172,Monitor,Accessories,North,5,20000,0.15,85000.0,59499.99999999999,25500.000000000007,30.00000000000001,2024-01,Wednesday
ORD_01493,2025-03-04,CUST_0494,Monitor,Accessories,West,9,20000,0.0,180000.0,125999.99999999999,54000.000000000015,30.00000000000001,2025-03,Tuesday
ORD_01494,2024-05-21,CUST_0186,Monitor,Accessories,North,2,20000,0.15,34000.0,23800.0,10200.0,30.0,2024-05,Tuesday
ORD_01495,2025-01-10,CUST_0214,Monitor,Accessories,East,9,20000,0.0,180000.0,125999.99999999999,54000.000000000015,30.00000000000001,2025-01,Friday
ORD_01496,2025-10-31,CUST_0306,Mouse,Electronics,South,8,800,0.2,5120.0,3584.0,1536.0,30.0,2025-10,Friday
ORD_01497,2024-11-19,CUST_0052,Keyboard,Accessories,West,9,2000,0.15,15300.0,10710.0,4590.0,30.0,2024-11,Tuesday
ORD_01498,2024-05-25,CUST_0070,Printer,Accessories,West,4,15000,0.1,54000.0,37800.0,16200.0,30.0,2024-05,Saturday
ORD_01499,2024-10-19,CUST_0196,Monitor,Electronics,South,1,20000,0.05,19000.0,13300.0,5700.0,30.0,2024-10,Saturday
ORD_01500,2025-10-26,CUST_0447,Keyboard,Office,East,1,2000,0.2,1600.0,1120.0,480.0,30.0,2025-10,Sunday
ORD_01501,2025-03-07,CUST_0442,Laptop,Office,North,5,60000,0.1,270000.0,189000.0,81000.0,30.0,2025-03,Friday
ORD_01502,2025-12-05,CUST_0151,Mouse,Electronics,East,2,800,0.2,1280.0,896.0,384.0,30.0,2025-12,Friday
ORD_01503,2025-08-07,CUST_0428,Keyboard,Office,West,8,2000,0.15,13600.0,9520.0,4080.0,30.0,2025-08,Thursday
ORD_01504,2025-02-02,CUST_0109,Monitor,Office,North,5,20000,0.2,80000.0,56000.0,24000.0,30.0,2025-02,Sunday
ORD_01505,2024-12-09,CUST_0467,Monitor,Electronics,North,5,20000,0.2,80000.0,56000.0,24000.0,30.0,2024-12,Monday
ORD_01506,2024-05-19,CUST_0118,Monitor,Accessories,South,2,20000,0.2,32000.0,22400.0,9600.0,30.0,2024-05,Sunday
ORD_01507,2024-07-05,CUST_0365,Keyboard,Electronics,East,7,2000,0.0,14000.0,9800.0,4200.0,30.0,2024-07,Friday
ORD_01508,2024-03-01,CUST_0095,Monitor,Electronics,North,8,20000,0.1,144000.0,100800.0,43200.0,30.0,2024-03,Friday
ORD_01509,2025-01-14,CUST_0256,Keyboard,Electronics,South,1,2000,0.15,1700.0,1190.0,510.0,30.0,2025-01,Tuesday
ORD_01510,2025-12-10,CUST_0044,Monitor,Electronics,East,2,20000,0.05,38000.0,26600.0,11400.0,30.0,2025-12,Wednesday
ORD_01511,2025-03-15,CUST_0436,Laptop,Electronics,West,4,60000,0.15,204000.0,142800.0,61200.0,30.0,2025-03,Saturday
ORD_01512,2024-11-14,CUST_0067,Laptop,Accessories,West,5,60000,0.15,255000.0,178500.0,76500.0,30.0,2024-11,Thursday
ORD_01513,2024-10-28,CUST_0156,Printer,Office,East,2,15000,0.0,30000.0,21000.0,9000.0,30.0,2024-10,Monday
ORD_01514,2024-12-09,CUST_0323,Monitor,Electronics,North,1,20000,0.0,20000.0,14000.0,6000.0,30.0,2024-12,Monday
ORD_01515,2024-01-11,CUST_0206,Monitor,Accessories,North,9,20000,0.2,144000.0,100800.0,43200.0,30.0,2024-01,Thursday
ORD_01516,2024-03-02,CUST_0274,Keyboard,Electronics,West,1,2000,0.15,1700.0,1190.0,510.0,30.0,2024-03,Saturday
ORD_01517,2024-08-13,CUST_0155,Keyboard,Accessories,West,4,2000,0.1,7200.0,5040.0,2160.0,30.0,2024-08,Tuesday
ORD_01518,2024-06-01,CUST_0179,Monitor,Office,North,2,20000,0.0,40000.0,28000.0,12000.0,30.0,2024-06,Saturday
ORD_01519,2025-12-11,CUST_0060,Printer,Accessories,East,4,15000,0.0,60000.0,42000.0,18000.0,30.0,2025-12,Thursday
ORD_01520,2025-07-17,CUST_0074,Monitor,Accessories,West,8,20000,0.1,144000.0,100800.0,43200.0,30.0,2025-07,Thursday
ORD_01521,2025-07-24,CUST_0049,Keyboard,Office,North,8,2000,0.0,16000.0,11200.0,4800.0,30.0,2025-07,Thursday
ORD_01522,2025-08-06,CUST_0271,Monitor,Office,East,9,20000,0.1,162000.0,113400.0,48600.0,30.0,2025-08,Wednesday
ORD_01523,2025-10-21,CUST_0467,Keyboard,Accessories,South,5,2000,0.05,9500.0,6650.0,2850.0,30.0,2025-10,Tuesday
ORD_01524,2025-07-28,CUST_0073,Monitor,Electronics,East,7,20000,0.1,126000.0,88200.0,37800.0,30.0,2025-07,Monday
ORD_01525,2024-11-05,CUST_0196,Mouse,Electronics,North,3,800,0.05,2280.0,1596.0,684.0,30.0,2024-11,Tuesday
ORD_01526,2024-08-30,CUST_0399,Keyboard,Office,East,4,2000,0.2,6400.0,4480.0,1920.0,30.0,2024-08,Friday
ORD_01527,2025-05-07,CUST_0179,Printer,Electronics,North,9,15000,0.2,108000.0,75600.0,32400.0,30.0,2025-05,Wednesday
ORD_01528,2024-12-31,CUST_0048,Mouse,Office,West,1,800,0.0,800.0,560.0,240.0,30.0,2024-12,Tuesday
ORD_01529,2024-11-25,CUST_0072,Monitor,Accessories,South,2,20000,0.1,36000.0,25200.0,10800.0,30.0,2024-11,Monday
ORD_01530,2024-04-16,CUST_0113,Keyboard,Accessories,West,5,2000,0.0,10000.0,7000.0,3000.0,30.0,2024-04,Tuesday
ORD_01531,2024-08-13,CUST_0245,Mouse,Electronics,West,3,800,0.1,2160.0,1512.0,648.0,30.0,2024-08,Tuesday
ORD_01532,2024-08-05,CUST_0385,Printer,Office,North,2,15000,0.0,30000.0,21000.0,9000.0,30.0,2024-08,Monday
ORD_01533,2025-05-20,CUST_0391,Keyboard,Electronics,North,1,2000,0.2,1600.0,1120.0,480.0,30.0,2025-05,Tuesday
ORD_01534,2024-09-15,CUST_0309,Mouse,Electronics,North,3,800,0.2,1920.0,1344.0,576.0,30.0,2024-09,Sunday
ORD_01535,2025-05-31,CUST_0159,Mouse,Accessories,North,1,800,0.0,800.0,560.0,240.0,30.0,2025-05,Saturday
ORD_01536,2024-02-23,CUST_0274,Mouse,Electronics,West,1,800,0.1,720.0,503.99999999999994,216.00000000000006,30.00000000000001,2024-02,Friday
ORD_01537,2024-02-16,CUST_0268,Laptop,Accessories,North,1,60000,0.15,51000.0,35700.0,15300.0,30.0,2024-02,Friday
ORD_01538,2025-12-27,CUST_0304,Monitor,Office,North,8,20000,0.1,144000.0,100800.0,43200.0,30.0,2025-12,Saturday
ORD_01539,2025-11-19,CUST_0030,Keyboard,Electronics,West,3,2000,0.0,6000.0,4200.0,1800.0,30.0,2025-11,Wednesday
ORD_01540,2025-06-04,CUST_0097,Keyboard,Accessories,South,1,2000,0.1,1800.0,1260.0,540.0,30.0,2025-06,Wednesday
ORD_01541,2024-04-08,CUST_0251,Keyboard,Electronics,South,7,2000,0.05,13300.0,9310.0,3990.0,30.0,2024-04,Monday
ORD_01542,2024-01-20,CUST_0495,Mouse,Office,East,3,800,0.1,2160.0,1512.0,648.0,30.0,2024-01,Saturday
ORD_01543,2025-07-26,CUST_0007,Monitor,Electronics,West,8,20000,0.2,128000.0,89600.0,38400.0,30.0,2025-07,Saturday
ORD_01544,2025-05-04,CUST_0092,Printer,Electronics,North,4,15000,0.2,48000.0,33600.0,14400.0,30.0,2025-05,Sunday
ORD_01545,2025-02-22,CUST_0113,Keyboard,Accessories,East,4,2000,0.05,7600.0,5320.0,2280.0,30.0,2025-02,Saturday
ORD_01546,2025-11-20,CUST_0259,Monitor,Office,South,5,20000,0.1,90000.0,62999.99999999999,27000.000000000007,30.00000000000001,2025-11,Thursday
ORD_01547,2024-03-02,CUST_0107,Monitor,Office,South,6,20000,0.15,102000.0,71400.0,30600.0,30.0,2024-03,Saturday
ORD_01548,2024-05-24,CUST_0063,Laptop,Office,West,7,60000,0.1,378000.0,264600.0,113400.0,30.0,2024-05,Friday
ORD_01549,2024-08-03,CUST_0390,Keyboard,Electronics,North,4,2000,0.2,6400.0,4480.0,1920.0,30.0,2024-08,Saturday
ORD_01550,2024-01-03,CUST_0479,Mouse,Accessories,North,8,800,0.2,5120.0,3584.0,1536.0,30.0,2024-01,Wednesday
ORD_01551,2024-06-08,CUST_0358,Monitor,Electronics,East,6,20000,0.0,120000.0,84000.0,36000.0,30.0,2024-06,Saturday
ORD_01552,2024-04-29,CUST_0271,Monitor,Electronics,South,1,20000,0.2,16000.0,11200.0,4800.0,30.0,2024-04,Monday
ORD_01553,2024-03-29,CUST_0199,Printer,Electronics,East,1,15000,0.0,15000.0,10500.0,4500.0,30.0,2024-03,Friday
ORD_01554,2024-11-24,CUST_0427,Laptop,Office,East,9,60000,0.2,432000.0,302400.0,129600.0,30.0,2024-11,Sunday
ORD_01555,2025-08-02,CUST_0478,Monitor,Accessories,East,6,20000,0.2,96000.0,67200.0,28800.0,30.0,2025-08,Saturday
ORD_01556,2024-12-22,CUST_0347,Monitor,Office,North,8,20000,0.15,136000.0,95200.0,40800.0,30.0,2024-12,Sunday
ORD_01557,2025-09-01,CUST_0337,Mouse,Electronics,South,7,800,0.0,5600.0,3919.9999999999995,1680.0000000000005,30.00000000000001,2025-09,Monday
ORD_01558,2024-09-23,CUST_0146,Mouse,Electronics,East,6,800,0.0,4800.0,3360.0,1440.0,30.0,2024-09,Monday
ORD_01559,2025-09-08,CUST_0406,Printer,Accessories,South,4,15000,0.2,48000.0,33600.0,14400.0,30.0,2025-09,Monday
ORD_01560,2024-11-18,CUST_0061,Printer,Office,South,7,15000,0.0,105000.0,73500.0,31500.0,30.0,2024-11,Monday
ORD_01561,2025-09-26,CUST_0120,Printer,Electronics,East,9,15000,0.2,108000.0,75600.0,32400.0,30.0,2025-09,Friday
ORD_01562,2025-06-24,CUST_0061,Mouse,Electronics,East,7,800,0.2,4480.0,3136.0,1344.0,30.0,2025-06,Tuesday
ORD_01563,2025-10-10,CUST_0309,Mouse,Accessories,West,1,800,0.1,720.0,503.99999999999994,216.00000000000006,30.00000000000001,2025-10,Friday
ORD_01564,2024-07-13,CUST_0026,Laptop,Electronics,North,9,60000,0.0,540000.0,378000.0,162000.0,30.0,2024-07,Saturday
ORD_01565,2024-11-27,CUST_0115,Keyboard,Office,South,4,2000,0.05,7600.0,5320.0,2280.0,30.0,2024-11,Wednesday
ORD_01566,2024-06-18,CUST_0475,Keyboard,Office,East,3,2000,0.0,6000.0,4200.0,1800.0,30.0,2024-06,Tuesday
ORD_01567,2025-06-04,CUST_0040,Laptop,Electronics,East,4,60000,0.0,240000.0,168000.0,72000.0,30.0,2025-06,Wednesday
ORD_01568,2025-04-07,CUST_0344,Keyboard,Electronics,South,4,2000,0.15,6800.0,4760.0,2040.0,30.0,2025-04,Monday
ORD_01569,2024-02-09,CUST_0116,Mouse,Electronics,East,2,800,0.05,1520.0,1064.0,456.0,30.0,2024-02,Friday
ORD_01570,2025-06-20,CUST_0136,Keyboard,Accessories,West,1,2000,0.05,1900.0,1330.0,570.0,30.0,2025-06,Friday
ORD_01571,2024-09-17,CUST_0277,Mouse,Accessories,South,1,800,0.15,680.0,475.99999999999994,204.00000000000006,30.00000000000001,2024-09,Tuesday
ORD_01572,2025-01-29,CUST_0477,Laptop,Office,East,8,60000,0.15,408000.0,285600.0,122400.0,30.0,2025-01,Wednesday
ORD_01573,2024-08-13,CUST_0299,Printer,Office,South,2,15000,0.0,30000.0,21000.0,9000.0,30.0,2024-08,Tuesday
ORD_01574,2024-05-03,CUST_0021,Laptop,Electronics,East,5,60000,0.1,270000.0,189000.0,81000.0,30.0,2024-05,Friday
ORD_01575,2024-02-07,CUST_0387,Keyboard,Electronics,East,4,2000,0.15,6800.0,4760.0,2040.0,30.0,2024-02,Wednesday
ORD_01576,2024-11-23,CUST_0031,Mouse,Electronics,North,8,800,0.05,6080.0,4256.0,1824.0,30.0,2024-11,Saturday
ORD_01577,2024-09-07,CUST_0247,Keyboard,Accessories,South,2,2000,0.05,3800.0,2660.0,1140.0,30.0,2024-09,Saturday
ORD_01578,2024-06-24,CUST_0411,Keyboard,Accessories,North,9,2000,0.0,18000.0,12600.0,5400.0,30.0,2024-06,Monday
ORD_01579,2025-08-24,CUST_0494,Printer,Electronics,East,7,15000,0.1,94500.0,66150.0,28350.0,30.0,2025-08,Sunday
ORD_01580,2025-03-29,CUST_0027,Keyboard,Electronics,South,7,2000,0.2,11200.0,7839.999999999999,3360.000000000001,30.00000000000001,2025-03,Saturday
ORD_01581,2024-02-06,CUST_0073,Printer,Office,South,1,15000,0.15,12750.0,8925.0,3825.0,30.0,2024-02,Tuesday
ORD_01582,2024-11-11,CUST_0441,Mouse,Accessories,West,2,800,0.15,1360.0,951.9999999999999,408.0000000000001,30.00000000000001,2024-11,Monday
ORD_01583,2025-11-18,CUST_0097,Mouse,Electronics,West,4,800,0.0,3200.0,2240.0,960.0,30.0,2025-11,Tuesday
ORD_01584,2025-08-15,CUST_0161,Printer,Accessories,East,4,15000,0.1,54000.0,37800.0,16200.0,30.0,2025-08,Friday
ORD_01585,2024-04-23,CUST_0346,Laptop,Electronics,East,3,60000,0.05,171000.0,119699.99999999999,51300.000000000015,30.00000000000001,2024-04,Tuesday
ORD_01586,2024-02-09,CUST_0476,Mouse,Electronics,East,7,800,0.05,5320.0,3723.9999999999995,1596.0000000000005,30.00000000000001,2024-02,Friday
ORD_01587,2024-10-27,CUST_0300,Laptop,Office,East,8,60000,0.2,384000.0,268800.0,115200.0,30.0,2024-10,Sunday
ORD_01588,2024-08-11,CUST_0299,Mouse,Office,West,2,800,0.05,1520.0,1064.0,456.0,30.0,2024-08,Sunday
ORD_01589,2024-11-13,CUST_0287,Mouse,Office,South,4,800,0.15,2720.0,1903.9999999999998,816.0000000000002,30.00000000000001,2024-11,Wednesday
ORD_01590,2024-12-14,CUST_0373,Monitor,Electronics,North,3,20000,0.2,48000.0,33600.0,14400.0,30.0,2024-12,Saturday
ORD_01591,2024-04-24,CUST_0449,Keyboard,Office,South,2,2000,0.1,3600.0,2520.0,1080.0,30.0,2024-04,Wednesday
ORD_01592,2025-11-28,CUST_0212,Keyboard,Electronics,South,6,2000,0.2,9600.0,6720.0,2880.0,30.0,2025-11,Friday
ORD_01593,2024-11-18,CUST_0076,Laptop,Accessories,West,4,60000,0.1,216000.0,151200.0,64800.0,30.0,2024-11,Monday
ORD_01594,2025-07-21,CUST_0401,Keyboard,Accessories,South,6,2000,0.05,11400.0,7979.999999999999,3420.000000000001,30.00000000000001,2025-07,Monday
ORD_01595,2024-02-09,CUST_0143,Laptop,Electronics,South,2,60000,0.0,120000.0,84000.0,36000.0,30.0,2024-02,Friday
ORD_01596,2024-02-09,CUST_0034,Mouse,Office,East,4,800,0.2,2560.0,1792.0,768.0,30.0,2024-02,Friday
ORD_01597,2024-10-15,CUST_0498,Monitor,Office,North,6,20000,0.2,96000.0,67200.0,28800.0,30.0,2024-10,Tuesday
ORD_01598,2024-09-18,CUST_0336,Monitor,Accessories,South,5,20000,0.15,85000.0,59499.99999999999,25500.000000000007,30.00000000000001,2024-09,Wednesday
ORD_01599,2024-08-03,CUST_0004,Mouse,Electronics,South,3,800,0.15,2040.0,1428.0,612.0,30.0,2024-08,Saturday
ORD_01600,2024-05-26,CUST_0328,Printer,Electronics,North,8,15000,0.1,108000.0,75600.0,32400.0,30.0,2024-05,Sunday
ORD_01601,2024-12-01,CUST_0098,Printer,Electronics,East,7,15000,0.0,105000.0,73500.0,31500.0,30.0,2024-12,Sunday
ORD_01602,2024-06-16,CUST_0366,Keyboard,Accessories,West,3,2000,0.15,5100.0,3570.0,1530.0,30.0,2024-06,Sunday
ORD_01603,2024-04-01,CUST_0217,Laptop,Accessories,West,6,60000,0.15,306000.0,214200.0,91800.0,30.0,2024-04,Monday
ORD_01604,2024-12-18,CUST_0463,Monitor,Office,South,4,20000,0.05,76000.0,53200.0,22800.0,30.0,2024-12,Wednesday
ORD_01605,2025-07-24,CUST_0028,Keyboard,Electronics,East,5,2000,0.05,9500.0,6650.0,2850.0,30.0,2025-07,Thursday
ORD_01606,2025-07-24,CUST_0201,Mouse,Electronics,West,5,800,0.15,3400.0,2380.0,1020.0,30.0,2025-07,Thursday
ORD_01607,2025-11-11,CUST_0386,Monitor,Electronics,West,7,20000,0.1,126000.0,88200.0,37800.0,30.0,2025-11,Tuesday
ORD_01608,2024-12-28,CUST_0273,Laptop,Electronics,West,5,60000,0.0,300000.0,210000.0,90000.0,30.0,2024-12,Saturday
ORD_01609,2025-07-10,CUST_0314,Laptop,Accessories,West,3,60000,0.15,153000.0,107100.0,45900.0,30.0,2025-07,Thursday
ORD_01610,2024-12-10,CUST_0127,Printer,Office,West,5,15000,0.1,67500.0,47250.0,20250.0,30.0,2024-12,Tuesday
ORD_01611,2025-11-23,CUST_0202,Keyboard,Accessories,South,7,2000,0.1,12600.0,8820.0,3780.0,30.0,2025-11,Sunday
ORD_01612,2024-06-18,CUST_0009,Mouse,Office,West,5,800,0.15,3400.0,2380.0,1020.0,30.0,2024-06,Tuesday
ORD_01613,2024-12-21,CUST_0287,Monitor,Electronics,South,5,20000,0.1,90000.0,62999.99999999999,27000.000000000007,30.00000000000001,2024-12,Saturday
ORD_01614,2024-07-09,CUST_0450,Laptop,Electronics,North,9,60000,0.2,432000.0,302400.0,129600.0,30.0,2024-07,Tuesday
ORD_01615,2025-10-28,CUST_0088,Monitor,Electronics,North,3,20000,0.1,54000.0,37800.0,16200.0,30.0,2025-10,Tuesday
ORD_01616,2025-02-25,CUST_0318,Mouse,Electronics,East,6,800,0.15,4080.0,2856.0,1224.0,30.0,2025-02,Tuesday
ORD_01617,2025-11-30,CUST_0019,Monitor,Electronics,South,1,20000,0.1,18000.0,12600.0,5400.0,30.0,2025-11,Sunday
ORD_01618,2024-01-07,CUST_0081,Keyboard,Accessories,East,5,2000,0.15,8500.0,5950.0,2550.0,30.0,2024-01,Sunday
ORD_01619,2024-05-12,CUST_0107,Printer,Office,North,8,15000,0.05,114000.0,79800.0,34200.0,30.0,2024-05,Sunday
ORD_01620,2025-07-10,CUST_0497,Monitor,Accessories,North,5,20000,0.15,85000.0,59499.99999999999,25500.000000000007,30.00000000000001,2025-07,Thursday
ORD_01621,2024-01-31,CUST_0458,Printer,Electronics,North,9,15000,0.1,121500.0,85050.0,36450.0,30.0,2024-01,Wednesday
ORD_01622,2025-06-18,CUST_0498,Mouse,Office,North,6,800,0.15,4080.0,2856.0,1224.0,30.0,2025-06,Wednesday
ORD_01623,2025-03-01,CUST_0311,Printer,Office,West,8,15000,0.0,120000.0,84000.0,36000.0,30.0,2025-03,Saturday
ORD_01624,2025-01-28,CUST_0412,Monitor,Electronics,North,8,20000,0.15,136000.0,95200.0,40800.0,30.0,2025-01,Tuesday
ORD_01625,2025-11-02,CUST_0230,Monitor,Office,West,3,20000,0.15,51000.0,35700.0,15300.0,30.0,2025-11,Sunday
ORD_01626,2024-12-28,CUST_0112,Laptop,Accessories,West,7,60000,0.0,420000.0,294000.0,126000.0,30.0,2024-12,Saturday
ORD_01627,2025-03-12,CUST_0220,Monitor,Accessories,East,7,20000,0.0,140000.0,98000.0,42000.0,30.0,2025-03,Wednesday
ORD_01628,2025-10-31,CUST_0123,Printer,Accessories,West,6,15000,0.0,90000.0,62999.99999999999,27000.000000000007,30.00000000000001,2025-10,Friday
ORD_01629,2025-07-04,CUST_0498,Laptop,Accessories,East,7,60000,0.2,336000.0,235199.99999999997,100800.00000000003,30.00000000000001,2025-07,Friday
ORD_01630,2024-03-22,CUST_0244,Monitor,Office,West,2,20000,0.15,34000.0,23800.0,10200.0,30.0,2024-03,Friday
ORD_01631,2024-12-21,CUST_0178,Monitor,Accessories,West,9,20000,0.0,180000.0,125999.99999999999,54000.000000000015,30.00000000000001,2024-12,Saturday
ORD_01632,2024-09-14,CUST_0065,Mouse,Office,North,1,800,0.0,800.0,560.0,240.0,30.0,2024-09,Saturday
ORD_01633,2025-12-18,CUST_0380,Laptop,Electronics,South,1,60000,0.05,57000.0,39900.0,17100.0,30.0,2025-12,Thursday
ORD_01634,2025-08-11,CUST_0003,Mouse,Accessories,West,3,800,0.2,1920.0,1344.0,576.0,30.0,2025-08,Monday
ORD_01635,2025-06-07,CUST_0207,Mouse,Electronics,South,3,800,0.15,2040.0,1428.0,612.0,30.0,2025-06,Saturday
ORD_01636,2024-10-21,CUST_0436,Mouse,Accessories,South,1,800,0.1,720.0,503.99999999999994,216.00000000000006,30.00000000000001,2024-10,Monday
ORD_01637,2024-08-11,CUST_0394,Keyboard,Electronics,South,7,2000,0.2,11200.0,7839.999999999999,3360.000000000001,30.00000000000001,2024-08,Sunday
ORD_01638,2025-06-08,CUST_0021,Mouse,Electronics,West,4,800,0.2,2560.0,1792.0,768.0,30.0,2025-06,Sunday
ORD_01639,2024-02-15,CUST_0293,Printer,Electronics,South,2,15000,0.05,28500.0,19950.0,8550.0,30.0,2024-02,Thursday
ORD_01640,2025-10-28,CUST_0015,Monitor,Electronics,West,5,20000,0.15,85000.0,59499.99999999999,25500.000000000007,30.00000000000001,2025-10,Tuesday
ORD_01641,2024-04-22,CUST_0343,Keyboard,Electronics,North,6,2000,0.15,10200.0,7140.0,3060.0,30.0,2024-04,Monday
ORD_01642,2024-08-20,CUST_0206,Mouse,Office,West,9,800,0.0,7200.0,5040.0,2160.0,30.0,2024-08,Tuesday
ORD_01643,2024-01-17,CUST_0463,Monitor,Office,East,4,20000,0.0,80000.0,56000.0,24000.0,30.0,2024-01,Wednesday
ORD_01644,2024-12-25,CUST_0202,Laptop,Accessories,North,2,60000,0.2,96000.0,67200.0,28800.0,30.0,2024-12,Wednesday
ORD_01645,2024-08-10,CUST_0120,Laptop,Office,South,5,60000,0.05,285000.0,199500.0,85500.0,30.0,2024-08,Saturday
ORD_01646,2025-11-30,CUST_0137,Monitor,Electronics,South,3,20000,0.15,51000.0,35700.0,15300.0,30.0,2025-11,Sunday
ORD_01647,2025-03-23,CUST_0300,Printer,Office,East,2,15000,0.05,28500.0,19950.0,8550.0,30.0,2025-03,Sunday
ORD_01648,2024-12-30,CUST_0295,Monitor,Office,North,1,20000,0.1,18000.0,12600.0,5400.0,30.0,2024-12,Monday
ORD_01649,2025-11-05,CUST_0389,Monitor,Electronics,East,2,20000,0.15,34000.0,23800.0,10200.0,30.0,2025-11,Wednesday
ORD_01650,2024-11-21,CUST_0025,Keyboard,Office,South,6,2000,0.0,12000.0,8400.0,3600.0,30.0,2024-11,Thursday
ORD_01651,2025-04-11,CUST_0312,Laptop,Electronics,West,8,60000,0.2,384000.0,268800.0,115200.0,30.0,2025-04,Friday
ORD_01652,2025-02-17,CUST_0234,Laptop,Office,South,3,60000,0.05,171000.0,119699.99999999999,51300.000000000015,30.00000000000001,2025-02,Monday
ORD_01653,2025-03-30,CUST_0121,Mouse,Electronics,East,9,800,0.0,7200.0,5040.0,2160.0,30.0,2025-03,Sunday
ORD_01654,2025-08-08,CUST_0090,Monitor,Accessories,West,9,20000,0.2,144000.0,100800.0,43200.0,30.0,2025-08,Friday
ORD_01655,2024-08-20,CUST_0320,Monitor,Office,West,2,20000,0.0,40000.0,28000.0,12000.0,30.0,2024-08,Tuesday
ORD_01656,2024-08-11,CUST_0200,Printer,Accessories,South,8,15000,0.15,102000.0,71400.0,30600.0,30.0,2024-08,Sunday
ORD_01657,2025-02-15,CUST_0470,Laptop,Electronics,West,5,60000,0.05,285000.0,199500.0,85500.0,30.0,2025-02,Saturday
ORD_01658,2025-07-25,CUST_0180,Printer,Electronics,North,4,15000,0.1,54000.0,37800.0,16200.0,30.0,2025-07,Friday
ORD_01659,2024-11-30,CUST_0345,Keyboard,Accessories,South,5,2000,0.0,10000.0,7000.0,3000.0,30.0,2024-11,Saturday
ORD_01660,2024-08-09,CUST_0368,Mouse,Electronics,South,4,800,0.05,3040.0,2128.0,912.0,30.0,2024-08,Friday
ORD_01661,2024-02-06,CUST_0076,Printer,Electronics,North,8,15000,0.15,102000.0,71400.0,30600.0,30.0,2024-02,Tuesday
ORD_01662,2024-10-04,CUST_0137,Laptop,Electronics,South,4,60000,0.0,240000.0,168000.0,72000.0,30.0,2024-10,Friday
ORD_01663,2024-07-14,CUST_0138,Keyboard,Electronics,East,6,2000,0.15,10200.0,7140.0,3060.0,30.0,2024-07,Sunday
ORD_01664,2025-04-28,CUST_0496,Monitor,Electronics,East,2,20000,0.1,36000.0,25200.0,10800.0,30.0,2025-04,Monday
ORD_01665,2024-08-29,CUST_0010,Keyboard,Electronics,South,5,2000,0.1,9000.0,6300.0,2700.0,30.0,2024-08,Thursday
ORD_01666,2024-11-19,CUST_0201,Printer,Electronics,North,6,15000,0.2,72000.0,50400.0,21600.0,30.0,2024-11,Tuesday
ORD_01667,2024-07-10,CUST_0318,Laptop,Electronics,West,5,60000,0.2,240000.0,168000.0,72000.0,30.0,2024-07,Wednesday
ORD_01668,2024-01-17,CUST_0346,Printer,Accessories,North,2,15000,0.2,24000.0,16800.0,7200.0,30.0,2024-01,Wednesday
ORD_01669,2025-06-07,CUST_0483,Monitor,Office,East,7,20000,0.15,119000.0,83300.0,35700.0,30.0,2025-06,Saturday
ORD_01670,2025-02-04,CUST_0219,Monitor,Electronics,South,4,20000,0.2,64000.0,44800.0,19200.0,30.0,2025-02,Tuesday
ORD_01671,2025-12-05,CUST_0060,Laptop,Accessories,North,8,60000,0.05,456000.0,319200.0,136800.0,30.0,2025-12,Friday
ORD_01672,2024-01-22,CUST_0479,Mouse,Electronics,West,7,800,0.15,4760.0,3332.0,1428.0,30.0,2024-01,Monday
ORD_01673,2025-04-18,CUST_0147,Keyboard,Office,West,7,2000,0.15,11900.0,8330.0,3570.0,30.0,2025-04,Friday
ORD_01674,2024-04-29,CUST_0107,Keyboard,Electronics,West,9,2000,0.2,14400.0,10080.0,4320.0,30.0,2024-04,Monday
ORD_01675,2024-07-28,CUST_0038,Monitor,Accessories,West,1,20000,0.2,16000.0,11200.0,4800.0,30.0,2024-07,Sunday
ORD_01676,2024-11-01,CUST_0134,Printer,Accessories,North,6,15000,0.15,76500.0,53550.0,22950.0,30.0,2024-11,Friday
ORD_01677,2024-09-26,CUST_0399,Printer,Office,West,6,15000,0.1,81000.0,56700.0,24300.0,30.0,2024-09,Thursday
ORD_01678,2025-12-04,CUST_0221,Mouse,Electronics,East,6,800,0.1,4320.0,3024.0,1296.0,30.0,2025-12,Thursday
ORD_01679,2025-11-17,CUST_0303,Printer,Accessories,West,6,15000,0.2,72000.0,50400.0,21600.0,30.0,2025-11,Monday
ORD_01680,2024-10-11,CUST_0429,Keyboard,Office,East,7,2000,0.1,12600.0,8820.0,3780.0,30.0,2024-10,Friday
ORD_01681,2025-12-16,CUST_0133,Printer,Office,North,6,15000,0.05,85500.0,59849.99999999999,25650.000000000007,30.00000000000001,2025-12,Tuesday
ORD_01682,2025-11-06,CUST_0334,Mouse,Electronics,East,1,800,0.05,760.0,532.0,228.0,30.0,2025-11,Thursday
ORD_01683,2024-08-14,CUST_0053,Keyboard,Accessories,North,3,2000,0.05,5700.0,3989.9999999999995,1710.0000000000005,30.00000000000001,2024-08,Wednesday
ORD_01684,2025-01-15,CUST_0450,Printer,Electronics,West,2,15000,0.15,25500.0,17850.0,7650.0,30.0,2025-01,Wednesday
ORD_01685,2025-04-04,CUST_0062,Keyboard,Electronics,South,6,2000,0.15,10200.0,7140.0,3060.0,30.0,2025-04,Friday
ORD_01686,2024-01-07,CUST_0023,Monitor,Electronics,East,8,20000,0.15,136000.0,95200.0,40800.0,30.0,2024-01,Sunday
ORD_01687,2024-01-29,CUST_0044,Monitor,Accessories,East,3,20000,0.15,51000.0,35700.0,15300.0,30.0,2024-01,Monday
ORD_01688,2024-02-02,CUST_0308,Monitor,Office,South,8,20000,0.15,136000.0,95200.0,40800.0,30.0,2024-02,Friday
ORD_01689,2025-10-07,CUST_0046,Printer,Electronics,North,8,15000,0.2,96000.0,67200.0,28800.0,30.0,2025-10,Tuesday
ORD_01690,2024-03-19,CUST_0147,Mouse,Electronics,North,5,800,0.1,3600.0,2520.0,1080.0,30.0,2024-03,Tuesday
ORD_01691,2025-04-03,CUST_0216,Keyboard,Accessories,West,8,2000,0.2,12800.0,8960.0,3840.0,30.0,2025-04,Thursday
ORD_01692,2025-07-23,CUST_0340,Laptop,Electronics,East,6,60000,0.1,324000.0,226800.0,97200.0,30.0,2025-07,Wednesday
ORD_01693,2025-06-21,CUST_0047,Monitor,Office,North,5,20000,0.2,80000.0,56000.0,24000.0,30.0,2025-06,Saturday
ORD_01694,2025-04-26,CUST_0347,Monitor,Electronics,West,9,20000,0.05,171000.0,119699.99999999999,51300.000000000015,30.00000000000001,2025-04,Saturday
ORD_01695,2025-03-05,CUST_0308,Laptop,Office,North,7,60000,0.0,420000.0,294000.0,126000.0,30.0,2025-03,Wednesday
ORD_01696,2024-10-11,CUST_0024,Laptop,Electronics,South,8,60000,0.15,408000.0,285600.0,122400.0,30.0,2024-10,Friday
ORD_01697,2025-05-30,CUST_0145,Printer,Electronics,South,1,15000,0.0,15000.0,10500.0,4500.0,30.0,2025-05,Friday
ORD_01698,2024-04-08,CUST_0089,Keyboard,Electronics,South,2,2000,0.0,4000.0,2800.0,1200.0,30.0,2024-04,Monday
ORD_01699,2025-01-31,CUST_0174,Monitor,Office,West,8,20000,0.05,152000.0,106400.0,45600.0,30.0,2025-01,Friday
ORD_01700,2025-05-03,CUST_0064,Mouse,Electronics,East,9,800,0.0,7200.0,5040.0,2160.0,30.0,2025-05,Saturday
ORD_01701,2024-02-08,CUST_0119,Printer,Electronics,South,4,15000,0.0,60000.0,42000.0,18000.0,30.0,2024-02,Thursday
ORD_01702,2024-09-27,CUST_0223,Printer,Electronics,South,9,15000,0.05,128250.0,89775.0,38475.0,30.0,2024-09,Friday
ORD_01703,2024-06-05,CUST_0156,Mouse,Office,North,4,800,0.1,2880.0,2015.9999999999998,864.0000000000002,30.00000000000001,2024-06,Wednesday
ORD_01704,2024-03-15,CUST_0178,Mouse,Electronics,South,9,800,0.2,5760.0,4031.9999999999995,1728.0000000000005,30.00000000000001,2024-03,Friday
ORD_01705,2024-05-09,CUST_0320,Mouse,Accessories,East,7,800,0.0,5600.0,3919.9999999999995,1680.0000000000005,30.00000000000001,2024-05,Thursday
ORD_01706,2025-11-17,CUST_0412,Laptop,Office,West,2,60000,0.15,102000.0,71400.0,30600.0,30.0,2025-11,Monday
ORD_01707,2024-03-24,CUST_0342,Monitor,Accessories,South,9,20000,0.05,171000.0,119699.99999999999,51300.000000000015,30.00000000000001,2024-03,Sunday
ORD_01708,2024-01-22,CUST_0056,Laptop,Electronics,West,4,60000,0.0,240000.0,168000.0,72000.0,30.0,2024-01,Monday
ORD_01709,2025-04-03,CUST_0059,Monitor,Office,West,8,20000,0.1,144000.0,100800.0,43200.0,30.0,2025-04,Thursday
ORD_01710,2025-06-22,CUST_0389,Laptop,Office,East,7,60000,0.1,378000.0,264600.0,113400.0,30.0,2025-06,Sunday
ORD_01711,2025-12-07,CUST_0438,Keyboard,Electronics,North,7,2000,0.15,11900.0,8330.0,3570.0,30.0,2025-12,Sunday
ORD_01712,2025-01-16,CUST_0428,Monitor,Accessories,North,8,20000,0.0,160000.0,112000.0,48000.0,30.0,2025-01,Thursday
ORD_01713,2025-03-15,CUST_0426,Printer,Office,West,1,15000,0.15,12750.0,8925.0,3825.0,30.0,2025-03,Saturday
ORD_01714,2025-08-26,CUST_0456,Monitor,Office,South,5,20000,0.1,90000.0,62999.99999999999,27000.000000000007,30.00000000000001,2025-08,Tuesday
ORD_01715,2024-01-21,CUST_0381,Monitor,Office,West,2,20000,0.1,36000.0,25200.0,10800.0,30.0,2024-01,Sunday
ORD_01716,2024-10-29,CUST_0486,Monitor,Office,North,2,20000,0.2,32000.0,22400.0,9600.0,30.0,2024-10,Tuesday
ORD_01717,2024-03-24,CUST_0220,Keyboard,Office,South,1,2000,0.1,1800.0,1260.0,540.0,30.0,2024-03,Sunday
ORD_01718,2025-10-20,CUST_0185,Laptop,Electronics,North,5,60000,0.05,285000.0,199500.0,85500.0,30.0,2025-10,Monday
ORD_01719,2025-03-28,CUST_0047,Printer,Office,East,2,15000,0.2,24000.0,16800.0,7200.0,30.0,2025-03,Friday
ORD_01720,2025-01-21,CUST_0460,Laptop,Accessories,North,4,60000,0.15,204000.0,142800.0,61200.0,30.0,2025-01,Tuesday
ORD_01721,2025-05-21,CUST_0377,Laptop,Office,South,3,60000,0.1,162000.0,113400.0,48600.0,30.0,2025-05,Wednesday
ORD_01722,2024-09-13,CUST_0409,Mouse,Electronics,South,3,800,0.05,2280.0,1596.0,684.0,30.0,2024-09,Friday
ORD_01723,2025-07-23,CUST_0102,Keyboard,Electronics,West,2,2000,0.2,3200.0,2240.0,960.0,30.0,2025-07,Wednesday
ORD_01724,2025-06-10,CUST_0044,Mouse,Accessories,South,6,800,0.05,4560.0,3192.0,1368.0,30.0,2025-06,Tuesday
ORD_01725,2024-06-10,CUST_0015,Keyboard,Office,East,2,2000,0.2,3200.0,2240.0,960.0,30.0,2024-06,Monday
ORD_01726,2024-06-11,CUST_0236,Laptop,Accessories,North,8,60000,0.2,384000.0,268800.0,115200.0,30.0,2024-06,Tuesday
ORD_01727,2025-06-07,CUST_0361,Laptop,Accessories,West,8,60000,0.2,384000.0,268800.0,115200.0,30.0,2025-06,Saturday
ORD_01728,2024-09-27,CUST_0051,Keyboard,Accessories,West,5,2000,0.15,8500.0,5950.0,2550.0,30.0,2024-09,Friday
ORD_01729,2025-05-06,CUST_0309,Laptop,Accessories,South,7,60000,0.2,336000.0,235199.99999999997,100800.00000000003,30.00000000000001,2025-05,Tuesday
ORD_01730,2024-07-26,CUST_0034,Laptop,Office,East,4,60000,0.2,192000.0,134400.0,57600.0,30.0,2024-07,Friday
ORD_01731,2025-06-22,CUST_0124,Printer,Electronics,West,1,15000,0.05,14250.0,9975.0,4275.0,30.0,2025-06,Sunday
ORD_01732,2025-08-06,CUST_0493,Mouse,Electronics,East,2,800,0.2,1280.0,896.0,384.0,30.0,2025-08,Wednesday
ORD_01733,2024-02-29,CUST_0077,Mouse,Office,East,4,800,0.15,2720.0,1903.9999999999998,816.0000000000002,30.00000000000001,2024-02,Thursday
ORD_01734,2025-03-05,CUST_0392,Mouse,Accessories,North,1,800,0.05,760.0,532.0,228.0,30.0,2025-03,Wednesday
ORD_01735,2025-10-18,CUST_0123,Monitor,Office,North,8,20000,0.2,128000.0,89600.0,38400.0,30.0,2025-10,Saturday
ORD_01736,2025-08-27,CUST_0205,Printer,Accessories,North,9,15000,0.05,128250.0,89775.0,38475.0,30.0,2025-08,Wednesday
ORD_01737,2024-11-04,CUST_0228,Mouse,Accessories,East,4,800,0.15,2720.0,1903.9999999999998,816.0000000000002,30.00000000000001,2024-11,Monday
ORD_01738,2025-06-03,CUST_0070,Mouse,Office,North,3,800,0.05,2280.0,1596.0,684.0,30.0,2025-06,Tuesday
ORD_01739,2025-08-13,CUST_0230,Printer,Office,West,2,15000,0.15,25500.0,17850.0,7650.0,30.0,2025-08,Wednesday
ORD_01740,2024-01-27,CUST_0480,Laptop,Accessories,West,5,60000,0.1,270000.0,189000.0,81000.0,30.0,2024-01,Saturday
ORD_01741,2025-11-16,CUST_0021,Mouse,Accessories,South,3,800,0.2,1920.0,1344.0,576.0,30.0,2025-11,Sunday
ORD_01742,2025-07-15,CUST_0108,Laptop,Accessories,East,7,60000,0.15,357000.0,249899.99999999997,107100.00000000003,30.00000000000001,2025-07,Tuesday
ORD_01743,2024-07-17,CUST_0364,Mouse,Accessories,North,6,800,0.2,3840.0,2688.0,1152.0,30.0,2024-07,Wednesday
ORD_01744,2025-01-21,CUST_0241,Keyboard,Office,West,1,2000,0.15,1700.0,1190.0,510.0,30.0,2025-01,Tuesday
ORD_01745,2024-12-14,CUST_0251,Monitor,Electronics,East,8,20000,0.0,160000.0,112000.0,48000.0,30.0,2024-12,Saturday
ORD_01746,2025-11-23,CUST_0135,Mouse,Electronics,East,2,800,0.0,1600.0,1120.0,480.0,30.0,2025-11,Sunday
ORD_01747,2025-06-19,CUST_0090,Keyboard,Accessories,North,5,2000,0.0,10000.0,7000.0,3000.0,30.0,2025-06,Thursday
ORD_01748,2025-01-12,CUST_0079,Printer,Electronics,East,9,15000,0.15,114750.0,80325.0,34425.0,30.0,2025-01,Sunday
ORD_01749,2025-07-11,CUST_0440,Keyboard,Electronics,North,8,2000,0.2,12800.0,8960.0,3840.0,30.0,2025-07,Friday
ORD_01750,2025-06-10,CUST_0177,Printer,Electronics,North,2,15000,0.0,30000.0,21000.0,9000.0,30.0,2025-06,Tuesday
ORD_01751,2024-06-01,CUST_0298,Mouse,Electronics,North,9,800,0.2,5760.0,4031.9999999999995,1728.0000000000005,30.00000000000001,2024-06,Saturday
ORD_01752,2024-07-24,CUST_0407,Printer,Electronics,East,5,15000,0.15,63750.0,44625.0,19125.0,30.0,2024-07,Wednesday
ORD_01753,2025-03-30,CUST_0308,Keyboard,Electronics,East,6,2000,0.2,9600.0,6720.0,2880.0,30.0,2025-03,Sunday
ORD_01754,2024-09-29,CUST_0102,Monitor,Accessories,North,3,20000,0.2,48000.0,33600.0,14400.0,30.0,2024-09,Sunday
ORD_01755,2024-08-23,CUST_0361,Laptop,Accessories,East,3,60000,0.0,180000.0,125999.99999999999,54000.000000000015,30.00000000000001,2024-08,Friday
ORD_01756,2025-06-04,CUST_0335,Laptop,Accessories,North,8,60000,0.05,456000.0,319200.0,136800.0,30.0,2025-06,Wednesday
ORD_01757,2025-11-08,CUST_0112,Monitor,Office,South,2,20000,0.1,36000.0,25200.0,10800.0,30.0,2025-11,Saturday
ORD_01758,2025-12-26,CUST_0181,Laptop,Electronics,East,2,60000,0.15,102000.0,71400.0,30600.0,30.0,2025-12,Friday
ORD_01759,2025-05-15,CUST_0104,Mouse,Electronics,East,5,800,0.15,3400.0,2380.0,1020.0,30.0,2025-05,Thursday
ORD_01760,2024-04-26,CUST_0016,Mouse,Office,South,6,800,0.15,4080.0,2856.0,1224.0,30.0,2024-04,Friday
ORD_01761,2025-01-20,CUST_0096,Keyboard,Electronics,South,2,2000,0.1,3600.0,2520.0,1080.0,30.0,2025-01,Monday
ORD_01762,2024-12-09,CUST_0293,Keyboard,Accessories,South,5,2000,0.05,9500.0,6650.0,2850.0,30.0,2024-12,Monday
ORD_01763,2025-08-06,CUST_0146,Printer,Accessories,North,7,15000,0.2,84000.0,58799.99999999999,25200.000000000007,30.00000000000001,2025-08,Wednesday
ORD_01764,2025-01-29,CUST_0404,Keyboard,Office,North,8,2000,0.15,13600.0,9520.0,4080.0,30.0,2025-01,Wednesday
ORD_01765,2024-03-04,CUST_0302,Mouse,Accessories,West,7,800,0.2,4480.0,3136.0,1344.0,30.0,2024-03,Monday
ORD_01766,2025-12-17,CUST_0002,Keyboard,Office,South,8,2000,0.0,16000.0,11200.0,4800.0,30.0,2025-12,Wednesday
ORD_01767,2025-12-21,CUST_0119,Laptop,Accessories,West,9,60000,0.0,540000.0,378000.0,162000.0,30.0,2025-12,Sunday
ORD_01768,2024-03-12,CUST_0343,Printer,Electronics,North,5,15000,0.0,75000.0,52500.0,22500.0,30.0,2024-03,Tuesday
ORD_01769,2024-09-30,CUST_0094,Printer,Accessories,East,5,15000,0.15,63750.0,44625.0,19125.0,30.0,2024-09,Monday
ORD_01770,2024-11-15,CUST_0191,Mouse,Office,South,4,800,0.1,2880.0,2015.9999999999998,864.0000000000002,30.00000000000001,2024-11,Friday
ORD_01771,2024-12-03,CUST_0003,Keyboard,Electronics,East,9,2000,0.15,15300.0,10710.0,4590.0,30.0,2024-12,Tuesday
ORD_01772,2024-12-31,CUST_0430,Laptop,Office,North,5,60000,0.0,300000.0,210000.0,90000.0,30.0,2024-12,Tuesday
ORD_01773,2025-05-09,CUST_0487,Keyboard,Electronics,South,2,2000,0.0,4000.0,2800.0,1200.0,30.0,2025-05,Friday
ORD_01774,2025-08-29,CUST_0111,Monitor,Electronics,West,8,20000,0.15,136000.0,95200.0,40800.0,30.0,2025-08,Friday
ORD_01775,2024-06-14,CUST_0177,Keyboard,Accessories,West,7,2000,0.1,12600.0,8820.0,3780.0,30.0,2024-06,Friday
ORD_01776,2025-06-27,CUST_0257,Mouse,Accessories,North,8,800,0.1,5760.0,4031.9999999999995,1728.0000000000005,30.00000000000001,2025-06,Friday
ORD_01777,2024-01-11,CUST_0361,Keyboard,Electronics,East,3,2000,0.2,4800.0,3360.0,1440.0,30.0,2024-01,Thursday
ORD_01778,2024-10-27,CUST_0022,Printer,Accessories,North,4,15000,0.05,57000.0,39900.0,17100.0,30.0,2024-10,Sunday
ORD_01779,2025-12-29,CUST_0477,Laptop,Accessories,East,5,60000,0.0,300000.0,210000.0,90000.0,30.0,2025-12,Monday
ORD_01780,2024-04-11,CUST_0398,Mouse,Office,North,6,800,0.1,4320.0,3024.0,1296.0,30.0,2024-04,Thursday
ORD_01781,2025-02-28,CUST_0496,Monitor,Accessories,West,1,20000,0.0,20000.0,14000.0,6000.0,30.0,2025-02,Friday
ORD_01782,2025-01-26,CUST_0220,Laptop,Electronics,East,4,60000,0.05,228000.0,159600.0,68400.0,30.0,2025-01,Sunday
ORD_01783,2024-08-01,CUST_0469,Laptop,Accessories,North,5,60000,0.0,300000.0,210000.0,90000.0,30.0,2024-08,Thursday
ORD_01784,2025-11-21,CUST_0173,Printer,Electronics,South,7,15000,0.1,94500.0,66150.0,28350.0,30.0,2025-11,Friday
ORD_01785,2024-03-28,CUST_0224,Printer,Electronics,West,5,15000,0.2,60000.0,42000.0,18000.0,30.0,2024-03,Thursday
ORD_01786,2025-07-06,CUST_0390,Printer,Office,West,1,15000,0.15,12750.0,8925.0,3825.0,30.0,2025-07,Sunday
ORD_01787,2025-02-04,CUST_0065,Mouse,Electronics,South,7,800,0.15,4760.0,3332.0,1428.0,30.0,2025-02,Tuesday
ORD_01788,2025-08-10,CUST_0277,Keyboard,Electronics,North,8,2000,0.1,14400.0,10080.0,4320.0,30.0,2025-08,Sunday
ORD_01789,2024-02-15,CUST_0249,Laptop,Office,East,7,60000,0.1,378000.0,264600.0,113400.0,30.0,2024-02,Thursday
ORD_01790,2025-11-02,CUST_0260,Keyboard,Electronics,West,4,2000,0.05,7600.0,5320.0,2280.0,30.0,2025-11,Sunday
ORD_01791,2025-04-07,CUST_0131,Keyboard,Office,North,8,2000,0.0,16000.0,11200.0,4800.0,30.0,2025-04,Monday
ORD_01792,2025-08-14,CUST_0113,Printer,Electronics,South,5,15000,0.05,71250.0,49875.0,21375.0,30.0,2025-08,Thursday
ORD_01793,2024-11-05,CUST_0286,Keyboard,Accessories,East,9,2000,0.15,15300.0,10710.0,4590.0,30.0,2024-11,Tuesday
ORD_01794,2024-03-26,CUST_0287,Laptop,Office,North,5,60000,0.0,300000.0,210000.0,90000.0,30.0,2024-03,Tuesday
ORD_01795,2024-04-01,CUST_0418,Laptop,Office,North,1,60000,0.05,57000.0,39900.0,17100.0,30.0,2024-04,Monday
ORD_01796,2025-10-21,CUST_0211,Monitor,Electronics,West,9,20000,0.15,153000.0,107100.0,45900.0,30.0,2025-10,Tuesday
ORD_01797,2025-11-03,CUST_0020,Mouse,Office,West,5,800,0.0,4000.0,2800.0,1200.0,30.0,2025-11,Monday
ORD_01798,2025-12-14,CUST_0215,Keyboard,Electronics,East,6,2000,0.2,9600.0,6720.0,2880.0,30.0,2025-12,Sunday
ORD_01799,2024-08-29,CUST_0310,Mouse,Office,North,4,800,0.2,2560.0,1792.0,768.0,30.0,2024-08,Thursday
ORD_01800,2024-01-02,CUST_0251,Mouse,Office,South,6,800,0.05,4560.0,3192.0,1368.0,30.0,2024-01,Tuesday
ORD_01801,2024-08-12,CUST_0488,Mouse,Accessories,South,8,800,0.1,5760.0,4031.9999999999995,1728.0000000000005,30.00000000000001,2024-08,Monday
ORD_01802,2025-08-11,CUST_0382,Mouse,Electronics,East,3,800,0.0,2400.0,1680.0,720.0,30.0,2025-08,Monday
ORD_01803,2024-04-25,CUST_0409,Laptop,Accessories,North,5,60000,0.05,285000.0,199500.0,85500.0,30.0,2024-04,Thursday
ORD_01804,2025-10-27,CUST_0271,Keyboard,Office,West,2,2000,0.1,3600.0,2520.0,1080.0,30.0,2025-10,Monday
ORD_01805,2024-04-12,CUST_0422,Monitor,Electronics,North,2,20000,0.1,36000.0,25200.0,10800.0,30.0,2024-04,Friday
ORD_01806,2024-07-12,CUST_0407,Mouse,Accessories,West,7,800,0.0,5600.0,3919.9999999999995,1680.0000000000005,30.00000000000001,2024-07,Friday
ORD_01807,2024-06-14,CUST_0180,Monitor,Office,South,6,20000,0.0,120000.0,84000.0,36000.0,30.0,2024-06,Friday
ORD_01808,2024-03-30,CUST_0194,Laptop,Accessories,East,4,60000,0.1,216000.0,151200.0,64800.0,30.0,2024-03,Saturday
ORD_01809,2025-11-16,CUST_0441,Laptop,Office,East,5,60000,0.15,255000.0,178500.0,76500.0,30.0,2025-11,Sunday
ORD_01810,2024-05-01,CUST_0313,Printer,Office,East,1,15000,0.05,14250.0,9975.0,4275.0,30.0,2024-05,Wednesday
ORD_01811,2024-05-22,CUST_0079,Mouse,Electronics,West,7,800,0.0,5600.0,3919.9999999999995,1680.0000000000005,30.00000000000001,2024-05,Wednesday
ORD_01812,2024-04-15,CUST_0180,Printer,Electronics,South,8,15000,0.1,108000.0,75600.0,32400.0,30.0,2024-04,Monday
ORD_01813,2025-03-03,CUST_0492,Monitor,Electronics,South,9,20000,0.15,153000.0,107100.0,45900.0,30.0,2025-03,Monday
ORD_01814,2024-10-31,CUST_0163,Keyboard,Office,East,8,2000,0.2,12800.0,8960.0,3840.0,30.0,2024-10,Thursday
ORD_01815,2024-11-12,CUST_0202,Printer,Accessories,East,5,15000,0.1,67500.0,47250.0,20250.0,30.0,2024-11,Tuesday
ORD_01816,2025-09-26,CUST_0014,Laptop,Electronics,West,3,60000,0.15,153000.0,107100.0,45900.0,30.0,2025-09,Friday
ORD_01817,2024-01-09,CUST_0347,Mouse,Electronics,West,9,800,0.2,5760.0,4031.9999999999995,1728.0000000000005,30.00000000000001,2024-01,Tuesday
ORD_01818,2024-03-13,CUST_0246,Monitor,Electronics,North,6,20000,0.15,102000.0,71400.0,30600.0,30.0,2024-03,Wednesday
ORD_01819,2024-12-24,CUST_0014,Laptop,Electronics,West,5,60000,0.0,300000.0,210000.0,90000.0,30.0,2024-12,Tuesday
ORD_01820,2024-08-10,CUST_0099,Keyboard,Office,North,3,2000,0.1,5400.0,3779.9999999999995,1620.0000000000005,30.00000000000001,2024-08,Saturday
ORD_01821,2025-02-19,CUST_0033,Mouse,Accessories,East,6,800,0.2,3840.0,2688.0,1152.0,30.0,2025-02,Wednesday
ORD_01822,2025-07-06,CUST_0436,Keyboard,Office,South,3,2000,0.15,5100.0,3570.0,1530.0,30.0,2025-07,Sunday
ORD_01823,2025-01-04,CUST_0257,Keyboard,Office,West,6,2000,0.2,9600.0,6720.0,2880.0,30.0,2025-01,Saturday
ORD_01824,2025-12-16,CUST_0034,Mouse,Office,South,4,800,0.05,3040.0,2128.0,912.0,30.0,2025-12,Tuesday
ORD_01825,2024-09-20,CUST_0019,Mouse,Electronics,West,2,800,0.1,1440.0,1007.9999999999999,432.0000000000001,30.00000000000001,2024-09,Friday
ORD_01826,2025-11-20,CUST_0152,Keyboard,Accessories,West,8,2000,0.0,16000.0,11200.0,4800.0,30.0,2025-11,Thursday
ORD_01827,2024-11-13,CUST_0490,Monitor,Office,North,4,20000,0.2,64000.0,44800.0,19200.0,30.0,2024-11,Wednesday
ORD_01828,2024-03-24,CUST_0260,Mouse,Office,West,9,800,0.15,6120.0,4284.0,1836.0,30.0,2024-03,Sunday
ORD_01829,2024-11-13,CUST_0164,Laptop,Office,East,7,60000,0.2,336000.0,235199.99999999997,100800.00000000003,30.00000000000001,2024-11,Wednesday
ORD_01830,2024-04-20,CUST_0077,Printer,Electronics,South,2,15000,0.15,25500.0,17850.0,7650.0,30.0,2024-04,Saturday
ORD_01831,2024-09-07,CUST_0314,Monitor,Electronics,West,4,20000,0.2,64000.0,44800.0,19200.0,30.0,2024-09,Saturday
ORD_01832,2025-01-17,CUST_0416,Mouse,Office,South,5,800,0.0,4000.0,2800.0,1200.0,30.0,2025-01,Friday
ORD_01833,2024-01-07,CUST_0137,Mouse,Electronics,South,3,800,0.0,2400.0,1680.0,720.0,30.0,2024-01,Sunday
ORD_01834,2025-04-03,CUST_0359,Monitor,Accessories,South,9,20000,0.1,162000.0,113400.0,48600.0,30.0,2025-04,Thursday
ORD_01835,2024-03-24,CUST_0208,Printer,Electronics,West,5,15000,0.0,75000.0,52500.0,22500.0,30.0,2024-03,Sunday
ORD_01836,2024-07-26,CUST_0242,Keyboard,Office,North,2,2000,0.2,3200.0,2240.0,960.0,30.0,2024-07,Friday
ORD_01837,2025-01-24,CUST_0067,Laptop,Accessories,South,3,60000,0.2,144000.0,100800.0,43200.0,30.0,2025-01,Friday
ORD_01838,2024-11-09,CUST_0116,Mouse,Electronics,South,9,800,0.0,7200.0,5040.0,2160.0,30.0,2024-11,Saturday
ORD_01839,2024-01-22,CUST_0404,Printer,Office,West,7,15000,0.05,99750.0,69825.0,29925.0,30.0,2024-01,Monday
ORD_01840,2025-02-13,CUST_0202,Laptop,Accessories,West,2,60000,0.2,96000.0,67200.0,28800.0,30.0,2025-02,Thursday
ORD_01841,2025-05-29,CUST_0376,Monitor,Accessories,East,9,20000,0.1,162000.0,113400.0,48600.0,30.0,2025-05,Thursday
ORD_01842,2024-05-06,CUST_0250,Mouse,Accessories,East,4,800,0.05,3040.0,2128.0,912.0,30.0,2024-05,Monday
ORD_01843,2025-11-30,CUST_0446,Keyboard,Electronics,North,9,2000,0.0,18000.0,12600.0,5400.0,30.0,2025-11,Sunday
ORD_01844,2024-01-14,CUST_0442,Monitor,Accessories,North,2,20000,0.15,34000.0,23800.0,10200.0,30.0,2024-01,Sunday
ORD_01845,2024-01-12,CUST_0278,Mouse,Electronics,North,4,800,0.2,2560.0,1792.0,768.0,30.0,2024-01,Friday
ORD_01846,2024-03-27,CUST_0112,Printer,Office,North,5,15000,0.15,63750.0,44625.0,19125.0,30.0,2024-03,Wednesday
ORD_01847,2025-06-07,CUST_0451,Laptop,Electronics,South,2,60000,0.1,108000.0,75600.0,32400.0,30.0,2025-06,Saturday
ORD_01848,2025-06-20,CUST_0331,Laptop,Electronics,West,1,60000,0.05,57000.0,39900.0,17100.0,30.0,2025-06,Friday
ORD_01849,2024-10-27,CUST_0473,Mouse,Office,East,7,800,0.15,4760.0,3332.0,1428.0,30.0,2024-10,Sunday
ORD_01850,2024-08-30,CUST_0234,Monitor,Electronics,South,1,20000,0.1,18000.0,12600.0,5400.0,30.0,2024-08,Friday
ORD_01851,2024-05-01,CUST_0176,Keyboard,Electronics,West,8,2000,0.15,13600.0,9520.0,4080.0,30.0,2024-05,Wednesday
ORD_01852,2024-05-26,CUST_0392,Printer,Office,West,3,15000,0.15,38250.0,26775.0,11475.0,30.0,2024-05,Sunday
ORD_01853,2025-07-20,CUST_0457,Mouse,Accessories,South,6,800,0.1,4320.0,3024.0,1296.0,30.0,2025-07,Sunday
ORD_01854,2024-12-21,CUST_0143,Printer,Office,South,7,15000,0.2,84000.0,58799.99999999999,25200.000000000007,30.00000000000001,2024-12,Saturday
ORD_01855,2025-11-15,CUST_0032,Laptop,Accessories,East,1,60000,0.15,51000.0,35700.0,15300.0,30.0,2025-11,Saturday
ORD_01856,2025-09-22,CUST_0181,Keyboard,Electronics,North,6,2000,0.1,10800.0,7559.999999999999,3240.000000000001,30.00000000000001,2025-09,Monday
ORD_01857,2024-11-04,CUST_0067,Printer,Office,North,7,15000,0.15,89250.0,62474.99999999999,26775.000000000007,30.00000000000001,2024-11,Monday
ORD_01858,2025-11-25,CUST_0004,Mouse,Accessories,East,6,800,0.2,3840.0,2688.0,1152.0,30.0,2025-11,Tuesday
ORD_01859,2024-10-14,CUST_0286,Keyboard,Electronics,East,4,2000,0.1,7200.0,5040.0,2160.0,30.0,2024-10,Monday
ORD_01860,2024-11-02,CUST_0269,Monitor,Electronics,North,1,20000,0.15,17000.0,11900.0,5100.0,30.0,2024-11,Saturday
ORD_01861,2025-08-16,CUST_0236,Mouse,Electronics,South,9,800,0.0,7200.0,5040.0,2160.0,30.0,2025-08,Saturday
ORD_01862,2025-12-23,CUST_0277,Printer,Accessories,North,4,15000,0.2,48000.0,33600.0,14400.0,30.0,2025-12,Tuesday
ORD_01863,2025-10-23,CUST_0041,Keyboard,Accessories,West,7,2000,0.15,11900.0,8330.0,3570.0,30.0,2025-10,Thursday
ORD_01864,2025-07-02,CUST_0121,Mouse,Accessories,West,7,800,0.05,5320.0,3723.9999999999995,1596.0000000000005,30.00000000000001,2025-07,Wednesday
ORD_01865,2024-12-17,CUST_0494,Keyboard,Electronics,East,2,2000,0.1,3600.0,2520.0,1080.0,30.0,2024-12,Tuesday
ORD_01866,2024-11-07,CUST_0275,Keyboard,Accessories,North,1,2000,0.15,1700.0,1190.0,510.0,30.0,2024-11,Thursday
ORD_01867,2024-02-28,CUST_0231,Keyboard,Office,North,8,2000,0.2,12800.0,8960.0,3840.0,30.0,2024-02,Wednesday
ORD_01868,2025-10-04,CUST_0304,Printer,Accessories,West,8,15000,0.2,96000.0,67200.0,28800.0,30.0,2025-10,Saturday
ORD_01869,2025-12-14,CUST_0086,Mouse,Accessories,North,7,800,0.05,5320.0,3723.9999999999995,1596.0000000000005,30.00000000000001,2025-12,Sunday
ORD_01870,2024-02-04,CUST_0063,Laptop,Electronics,East,8,60000,0.05,456000.0,319200.0,136800.0,30.0,2024-02,Sunday
ORD_01871,2025-03-20,CUST_0404,Laptop,Office,East,3,60000,0.15,153000.0,107100.0,45900.0,30.0,2025-03,Thursday
ORD_01872,2024-04-02,CUST_0192,Printer,Office,West,2,15000,0.0,30000.0,21000.0,9000.0,30.0,2024-04,Tuesday
ORD_01873,2024-07-25,CUST_0293,Printer,Office,North,7,15000,0.2,84000.0,58799.99999999999,25200.000000000007,30.00000000000001,2024-07,Thursday
ORD_01874,2024-12-18,CUST_0031,Keyboard,Accessories,North,8,2000,0.0,16000.0,11200.0,4800.0,30.0,2024-12,Wednesday
ORD_01875,2024-11-27,CUST_0330,Mouse,Electronics,West,1,800,0.0,800.0,560.0,240.0,30.0,2024-11,Wednesday
ORD_01876,2025-12-25,CUST_0146,Mouse,Accessories,South,9,800,0.15,6120.0,4284.0,1836.0,30.0,2025-12,Thursday
ORD_01877,2024-06-07,CUST_0107,Monitor,Electronics,South,4,20000,0.1,72000.0,50400.0,21600.0,30.0,2024-06,Friday
ORD_01878,2024-01-24,CUST_0359,Monitor,Office,North,4,20000,0.1,72000.0,50400.0,21600.0,30.0,2024-01,Wednesday
ORD_01879,2025-02-07,CUST_0110,Laptop,Accessories,East,3,60000,0.1,162000.0,113400.0,48600.0,30.0,2025-02,Friday
ORD_01880,2025-05-30,CUST_0276,Monitor,Electronics,South,6,20000,0.05,114000.0,79800.0,34200.0,30.0,2025-05,Friday
ORD_01881,2024-12-29,CUST_0210,Monitor,Accessories,North,1,20000,0.2,16000.0,11200.0,4800.0,30.0,2024-12,Sunday
ORD_01882,2025-01-16,CUST_0139,Laptop,Electronics,South,6,60000,0.05,342000.0,239399.99999999997,102600.00000000003,30.00000000000001,2025-01,Thursday
ORD_01883,2025-06-15,CUST_0086,Laptop,Office,West,2,60000,0.2,96000.0,67200.0,28800.0,30.0,2025-06,Sunday
ORD_01884,2024-05-31,CUST_0044,Monitor,Accessories,South,9,20000,0.2,144000.0,100800.0,43200.0,30.0,2024-05,Friday
ORD_01885,2025-07-15,CUST_0082,Mouse,Office,South,2,800,0.2,1280.0,896.0,384.0,30.0,2025-07,Tuesday
ORD_01886,2025-11-19,CUST_0064,Monitor,Accessories,West,7,20000,0.15,119000.0,83300.0,35700.0,30.0,2025-11,Wednesday
ORD_01887,2025-08-30,CUST_0378,Keyboard,Accessories,East,1,2000,0.1,1800.0,1260.0,540.0,30.0,2025-08,Saturday
ORD_01888,2025-09-08,CUST_0418,Keyboard,Electronics,North,7,2000,0.05,13300.0,9310.0,3990.0,30.0,2025-09,Monday
ORD_01889,2025-02-23,CUST_0343,Keyboard,Electronics,East,5,2000,0.05,9500.0,6650.0,2850.0,30.0,2025-02,Sunday
ORD_01890,2024-09-06,CUST_0321,Printer,Electronics,East,8,15000,0.15,102000.0,71400.0,30600.0,30.0,2024-09,Friday
ORD_01891,2024-04-26,CUST_0055,Keyboard,Office,South,4,2000,0.2,6400.0,4480.0,1920.0,30.0,2024-04,Friday
ORD_01892,2025-05-26,CUST_0074,Mouse,Office,North,7,800,0.1,5040.0,3528.0,1512.0,30.0,2025-05,Monday
ORD_01893,2025-07-31,CUST_0373,Printer,Accessories,South,6,15000,0.0,90000.0,62999.99999999999,27000.000000000007,30.00000000000001,2025-07,Thursday
ORD_01894,2024-11-30,CUST_0129,Printer,Electronics,West,5,15000,0.0,75000.0,52500.0,22500.0,30.0,2024-11,Saturday
ORD_01895,2025-02-21,CUST_0256,Keyboard,Office,East,4,2000,0.15,6800.0,4760.0,2040.0,30.0,2025-02,Friday
ORD_01896,2024-10-21,CUST_0422,Monitor,Accessories,East,7,20000,0.1,126000.0,88200.0,37800.0,30.0,2024-10,Monday
ORD_01897,2025-01-05,CUST_0231,Laptop,Office,West,5,60000,0.0,300000.0,210000.0,90000.0,30.0,2025-01,Sunday
ORD_01898,2024-07-04,CUST_0497,Monitor,Accessories,North,5,20000,0.0,100000.0,70000.0,30000.0,30.0,2024-07,Thursday
ORD_01899,2024-09-02,CUST_0137,Monitor,Electronics,East,1,20000,0.05,19000.0,13300.0,5700.0,30.0,2024-09,Monday
ORD_01900,2025-09-28,CUST_0351,Printer,Accessories,East,2,15000,0.1,27000.0,18900.0,8100.0,30.0,2025-09,Sunday
ORD_01901,2024-09-24,CUST_0455,Printer,Accessories,North,5,15000,0.0,75000.0,52500.0,22500.0,30.0,2024-09,Tuesday
ORD_01902,2025-10-04,CUST_0401,Printer,Electronics,South,3,15000,0.05,42750.0,29924.999999999996,12825.000000000004,30.00000000000001,2025-10,Saturday
ORD_01903,2024-08-24,CUST_0355,Mouse,Electronics,West,2,800,0.1,1440.0,1007.9999999999999,432.0000000000001,30.00000000000001,2024-08,Saturday
ORD_01904,2025-06-13,CUST_0112,Mouse,Accessories,North,4,800,0.2,2560.0,1792.0,768.0,30.0,2025-06,Friday
ORD_01905,2025-07-05,CUST_0485,Laptop,Office,West,4,60000,0.1,216000.0,151200.0,64800.0,30.0,2025-07,Saturday
ORD_01906,2024-01-21,CUST_0308,Printer,Electronics,West,4,15000,0.15,51000.0,35700.0,15300.0,30.0,2024-01,Sunday
ORD_01907,2025-06-03,CUST_0146,Keyboard,Accessories,East,4,2000,0.05,7600.0,5320.0,2280.0,30.0,2025-06,Tuesday
ORD_01908,2024-04-09,CUST_0447,Printer,Electronics,North,3,15000,0.2,36000.0,25200.0,10800.0,30.0,2024-04,Tuesday
ORD_01909,2025-04-22,CUST_0033,Mouse,Electronics,West,7,800,0.05,5320.0,3723.9999999999995,1596.0000000000005,30.00000000000001,2025-04,Tuesday
ORD_01910,2025-08-21,CUST_0260,Printer,Office,South,9,15000,0.05,128250.0,89775.0,38475.0,30.0,2025-08,Thursday
ORD_01911,2024-10-24,CUST_0087,Mouse,Electronics,West,5,800,0.0,4000.0,2800.0,1200.0,30.0,2024-10,Thursday
ORD_01912,2025-06-09,CUST_0331,Printer,Accessories,East,4,15000,0.1,54000.0,37800.0,16200.0,30.0,2025-06,Monday
ORD_01913,2024-11-29,CUST_0436,Keyboard,Accessories,South,2,2000,0.05,3800.0,2660.0,1140.0,30.0,2024-11,Friday
ORD_01914,2024-01-02,CUST_0265,Laptop,Electronics,South,2,60000,0.05,114000.0,79800.0,34200.0,30.0,2024-01,Tuesday
ORD_01915,2025-01-09,CUST_0320,Keyboard,Electronics,North,5,2000,0.15,8500.0,5950.0,2550.0,30.0,2025-01,Thursday
ORD_01916,2024-10-19,CUST_0030,Mouse,Office,South,7,800,0.15,4760.0,3332.0,1428.0,30.0,2024-10,Saturday
ORD_01917,2025-07-06,CUST_0392,Monitor,Office,North,9,20000,0.15,153000.0,107100.0,45900.0,30.0,2025-07,Sunday
ORD_01918,2024-11-13,CUST_0232,Keyboard,Office,North,7,2000,0.05,13300.0,9310.0,3990.0,30.0,2024-11,Wednesday
ORD_01919,2025-05-16,CUST_0389,Printer,Accessories,South,5,15000,0.2,60000.0,42000.0,18000.0,30.0,2025-05,Friday
ORD_01920,2025-01-15,CUST_0076,Laptop,Office,North,6,60000,0.1,324000.0,226800.0,97200.0,30.0,2025-01,Wednesday
ORD_01921,2025-09-14,CUST_0447,Printer,Accessories,North,3,15000,0.05,42750.0,29924.999999999996,12825.000000000004,30.00000000000001,2025-09,Sunday
ORD_01922,2024-01-14,CUST_0129,Printer,Office,South,5,15000,0.0,75000.0,52500.0,22500.0,30.0,2024-01,Sunday
ORD_01923,2025-05-18,CUST_0271,Keyboard,Accessories,East,8,2000,0.2,12800.0,8960.0,3840.0,30.0,2025-05,Sunday
ORD_01924,2024-08-18,CUST_0089,Laptop,Electronics,West,1,60000,0.2,48000.0,33600.0,14400.0,30.0,2024-08,Sunday
ORD_01925,2024-03-24,CUST_0466,Monitor,Accessories,North,1,20000,0.1,18000.0,12600.0,5400.0,30.0,2024-03,Sunday
ORD_01926,2024-05-09,CUST_0422,Printer,Electronics,North,7,15000,0.2,84000.0,58799.99999999999,25200.000000000007,30.00000000000001,2024-05,Thursday
ORD_01927,2024-05-24,CUST_0170,Laptop,Accessories,South,5,60000,0.1,270000.0,189000.0,81000.0,30.0,2024-05,Friday
ORD_01928,2024-01-28,CUST_0128,Monitor,Accessories,West,5,20000,0.2,80000.0,56000.0,24000.0,30.0,2024-01,Sunday
ORD_01929,2024-03-06,CUST_0174,Printer,Electronics,West,1,15000,0.1,13500.0,9450.0,4050.0,30.0,2024-03,Wednesday
ORD_01930,2024-06-11,CUST_0437,Laptop,Accessories,North,9,60000,0.15,459000.0,321300.0,137700.0,30.0,2024-06,Tuesday
ORD_01931,2024-08-16,CUST_0026,Keyboard,Accessories,South,1,2000,0.15,1700.0,1190.0,510.0,30.0,2024-08,Friday
ORD_01932,2024-09-17,CUST_0061,Printer,Office,East,5,15000,0.2,60000.0,42000.0,18000.0,30.0,2024-09,Tuesday
ORD_01933,2025-03-24,CUST_0488,Printer,Electronics,West,9,15000,0.2,108000.0,75600.0,32400.0,30.0,2025-03,Monday
ORD_01934,2025-02-27,CUST_0379,Laptop,Electronics,East,4,60000,0.1,216000.0,151200.0,64800.0,30.0,2025-02,Thursday
ORD_01935,2025-04-04,CUST_0067,Printer,Office,South,8,15000,0.1,108000.0,75600.0,32400.0,30.0,2025-04,Friday
ORD_01936,2025-11-06,CUST_0438,Monitor,Office,East,6,20000,0.05,114000.0,79800.0,34200.0,30.0,2025-11,Thursday
ORD_01937,2024-10-27,CUST_0406,Printer,Electronics,South,3,15000,0.15,38250.0,26775.0,11475.0,30.0,2024-10,Sunday
ORD_01938,2024-10-29,CUST_0026,Mouse,Electronics,North,4,800,0.05,3040.0,2128.0,912.0,30.0,2024-10,Tuesday
ORD_01939,2024-10-13,CUST_0083,Monitor,Electronics,East,2,20000,0.05,38000.0,26600.0,11400.0,30.0,2024-10,Sunday
ORD_01940,2025-01-29,CUST_0492,Laptop,Office,North,1,60000,0.0,60000.0,42000.0,18000.0,30.0,2025-01,Wednesday
ORD_01941,2024-01-10,CUST_0364,Monitor,Office,North,8,20000,0.1,144000.0,100800.0,43200.0,30.0,2024-01,Wednesday
ORD_01942,2025-12-07,CUST_0367,Mouse,Accessories,South,1,800,0.0,800.0,560.0,240.0,30.0,2025-12,Sunday
ORD_01943,2025-09-21,CUST_0060,Mouse,Office,East,1,800,0.0,800.0,560.0,240.0,30.0,2025-09,Sunday
ORD_01944,2024-09-26,CUST_0039,Printer,Accessories,West,4,15000,0.05,57000.0,39900.0,17100.0,30.0,2024-09,Thursday
ORD_01945,2025-08-14,CUST_0123,Printer,Accessories,East,6,15000,0.0,90000.0,62999.99999999999,27000.000000000007,30.00000000000001,2025-08,Thursday
ORD_01946,2025-08-27,CUST_0292,Keyboard,Office,West,9,2000,0.1,16200.0,11340.0,4860.0,30.0,2025-08,Wednesday
ORD_01947,2024-12-26,CUST_0277,Monitor,Office,North,1,20000,0.05,19000.0,13300.0,5700.0,30.0,2024-12,Thursday
ORD_01948,2024-09-13,CUST_0425,Keyboard,Office,North,7,2000,0.1,12600.0,8820.0,3780.0,30.0,2024-09,Friday
ORD_01949,2024-05-12,CUST_0374,Mouse,Office,South,5,800,0.2,3200.0,2240.0,960.0,30.0,2024-05,Sunday
ORD_01950,2024-10-02,CUST_0304,Printer,Electronics,West,8,15000,0.0,120000.0,84000.0,36000.0,30.0,2024-10,Wednesday
ORD_01951,2025-11-13,CUST_0282,Printer,Office,East,7,15000,0.05,99750.0,69825.0,29925.0,30.0,2025-11,Thursday
ORD_01952,2025-05-27,CUST_0191,Printer,Accessories,South,4,15000,0.15,51000.0,35700.0,15300.0,30.0,2025-05,Tuesday
ORD_01953,2024-11-08,CUST_0461,Laptop,Accessories,South,4,60000,0.1,216000.0,151200.0,64800.0,30.0,2024-11,Friday
ORD_01954,2025-07-29,CUST_0292,Mouse,Electronics,South,6,800,0.0,4800.0,3360.0,1440.0,30.0,2025-07,Tuesday
ORD_01955,2024-10-10,CUST_0152,Printer,Electronics,East,6,15000,0.1,81000.0,56700.0,24300.0,30.0,2024-10,Thursday
ORD_01956,2024-04-30,CUST_0384,Mouse,Office,South,9,800,0.1,6480.0,4536.0,1944.0,30.0,2024-04,Tuesday
ORD_01957,2024-04-16,CUST_0233,Printer,Electronics,East,5,15000,0.2,60000.0,42000.0,18000.0,30.0,2024-04,Tuesday
ORD_01958,2025-11-17,CUST_0474,Monitor,Office,South,8,20000,0.1,144000.0,100800.0,43200.0,30.0,2025-11,Monday
ORD_01959,2024-07-22,CUST_0405,Mouse,Office,West,5,800,0.2,3200.0,2240.0,960.0,30.0,2024-07,Monday
ORD_01960,2024-06-13,CUST_0146,Keyboard,Electronics,North,2,2000,0.2,3200.0,2240.0,960.0,30.0,2024-06,Thursday
ORD_01961,2024-10-31,CUST_0271,Laptop,Electronics,West,6,60000,0.2,288000.0,201600.0,86400.0,30.0,2024-10,Thursday
ORD_01962,2025-05-11,CUST_0335,Keyboard,Accessories,West,9,2000,0.0,18000.0,12600.0,5400.0,30.0,2025-05,Sunday
ORD_01963,2025-09-23,CUST_0134,Mouse,Electronics,South,3,800,0.1,2160.0,1512.0,648.0,30.0,2025-09,Tuesday
ORD_01964,2025-07-09,CUST_0171,Printer,Electronics,West,1,15000,0.1,13500.0,9450.0,4050.0,30.0,2025-07,Wednesday
ORD_01965,2024-06-04,CUST_0415,Mouse,Electronics,West,1,800,0.2,640.0,448.0,192.0,30.0,2024-06,Tuesday
ORD_01966,2025-01-01,CUST_0028,Laptop,Accessories,West,3,60000,0.1,162000.0,113400.0,48600.0,30.0,2025-01,Wednesday
ORD_01967,2025-12-19,CUST_0136,Mouse,Office,South,5,800,0.1,3600.0,2520.0,1080.0,30.0,2025-12,Friday
ORD_01968,2025-09-11,CUST_0413,Printer,Accessories,East,3,15000,0.2,36000.0,25200.0,10800.0,30.0,2025-09,Thursday
ORD_01969,2024-09-07,CUST_0405,Keyboard,Electronics,North,9,2000,0.15,15300.0,10710.0,4590.0,30.0,2024-09,Saturday
ORD_01970,2024-11-29,CUST_0465,Monitor,Electronics,North,8,20000,0.15,136000.0,95200.0,40800.0,30.0,2024-11,Friday
ORD_01971,2025-10-03,CUST_0376,Keyboard,Electronics,East,3,2000,0.2,4800.0,3360.0,1440.0,30.0,2025-10,Friday
ORD_01972,2025-05-25,CUST_0241,Printer,Office,East,9,15000,0.0,135000.0,94500.0,40500.0,30.0,2025-05,Sunday
ORD_01973,2024-10-19,CUST_0344,Printer,Accessories,West,6,15000,0.1,81000.0,56700.0,24300.0,30.0,2024-10,Saturday
ORD_01974,2024-01-20,CUST_0442,Laptop,Accessories,North,7,60000,0.1,378000.0,264600.0,113400.0,30.0,2024-01,Saturday
ORD_01975,2024-10-08,CUST_0444,Mouse,Office,East,4,800,0.15,2720.0,1903.9999999999998,816.0000000000002,30.00000000000001,2024-10,Tuesday
ORD_01976,2024-01-01,CUST_0434,Mouse,Accessories,West,4,800,0.2,2560.0,1792.0,768.0,30.0,2024-01,Monday
ORD_01977,2024-04-28,CUST_0228,Keyboard,Office,North,2,2000,0.0,4000.0,2800.0,1200.0,30.0,2024-04,Sunday
ORD_01978,2024-02-04,CUST_0287,Monitor,Office,South,5,20000,0.2,80000.0,56000.0,24000.0,30.0,2024-02,Sunday
ORD_01979,2024-07-16,CUST_0303,Monitor,Accessories,South,8,20000,0.15,136000.0,95200.0,40800.0,30.0,2024-07,Tuesday
ORD_01980,2025-04-29,CUST_0034,Laptop,Accessories,North,7,60000,0.15,357000.0,249899.99999999997,107100.00000000003,30.00000000000001,2025-04,Tuesday
ORD_01981,2024-02-28,CUST_0002,Printer,Office,North,7,15000,0.1,94500.0,66150.0,28350.0,30.0,2024-02,Wednesday
ORD_01982,2024-06-09,CUST_0362,Laptop,Accessories,South,6,60000,0.05,342000.0,239399.99999999997,102600.00000000003,30.00000000000001,2024-06,Sunday
ORD_01983,2025-11-21,CUST_0195,Mouse,Office,South,3,800,0.0,2400.0,1680.0,720.0,30.0,2025-11,Friday
ORD_01984,2024-07-24,CUST_0094,Printer,Accessories,North,5,15000,0.0,75000.0,52500.0,22500.0,30.0,2024-07,Wednesday
ORD_01985,2024-01-12,CUST_0328,Laptop,Accessories,West,1,60000,0.05,57000.0,39900.0,17100.0,30.0,2024-01,Friday
ORD_01986,2025-05-04,CUST_0308,Keyboard,Accessories,East,7,2000,0.15,11900.0,8330.0,3570.0,30.0,2025-05,Sunday
ORD_01987,2024-10-02,CUST_0135,Mouse,Accessories,East,9,800,0.2,5760.0,4031.9999999999995,1728.0000000000005,30.00000000000001,2024-10,Wednesday
ORD_01988,2025-11-23,CUST_0204,Monitor,Accessories,North,1,20000,0.0,20000.0,14000.0,6000.0,30.0,2025-11,Sunday
ORD_01989,2024-08-29,CUST_0250,Laptop,Electronics,East,2,60000,0.05,114000.0,79800.0,34200.0,30.0,2024-08,Thursday
ORD_01990,2024-08-03,CUST_0147,Mouse,Electronics,South,3,800,0.1,2160.0,1512.0,648.0,30.0,2024-08,Saturday
ORD_01991,2024-09-07,CUST_0346,Mouse,Accessories,South,3,800,0.1,2160.0,1512.0,648.0,30.0,2024-09,Saturday
ORD_01992,2024-05-05,CUST_0348,Monitor,Accessories,East,8,20000,0.15,136000.0,95200.0,40800.0,30.0,2024-05,Sunday
ORD_01993,2024-08-04,CUST_0254,Monitor,Accessories,North,7,20000,0.0,140000.0,98000.0,42000.0,30.0,2024-08,Sunday
ORD_01994,2024-11-01,CUST_0399,Monitor,Office,South,6,20000,0.2,96000.0,67200.0,28800.0,30.0,2024-11,Friday
ORD_01995,2024-07-03,CUST_0334,Laptop,Electronics,West,4,60000,0.0,240000.0,168000.0,72000.0,30.0,2024-07,Wednesday
ORD_01996,2024-02-08,CUST_0176,Monitor,Office,West,9,20000,0.1,162000.0,113400.0,48600.0,30.0,2024-02,Thursday
ORD_01997,2024-08-10,CUST_0125,Keyboard,Electronics,South,1,2000,0.0,2000.0,1400.0,600.0,30.0,2024-08,Saturday
ORD_01998,2024-07-02,CUST_0251,Mouse,Electronics,South,2,800,0.1,1440.0,1007.9999999999999,432.0000000000001,30.00000000000001,2024-07,Tuesday
ORD_01999,2025-05-09,CUST_0398,Monitor,Accessories,East,4,20000,0.05,76000.0,53200.0,22800.0,30.0,2025-05,Friday
ORD_02000,2025-03-02,CUST_0131,Mouse,Accessories,North,3,800,0.05,2280.0,1596.0,684.0,30.0,2025-03,Sunday
ORD_02001,2024-06-26,CUST_0050,Printer,Office,East,1,15000,0.1,13500.0,9450.0,4050.0,30.0,2024-06,Wednesday
ORD_02002,2025-03-03,CUST_0093,Printer,Office,North,5,15000,0.2,60000.0,42000.0,18000.0,30.0,2025-03,Monday
ORD_02003,2024-10-20,CUST_0380,Monitor,Accessories,West,7,20000,0.2,112000.0,78400.0,33600.0,30.0,2024-10,Sunday
ORD_02004,2024-05-30,CUST_0310,Mouse,Accessories,West,2,800,0.0,1600.0,1120.0,480.0,30.0,2024-05,Thursday
ORD_02005,2025-01-18,CUST_0390,Printer,Electronics,North,5,15000,0.1,67500.0,47250.0,20250.0,30.0,2025-01,Saturday
ORD_02006,2025-09-29,CUST_0433,Monitor,Electronics,East,6,20000,0.15,102000.0,71400.0,30600.0,30.0,2025-09,Monday
ORD_02007,2024-11-03,CUST_0407,Mouse,Accessories,South,7,800,0.2,4480.0,3136.0,1344.0,30.0,2024-11,Sunday
ORD_02008,2024-12-01,CUST_0220,Monitor,Electronics,North,1,20000,0.2,16000.0,11200.0,4800.0,30.0,2024-12,Sunday
ORD_02009,2025-01-09,CUST_0334,Mouse,Office,East,7,800,0.05,5320.0,3723.9999999999995,1596.0000000000005,30.00000000000001,2025-01,Thursday
ORD_02010,2024-01-08,CUST_0334,Printer,Electronics,West,4,15000,0.2,48000.0,33600.0,14400.0,30.0,2024-01,Monday
ORD_02011,2024-12-06,CUST_0020,Monitor,Accessories,South,8,20000,0.2,128000.0,89600.0,38400.0,30.0,2024-12,Friday
ORD_02012,2024-05-08,CUST_0205,Printer,Electronics,West,4,15000,0.2,48000.0,33600.0,14400.0,30.0,2024-05,Wednesday
ORD_02013,2025-10-30,CUST_0091,Monitor,Accessories,North,6,20000,0.1,108000.0,75600.0,32400.0,30.0,2025-10,Thursday
ORD_02014,2024-12-17,CUST_0444,Laptop,Electronics,West,9,60000,0.1,486000.0,340200.0,145800.0,30.0,2024-12,Tuesday
ORD_02015,2024-12-23,CUST_0355,Printer,Office,West,5,15000,0.05,71250.0,49875.0,21375.0,30.0,2024-12,Monday
ORD_02016,2025-05-31,CUST_0173,Printer,Office,North,4,15000,0.0,60000.0,42000.0,18000.0,30.0,2025-05,Saturday
ORD_02017,2025-05-09,CUST_0189,Keyboard,Accessories,South,8,2000,0.2,12800.0,8960.0,3840.0,30.0,2025-05,Friday
ORD_02018,2024-03-26,CUST_0312,Printer,Accessories,North,9,15000,0.0,135000.0,94500.0,40500.0,30.0,2024-03,Tuesday
ORD_02019,2024-06-23,CUST_0002,Mouse,Accessories,East,4,800,0.1,2880.0,2015.9999999999998,864.0000000000002,30.00000000000001,2024-06,Sunday
ORD_02020,2024-07-11,CUST_0361,Monitor,Electronics,North,3,20000,0.2,48000.0,33600.0,14400.0,30.0,2024-07,Thursday
ORD_02021,2024-11-06,CUST_0429,Laptop,Electronics,North,8,60000,0.0,480000.0,336000.0,144000.0,30.0,2024-11,Wednesday
ORD_02022,2024-04-28,CUST_0168,Mouse,Electronics,South,5,800,0.0,4000.0,2800.0,1200.0,30.0,2024-04,Sunday
ORD_02023,2024-08-05,CUST_0368,Mouse,Office,East,2,800,0.15,1360.0,951.9999999999999,408.0000000000001,30.00000000000001,2024-08,Monday
ORD_02024,2025-03-02,CUST_0024,Mouse,Accessories,West,9,800,0.1,6480.0,4536.0,1944.0,30.0,2025-03,Sunday
ORD_02025,2025-02-17,CUST_0413,Mouse,Electronics,West,3,800,0.05,2280.0,1596.0,684.0,30.0,2025-02,Monday
ORD_02026,2024-04-23,CUST_0451,Laptop,Office,West,2,60000,0.05,114000.0,79800.0,34200.0,30.0,2024-04,Tuesday
ORD_02027,2024-05-24,CUST_0365,Keyboard,Accessories,West,1,2000,0.15,1700.0,1190.0,510.0,30.0,2024-05,Friday
ORD_02028,2025-06-21,CUST_0068,Printer,Office,South,8,15000,0.0,120000.0,84000.0,36000.0,30.0,2025-06,Saturday
ORD_02029,2025-10-09,CUST_0370,Mouse,Accessories,East,3,800,0.15,2040.0,1428.0,612.0,30.0,2025-10,Thursday
ORD_02030,2024-10-29,CUST_0194,Printer,Electronics,South,7,15000,0.15,89250.0,62474.99999999999,26775.000000000007,30.00000000000001,2024-10,Tuesday
ORD_02031,2025-08-10,CUST_0084,Printer,Office,North,1,15000,0.1,13500.0,9450.0,4050.0,30.0,2025-08,Sunday
ORD_02032,2024-12-10,CUST_0438,Mouse,Office,East,1,800,0.2,640.0,448.0,192.0,30.0,2024-12,Tuesday
ORD_02033,2024-01-01,CUST_0437,Keyboard,Office,East,9,2000,0.0,18000.0,12600.0,5400.0,30.0,2024-01,Monday
ORD_02034,2024-05-26,CUST_0207,Printer,Accessories,West,8,15000,0.05,114000.0,79800.0,34200.0,30.0,2024-05,Sunday
ORD_02035,2024-10-13,CUST_0049,Monitor,Accessories,West,3,20000,0.05,57000.0,39900.0,17100.0,30.0,2024-10,Sunday
ORD_02036,2025-10-15,CUST_0032,Printer,Office,West,6,15000,0.15,76500.0,53550.0,22950.0,30.0,2025-10,Wednesday
ORD_02037,2024-02-22,CUST_0317,Mouse,Accessories,West,3,800,0.15,2040.0,1428.0,612.0,30.0,2024-02,Thursday
ORD_02038,2024-10-30,CUST_0170,Laptop,Office,North,4,60000,0.15,204000.0,142800.0,61200.0,30.0,2024-10,Wednesday
ORD_02039,2024-03-09,CUST_0129,Printer,Electronics,West,1,15000,0.0,15000.0,10500.0,4500.0,30.0,2024-03,Saturday
ORD_02040,2024-12-26,CUST_0447,Keyboard,Office,South,5,2000,0.15,8500.0,5950.0,2550.0,30.0,2024-12,Thursday
ORD_02041,2025-08-24,CUST_0102,Monitor,Office,East,1,20000,0.15,17000.0,11900.0,5100.0,30.0,2025-08,Sunday
ORD_02042,2024-08-07,CUST_0035,Monitor,Accessories,North,1,20000,0.2,16000.0,11200.0,4800.0,30.0,2024-08,Wednesday
ORD_02043,2025-12-04,CUST_0307,Laptop,Accessories,North,7,60000,0.0,420000.0,294000.0,126000.0,30.0,2025-12,Thursday
ORD_02044,2025-07-28,CUST_0199,Laptop,Accessories,East,6,60000,0.1,324000.0,226800.0,97200.0,30.0,2025-07,Monday
ORD_02045,2025-08-07,CUST_0301,Printer,Electronics,East,2,15000,0.1,27000.0,18900.0,8100.0,30.0,2025-08,Thursday
ORD_02046,2024-06-09,CUST_0077,Mouse,Electronics,East,2,800,0.2,1280.0,896.0,384.0,30.0,2024-06,Sunday
ORD_02047,2025-11-11,CUST_0369,Keyboard,Electronics,North,7,2000,0.05,13300.0,9310.0,3990.0,30.0,2025-11,Tuesday
ORD_02048,2024-03-29,CUST_0321,Monitor,Accessories,South,1,20000,0.1,18000.0,12600.0,5400.0,30.0,2024-03,Friday
ORD_02049,2025-11-18,CUST_0014,Laptop,Office,South,2,60000,0.0,120000.0,84000.0,36000.0,30.0,2025-11,Tuesday
ORD_02050,2025-08-07,CUST_0349,Keyboard,Office,East,8,2000,0.05,15200.0,10640.0,4560.0,30.0,2025-08,Thursday
ORD_02051,2025-08-11,CUST_0131,Mouse,Office,North,6,800,0.15,4080.0,2856.0,1224.0,30.0,2025-08,Monday
ORD_02052,2024-06-07,CUST_0238,Monitor,Accessories,West,2,20000,0.0,40000.0,28000.0,12000.0,30.0,2024-06,Friday
ORD_02053,2025-05-03,CUST_0280,Monitor,Accessories,North,7,20000,0.05,133000.0,93100.0,39900.0,30.0,2025-05,Saturday
ORD_02054,2024-11-19,CUST_0065,Mouse,Electronics,East,4,800,0.1,2880.0,2015.9999999999998,864.0000000000002,30.00000000000001,2024-11,Tuesday
ORD_02055,2025-09-01,CUST_0432,Monitor,Accessories,North,2,20000,0.15,34000.0,23800.0,10200.0,30.0,2025-09,Monday
ORD_02056,2025-01-15,CUST_0138,Mouse,Office,North,6,800,0.15,4080.0,2856.0,1224.0,30.0,2025-01,Wednesday
ORD_02057,2024-04-11,CUST_0269,Monitor,Electronics,North,9,20000,0.0,180000.0,125999.99999999999,54000.000000000015,30.00000000000001,2024-04,Thursday
ORD_02058,2025-05-08,CUST_0228,Printer,Electronics,West,9,15000,0.15,114750.0,80325.0,34425.0,30.0,2025-05,Thursday
ORD_02059,2025-10-05,CUST_0201,Mouse,Accessories,East,8,800,0.05,6080.0,4256.0,1824.0,30.0,2025-10,Sunday
ORD_02060,2025-09-05,CUST_0142,Keyboard,Electronics,East,3,2000,0.2,4800.0,3360.0,1440.0,30.0,2025-09,Friday
ORD_02061,2024-01-19,CUST_0100,Printer,Electronics,East,3,15000,0.1,40500.0,28350.0,12150.0,30.0,2024-01,Friday
ORD_02062,2025-03-29,CUST_0138,Keyboard,Accessories,South,2,2000,0.0,4000.0,2800.0,1200.0,30.0,2025-03,Saturday
ORD_02063,2025-04-26,CUST_0168,Monitor,Electronics,South,5,20000,0.2,80000.0,56000.0,24000.0,30.0,2025-04,Saturday
ORD_02064,2025-08-16,CUST_0407,Keyboard,Office,East,4,2000,0.2,6400.0,4480.0,1920.0,30.0,2025-08,Saturday
ORD_02065,2025-01-31,CUST_0099,Printer,Accessories,North,7,15000,0.0,105000.0,73500.0,31500.0,30.0,2025-01,Friday
ORD_02066,2024-10-05,CUST_0311,Mouse,Office,North,4,800,0.05,3040.0,2128.0,912.0,30.0,2024-10,Saturday
ORD_02067,2024-12-30,CUST_0319,Laptop,Office,East,9,60000,0.1,486000.0,340200.0,145800.0,30.0,2024-12,Monday
ORD_02068,2024-11-26,CUST_0327,Keyboard,Office,West,2,2000,0.0,4000.0,2800.0,1200.0,30.0,2024-11,Tuesday
ORD_02069,2025-10-02,CUST_0426,Laptop,Office,West,6,60000,0.2,288000.0,201600.0,86400.0,30.0,2025-10,Thursday
ORD_02070,2024-12-09,CUST_0355,Keyboard,Electronics,North,7,2000,0.2,11200.0,7839.999999999999,3360.000000000001,30.00000000000001,2024-12,Monday
ORD_02071,2025-03-30,CUST_0066,Keyboard,Electronics,North,4,2000,0.0,8000.0,5600.0,2400.0,30.0,2025-03,Sunday
ORD_02072,2025-08-23,CUST_0335,Mouse,Accessories,South,6,800,0.2,3840.0,2688.0,1152.0,30.0,2025-08,Saturday
ORD_02073,2025-12-25,CUST_0329,Monitor,Accessories,West,7,20000,0.0,140000.0,98000.0,42000.0,30.0,2025-12,Thursday
ORD_02074,2025-10-16,CUST_0047,Printer,Office,North,4,15000,0.0,60000.0,42000.0,18000.0,30.0,2025-10,Thursday
ORD_02075,2024-03-05,CUST_0337,Printer,Office,North,8,15000,0.1,108000.0,75600.0,32400.0,30.0,2024-03,Tuesday
ORD_02076,2024-03-16,CUST_0382,Printer,Accessories,East,9,15000,0.0,135000.0,94500.0,40500.0,30.0,2024-03,Saturday
ORD_02077,2025-12-11,CUST_0231,Monitor,Accessories,South,1,20000,0.2,16000.0,11200.0,4800.0,30.0,2025-12,Thursday
ORD_02078,2024-05-22,CUST_0308,Laptop,Accessories,West,7,60000,0.15,357000.0,249899.99999999997,107100.00000000003,30.00000000000001,2024-05,Wednesday
ORD_02079,2025-08-27,CUST_0146,Printer,Accessories,West,9,15000,0.1,121500.0,85050.0,36450.0,30.0,2025-08,Wednesday
ORD_02080,2025-04-17,CUST_0207,Laptop,Office,South,5,60000,0.2,240000.0,168000.0,72000.0,30.0,2025-04,Thursday
ORD_02081,2025-02-20,CUST_0146,Monitor,Accessories,North,2,20000,0.2,32000.0,22400.0,9600.0,30.0,2025-02,Thursday
ORD_02082,2024-10-31,CUST_0152,Monitor,Electronics,West,6,20000,0.1,108000.0,75600.0,32400.0,30.0,2024-10,Thursday
ORD_02083,2025-05-11,CUST_0279,Mouse,Office,West,7,800,0.1,5040.0,3528.0,1512.0,30.0,2025-05,Sunday
ORD_02084,2024-10-17,CUST_0140,Printer,Electronics,West,2,15000,0.2,24000.0,16800.0,7200.0,30.0,2024-10,Thursday
ORD_02085,2024-04-11,CUST_0151,Mouse,Accessories,East,2,800,0.15,1360.0,951.9999999999999,408.0000000000001,30.00000000000001,2024-04,Thursday
ORD_02086,2024-09-23,CUST_0021,Printer,Electronics,South,1,15000,0.05,14250.0,9975.0,4275.0,30.0,2024-09,Monday
ORD_02087,2025-09-13,CUST_0254,Monitor,Accessories,West,4,20000,0.2,64000.0,44800.0,19200.0,30.0,2025-09,Saturday
ORD_02088,2024-01-03,CUST_0064,Monitor,Electronics,South,7,20000,0.1,126000.0,88200.0,37800.0,30.0,2024-01,Wednesday
ORD_02089,2024-03-25,CUST_0218,Keyboard,Office,North,9,2000,0.0,18000.0,12600.0,5400.0,30.0,2024-03,Monday
ORD_02090,2024-11-23,CUST_0072,Keyboard,Electronics,South,3,2000,0.0,6000.0,4200.0,1800.0,30.0,2024-11,Saturday
ORD_02091,2025-03-25,CUST_0478,Monitor,Office,East,7,20000,0.1,126000.0,88200.0,37800.0,30.0,2025-03,Tuesday
ORD_02092,2025-03-29,CUST_0162,Monitor,Electronics,East,7,20000,0.1,126000.0,88200.0,37800.0,30.0,2025-03,Saturday
ORD_02093,2025-09-20,CUST_0130,Laptop,Electronics,South,7,60000,0.05,399000.0,279300.0,119700.0,30.0,2025-09,Saturday
ORD_02094,2024-08-08,CUST_0069,Laptop,Office,East,2,60000,0.1,108000.0,75600.0,32400.0,30.0,2024-08,Thursday
ORD_02095,2024-06-02,CUST_0415,Mouse,Office,West,6,800,0.0,4800.0,3360.0,1440.0,30.0,2024-06,Sunday
ORD_02096,2025-10-26,CUST_0225,Keyboard,Accessories,East,2,2000,0.15,3400.0,2380.0,1020.0,30.0,2025-10,Sunday
ORD_02097,2024-01-12,CUST_0246,Keyboard,Office,North,6,2000,0.1,10800.0,7559.999999999999,3240.000000000001,30.00000000000001,2024-01,Friday
ORD_02098,2024-05-12,CUST_0068,Monitor,Office,South,3,20000,0.05,57000.0,39900.0,17100.0,30.0,2024-05,Sunday
ORD_02099,2024-10-30,CUST_0454,Monitor,Accessories,South,2,20000,0.15,34000.0,23800.0,10200.0,30.0,2024-10,Wednesday
ORD_02100,2024-10-19,CUST_0471,Mouse,Office,North,6,800,0.05,4560.0,3192.0,1368.0,30.0,2024-10,Saturday
ORD_02101,2024-10-26,CUST_0493,Keyboard,Office,North,2,2000,0.15,3400.0,2380.0,1020.0,30.0,2024-10,Saturday
ORD_02102,2024-02-12,CUST_0403,Laptop,Electronics,North,5,60000,0.1,270000.0,189000.0,81000.0,30.0,2024-02,Monday
ORD_02103,2024-12-08,CUST_0384,Printer,Accessories,North,2,15000,0.0,30000.0,21000.0,9000.0,30.0,2024-12,Sunday
ORD_02104,2024-11-21,CUST_0107,Mouse,Accessories,West,3,800,0.15,2040.0,1428.0,612.0,30.0,2024-11,Thursday
ORD_02105,2025-05-12,CUST_0109,Printer,Electronics,East,3,15000,0.2,36000.0,25200.0,10800.0,30.0,2025-05,Monday
ORD_02106,2024-12-29,CUST_0328,Laptop,Accessories,East,6,60000,0.05,342000.0,239399.99999999997,102600.00000000003,30.00000000000001,2024-12,Sunday
ORD_02107,2025-03-02,CUST_0103,Laptop,Electronics,West,6,60000,0.15,306000.0,214200.0,91800.0,30.0,2025-03,Sunday
ORD_02108,2024-01-21,CUST_0141,Printer,Office,North,3,15000,0.05,42750.0,29924.999999999996,12825.000000000004,30.00000000000001,2024-01,Sunday
ORD_02109,2025-02-10,CUST_0065,Mouse,Accessories,South,3,800,0.0,2400.0,1680.0,720.0,30.0,2025-02,Monday
ORD_02110,2025-09-10,CUST_0134,Printer,Office,South,1,15000,0.05,14250.0,9975.0,4275.0,30.0,2025-09,Wednesday
ORD_02111,2024-12-01,CUST_0199,Mouse,Accessories,South,7,800,0.05,5320.0,3723.9999999999995,1596.0000000000005,30.00000000000001,2024-12,Sunday
ORD_02112,2024-04-26,CUST_0368,Mouse,Office,North,8,800,0.2,5120.0,3584.0,1536.0,30.0,2024-04,Friday
ORD_02113,2024-05-03,CUST_0155,Monitor,Accessories,West,2,20000,0.05,38000.0,26600.0,11400.0,30.0,2024-05,Friday
ORD_02114,2025-02-02,CUST_0079,Keyboard,Accessories,West,4,2000,0.15,6800.0,4760.0,2040.0,30.0,2025-02,Sunday
ORD_02115,2025-12-15,CUST_0436,Keyboard,Office,West,7,2000,0.05,13300.0,9310.0,3990.0,30.0,2025-12,Monday
ORD_02116,2024-02-20,CUST_0382,Laptop,Electronics,East,8,60000,0.1,432000.0,302400.0,129600.0,30.0,2024-02,Tuesday
ORD_02117,2024-11-19,CUST_0482,Monitor,Accessories,East,1,20000,0.05,19000.0,13300.0,5700.0,30.0,2024-11,Tuesday
ORD_02118,2024-05-20,CUST_0250,Keyboard,Electronics,East,4,2000,0.1,7200.0,5040.0,2160.0,30.0,2024-05,Monday
ORD_02119,2025-04-14,CUST_0377,Mouse,Electronics,East,6,800,0.05,4560.0,3192.0,1368.0,30.0,2025-04,Monday
ORD_02120,2024-11-29,CUST_0087,Mouse,Electronics,South,3,800,0.05,2280.0,1596.0,684.0,30.0,2024-11,Friday
ORD_02121,2025-01-07,CUST_0304,Printer,Electronics,South,5,15000,0.15,63750.0,44625.0,19125.0,30.0,2025-01,Tuesday
ORD_02122,2025-07-17,CUST_0241,Printer,Electronics,West,9,15000,0.1,121500.0,85050.0,36450.0,30.0,2025-07,Thursday
ORD_02123,2025-05-08,CUST_0088,Mouse,Electronics,East,3,800,0.1,2160.0,1512.0,648.0,30.0,2025-05,Thursday
ORD_02124,2025-06-22,CUST_0463,Mouse,Accessories,West,5,800,0.2,3200.0,2240.0,960.0,30.0,2025-06,Sunday
ORD_02125,2025-10-30,CUST_0483,Printer,Electronics,North,8,15000,0.05,114000.0,79800.0,34200.0,30.0,2025-10,Thursday
ORD_02126,2024-06-04,CUST_0324,Keyboard,Accessories,East,6,2000,0.05,11400.0,7979.999999999999,3420.000000000001,30.00000000000001,2024-06,Tuesday
ORD_02127,2024-10-17,CUST_0172,Laptop,Accessories,East,4,60000,0.15,204000.0,142800.0,61200.0,30.0,2024-10,Thursday
ORD_02128,2025-10-09,CUST_0357,Printer,Accessories,West,8,15000,0.2,96000.0,67200.0,28800.0,30.0,2025-10,Thursday
ORD_02129,2024-05-23,CUST_0017,Keyboard,Office,West,3,2000,0.2,4800.0,3360.0,1440.0,30.0,2024-05,Thursday
ORD_02130,2024-04-15,CUST_0223,Keyboard,Electronics,North,3,2000,0.15,5100.0,3570.0,1530.0,30.0,2024-04,Monday
ORD_02131,2025-02-23,CUST_0294,Keyboard,Office,West,4,2000,0.1,7200.0,5040.0,2160.0,30.0,2025-02,Sunday
ORD_02132,2025-10-31,CUST_0394,Monitor,Electronics,East,9,20000,0.0,180000.0,125999.99999999999,54000.000000000015,30.00000000000001,2025-10,Friday
ORD_02133,2025-10-19,CUST_0310,Monitor,Office,South,5,20000,0.15,85000.0,59499.99999999999,25500.000000000007,30.00000000000001,2025-10,Sunday
ORD_02134,2024-01-02,CUST_0498,Keyboard,Accessories,North,8,2000,0.1,14400.0,10080.0,4320.0,30.0,2024-01,Tuesday
ORD_02135,2025-08-11,CUST_0219,Mouse,Office,North,6,800,0.2,3840.0,2688.0,1152.0,30.0,2025-08,Monday
ORD_02136,2025-10-05,CUST_0234,Monitor,Accessories,East,3,20000,0.15,51000.0,35700.0,15300.0,30.0,2025-10,Sunday
ORD_02137,2024-03-30,CUST_0390,Printer,Office,South,8,15000,0.0,120000.0,84000.0,36000.0,30.0,2024-03,Saturday
ORD_02138,2024-12-10,CUST_0248,Monitor,Electronics,West,9,20000,0.05,171000.0,119699.99999999999,51300.000000000015,30.00000000000001,2024-12,Tuesday
ORD_02139,2024-12-15,CUST_0390,Mouse,Electronics,West,8,800,0.15,5440.0,3807.9999999999995,1632.0000000000005,30.00000000000001,2024-12,Sunday
ORD_02140,2025-04-03,CUST_0052,Laptop,Office,South,4,60000,0.0,240000.0,168000.0,72000.0,30.0,2025-04,Thursday
ORD_02141,2024-09-19,CUST_0015,Monitor,Office,South,6,20000,0.0,120000.0,84000.0,36000.0,30.0,2024-09,Thursday
ORD_02142,2024-12-16,CUST_0324,Keyboard,Electronics,East,1,2000,0.15,1700.0,1190.0,510.0,30.0,2024-12,Monday
ORD_02143,2024-04-17,CUST_0441,Keyboard,Office,West,4,2000,0.1,7200.0,5040.0,2160.0,30.0,2024-04,Wednesday
ORD_02144,2025-08-08,CUST_0112,Keyboard,Office,East,8,2000,0.15,13600.0,9520.0,4080.0,30.0,2025-08,Friday
ORD_02145,2024-02-08,CUST_0184,Laptop,Electronics,West,1,60000,0.2,48000.0,33600.0,14400.0,30.0,2024-02,Thursday
ORD_02146,2024-06-07,CUST_0360,Mouse,Accessories,West,3,800,0.0,2400.0,1680.0,720.0,30.0,2024-06,Friday
ORD_02147,2025-08-05,CUST_0007,Printer,Electronics,South,1,15000,0.0,15000.0,10500.0,4500.0,30.0,2025-08,Tuesday
ORD_02148,2024-11-07,CUST_0051,Mouse,Electronics,East,9,800,0.05,6840.0,4788.0,2052.0,30.0,2024-11,Thursday
ORD_02149,2024-08-28,CUST_0314,Laptop,Office,South,2,60000,0.0,120000.0,84000.0,36000.0,30.0,2024-08,Wednesday
ORD_02150,2025-03-20,CUST_0241,Keyboard,Electronics,East,9,2000,0.05,17100.0,11970.0,5130.0,30.0,2025-03,Thursday
ORD_02151,2024-10-24,CUST_0245,Mouse,Electronics,West,4,800,0.0,3200.0,2240.0,960.0,30.0,2024-10,Thursday
ORD_02152,2024-02-05,CUST_0448,Printer,Office,North,2,15000,0.0,30000.0,21000.0,9000.0,30.0,2024-02,Monday
ORD_02153,2024-03-24,CUST_0365,Keyboard,Office,North,4,2000,0.15,6800.0,4760.0,2040.0,30.0,2024-03,Sunday
ORD_02154,2025-03-27,CUST_0367,Printer,Accessories,East,6,15000,0.15,76500.0,53550.0,22950.0,30.0,2025-03,Thursday
ORD_02155,2025-01-19,CUST_0410,Monitor,Electronics,East,7,20000,0.2,112000.0,78400.0,33600.0,30.0,2025-01,Sunday
ORD_02156,2024-06-20,CUST_0186,Printer,Accessories,South,3,15000,0.1,40500.0,28350.0,12150.0,30.0,2024-06,Thursday
ORD_02157,2025-01-10,CUST_0287,Keyboard,Accessories,West,3,2000,0.2,4800.0,3360.0,1440.0,30.0,2025-01,Friday
ORD_02158,2025-11-15,CUST_0450,Monitor,Accessories,North,8,20000,0.0,160000.0,112000.0,48000.0,30.0,2025-11,Saturday
ORD_02159,2024-12-27,CUST_0092,Keyboard,Accessories,South,5,2000,0.2,8000.0,5600.0,2400.0,30.0,2024-12,Friday
ORD_02160,2025-07-12,CUST_0106,Keyboard,Electronics,East,4,2000,0.15,6800.0,4760.0,2040.0,30.0,2025-07,Saturday
ORD_02161,2024-05-20,CUST_0013,Monitor,Electronics,West,7,20000,0.0,140000.0,98000.0,42000.0,30.0,2024-05,Monday
ORD_02162,2024-04-27,CUST_0146,Printer,Electronics,South,7,15000,0.0,105000.0,73500.0,31500.0,30.0,2024-04,Saturday
ORD_02163,2024-10-03,CUST_0478,Laptop,Accessories,South,9,60000,0.2,432000.0,302400.0,129600.0,30.0,2024-10,Thursday
ORD_02164,2025-12-26,CUST_0119,Laptop,Office,East,9,60000,0.05,513000.0,359100.0,153900.0,30.0,2025-12,Friday
ORD_02165,2024-08-07,CUST_0203,Laptop,Electronics,West,5,60000,0.1,270000.0,189000.0,81000.0,30.0,2024-08,Wednesday
ORD_02166,2024-01-26,CUST_0141,Laptop,Accessories,North,8,60000,0.2,384000.0,268800.0,115200.0,30.0,2024-01,Friday
ORD_02167,2025-06-04,CUST_0115,Mouse,Accessories,South,1,800,0.2,640.0,448.0,192.0,30.0,2025-06,Wednesday
ORD_02168,2024-01-10,CUST_0152,Laptop,Accessories,East,9,60000,0.1,486000.0,340200.0,145800.0,30.0,2024-01,Wednesday
ORD_02169,2025-01-12,CUST_0057,Monitor,Accessories,South,8,20000,0.0,160000.0,112000.0,48000.0,30.0,2025-01,Sunday
ORD_02170,2025-09-24,CUST_0382,Laptop,Accessories,East,6,60000,0.0,360000.0,251999.99999999997,108000.00000000003,30.00000000000001,2025-09,Wednesday
ORD_02171,2025-09-28,CUST_0157,Keyboard,Accessories,East,3,2000,0.05,5700.0,3989.9999999999995,1710.0000000000005,30.00000000000001,2025-09,Sunday
ORD_02172,2025-11-12,CUST_0440,Laptop,Electronics,East,3,60000,0.2,144000.0,100800.0,43200.0,30.0,2025-11,Wednesday
ORD_02173,2025-08-06,CUST_0310,Printer,Office,West,8,15000,0.1,108000.0,75600.0,32400.0,30.0,2025-08,Wednesday
ORD_02174,2024-05-31,CUST_0133,Monitor,Electronics,North,5,20000,0.2,80000.0,56000.0,24000.0,30.0,2024-05,Friday
ORD_02175,2025-12-20,CUST_0163,Monitor,Electronics,West,7,20000,0.15,119000.0,83300.0,35700.0,30.0,2025-12,Saturday
ORD_02176,2024-02-18,CUST_0275,Mouse,Accessories,North,5,800,0.2,3200.0,2240.0,960.0,30.0,2024-02,Sunday
ORD_02177,2024-06-02,CUST_0183,Keyboard,Electronics,East,8,2000,0.2,12800.0,8960.0,3840.0,30.0,2024-06,Sunday
ORD_02178,2024-10-19,CUST_0077,Monitor,Office,North,4,20000,0.15,68000.0,47600.0,20400.0,30.0,2024-10,Saturday
ORD_02179,2025-08-02,CUST_0325,Printer,Office,West,2,15000,0.15,25500.0,17850.0,7650.0,30.0,2025-08,Saturday
ORD_02180,2024-02-19,CUST_0044,Laptop,Accessories,South,3,60000,0.1,162000.0,113400.0,48600.0,30.0,2024-02,Monday
ORD_02181,2025-10-25,CUST_0206,Monitor,Office,West,8,20000,0.0,160000.0,112000.0,48000.0,30.0,2025-10,Saturday
ORD_02182,2025-06-14,CUST_0038,Printer,Accessories,West,7,15000,0.05,99750.0,69825.0,29925.0,30.0,2025-06,Saturday
ORD_02183,2025-09-03,CUST_0318,Laptop,Office,West,2,60000,0.15,102000.0,71400.0,30600.0,30.0,2025-09,Wednesday
ORD_02184,2024-02-29,CUST_0022,Mouse,Office,West,6,800,0.0,4800.0,3360.0,1440.0,30.0,2024-02,Thursday
ORD_02185,2024-06-15,CUST_0073,Monitor,Electronics,West,9,20000,0.1,162000.0,113400.0,48600.0,30.0,2024-06,Saturday
ORD_02186,2024-07-20,CUST_0241,Monitor,Office,North,4,20000,0.2,64000.0,44800.0,19200.0,30.0,2024-07,Saturday
ORD_02187,2024-05-25,CUST_0424,Printer,Accessories,North,9,15000,0.1,121500.0,85050.0,36450.0,30.0,2024-05,Saturday
ORD_02188,2025-11-06,CUST_0154,Keyboard,Office,South,2,2000,0.1,3600.0,2520.0,1080.0,30.0,2025-11,Thursday
ORD_02189,2025-03-14,CUST_0237,Mouse,Office,West,2,800,0.15,1360.0,951.9999999999999,408.0000000000001,30.00000000000001,2025-03,Friday
ORD_02190,2024-08-29,CUST_0381,Keyboard,Electronics,West,9,2000,0.05,17100.0,11970.0,5130.0,30.0,2024-08,Thursday
ORD_02191,2025-08-03,CUST_0005,Monitor,Accessories,South,7,20000,0.15,119000.0,83300.0,35700.0,30.0,2025-08,Sunday
ORD_02192,2025-11-17,CUST_0221,Keyboard,Accessories,South,7,2000,0.2,11200.0,7839.999999999999,3360.000000000001,30.00000000000001,2025-11,Monday
ORD_02193,2025-07-14,CUST_0310,Laptop,Accessories,East,1,60000,0.15,51000.0,35700.0,15300.0,30.0,2025-07,Monday
ORD_02194,2025-04-27,CUST_0086,Mouse,Electronics,South,6,800,0.2,3840.0,2688.0,1152.0,30.0,2025-04,Sunday
ORD_02195,2024-04-17,CUST_0177,Keyboard,Office,South,7,2000,0.15,11900.0,8330.0,3570.0,30.0,2024-04,Wednesday
ORD_02196,2024-08-13,CUST_0259,Laptop,Accessories,South,6,60000,0.05,342000.0,239399.99999999997,102600.00000000003,30.00000000000001,2024-08,Tuesday
ORD_02197,2025-11-03,CUST_0220,Printer,Office,East,6,15000,0.0,90000.0,62999.99999999999,27000.000000000007,30.00000000000001,2025-11,Monday
ORD_02198,2025-09-22,CUST_0038,Keyboard,Office,North,2,2000,0.05,3800.0,2660.0,1140.0,30.0,2025-09,Monday
ORD_02199,2025-10-22,CUST_0142,Mouse,Office,East,6,800,0.15,4080.0,2856.0,1224.0,30.0,2025-10,Wednesday
ORD_02200,2025-10-23,CUST_0431,Laptop,Electronics,North,4,60000,0.1,216000.0,151200.0,64800.0,30.0,2025-10,Thursday
ORD_02201,2025-03-07,CUST_0398,Keyboard,Office,South,9,2000,0.0,18000.0,12600.0,5400.0,30.0,2025-03,Friday
ORD_02202,2025-10-16,CUST_0235,Printer,Electronics,East,1,15000,0.1,13500.0,9450.0,4050.0,30.0,2025-10,Thursday
ORD_02203,2025-02-22,CUST_0203,Keyboard,Electronics,East,8,2000,0.05,15200.0,10640.0,4560.0,30.0,2025-02,Saturday
ORD_02204,2025-03-30,CUST_0329,Laptop,Electronics,North,5,60000,0.0,300000.0,210000.0,90000.0,30.0,2025-03,Sunday
ORD_02205,2024-06-08,CUST_0294,Keyboard,Accessories,East,1,2000,0.15,1700.0,1190.0,510.0,30.0,2024-06,Saturday
ORD_02206,2025-06-06,CUST_0448,Mouse,Electronics,East,4,800,0.1,2880.0,2015.9999999999998,864.0000000000002,30.00000000000001,2025-06,Friday
ORD_02207,2025-10-11,CUST_0495,Monitor,Accessories,West,1,20000,0.15,17000.0,11900.0,5100.0,30.0,2025-10,Saturday
ORD_02208,2025-08-12,CUST_0172,Laptop,Electronics,North,6,60000,0.2,288000.0,201600.0,86400.0,30.0,2025-08,Tuesday
ORD_02209,2024-03-17,CUST_0125,Laptop,Electronics,East,2,60000,0.0,120000.0,84000.0,36000.0,30.0,2024-03,Sunday
ORD_02210,2025-05-23,CUST_0326,Laptop,Electronics,East,5,60000,0.1,270000.0,189000.0,81000.0,30.0,2025-05,Friday
ORD_02211,2025-03-16,CUST_0065,Laptop,Electronics,South,7,60000,0.05,399000.0,279300.0,119700.0,30.0,2025-03,Sunday
ORD_02212,2024-09-10,CUST_0281,Keyboard,Office,West,2,2000,0.05,3800.0,2660.0,1140.0,30.0,2024-09,Tuesday
ORD_02213,2024-11-15,CUST_0272,Mouse,Office,West,6,800,0.05,4560.0,3192.0,1368.0,30.0,2024-11,Friday
ORD_02214,2024-09-19,CUST_0244,Printer,Electronics,South,6,15000,0.05,85500.0,59849.99999999999,25650.000000000007,30.00000000000001,2024-09,Thursday
ORD_02215,2025-08-19,CUST_0015,Mouse,Office,South,5,800,0.1,3600.0,2520.0,1080.0,30.0,2025-08,Tuesday
ORD_02216,2025-10-19,CUST_0226,Laptop,Accessories,South,5,60000,0.2,240000.0,168000.0,72000.0,30.0,2025-10,Sunday
ORD_02217,2025-07-07,CUST_0465,Keyboard,Office,South,3,2000,0.05,5700.0,3989.9999999999995,1710.0000000000005,30.00000000000001,2025-07,Monday
ORD_02218,2025-01-08,CUST_0131,Keyboard,Office,West,2,2000,0.05,3800.0,2660.0,1140.0,30.0,2025-01,Wednesday
ORD_02219,2025-09-28,CUST_0195,Laptop,Office,East,7,60000,0.05,399000.0,279300.0,119700.0,30.0,2025-09,Sunday
ORD_02220,2024-06-15,CUST_0293,Keyboard,Electronics,East,1,2000,0.2,1600.0,1120.0,480.0,30.0,2024-06,Saturday
ORD_02221,2025-04-03,CUST_0209,Laptop,Accessories,South,6,60000,0.0,360000.0,251999.99999999997,108000.00000000003,30.00000000000001,2025-04,Thursday
ORD_02222,2024-10-06,CUST_0439,Mouse,Electronics,North,6,800,0.05,4560.0,3192.0,1368.0,30.0,2024-10,Sunday
ORD_02223,2025-11-30,CUST_0381,Monitor,Accessories,South,3,20000,0.05,57000.0,39900.0,17100.0,30.0,2025-11,Sunday
ORD_02224,2024-10-28,CUST_0113,Keyboard,Electronics,East,2,2000,0.05,3800.0,2660.0,1140.0,30.0,2024-10,Monday
ORD_02225,2025-06-14,CUST_0244,Laptop,Office,North,2,60000,0.0,120000.0,84000.0,36000.0,30.0,2025-06,Saturday
ORD_02226,2025-08-02,CUST_0166,Laptop,Accessories,South,9,60000,0.05,513000.0,359100.0,153900.0,30.0,2025-08,Saturday
ORD_02227,2024-08-05,CUST_0191,Keyboard,Office,North,5,2000,0.0,10000.0,7000.0,3000.0,30.0,2024-08,Monday
ORD_02228,2024-04-11,CUST_0257,Printer,Accessories,South,7,15000,0.0,105000.0,73500.0,31500.0,30.0,2024-04,Thursday
ORD_02229,2025-07-07,CUST_0327,Laptop,Accessories,West,5,60000,0.15,255000.0,178500.0,76500.0,30.0,2025-07,Monday
ORD_02230,2024-10-14,CUST_0218,Keyboard,Electronics,East,7,2000,0.15,11900.0,8330.0,3570.0,30.0,2024-10,Monday
ORD_02231,2024-06-15,CUST_0495,Laptop,Electronics,South,4,60000,0.05,228000.0,159600.0,68400.0,30.0,2024-06,Saturday
ORD_02232,2025-09-12,CUST_0359,Printer,Office,North,8,15000,0.1,108000.0,75600.0,32400.0,30.0,2025-09,Friday
ORD_02233,2024-02-05,CUST_0275,Monitor,Office,East,7,20000,0.15,119000.0,83300.0,35700.0,30.0,2024-02,Monday
ORD_02234,2024-12-18,CUST_0052,Printer,Accessories,South,5,15000,0.15,63750.0,44625.0,19125.0,30.0,2024-12,Wednesday
ORD_02235,2025-11-06,CUST_0374,Mouse,Accessories,South,6,800,0.1,4320.0,3024.0,1296.0,30.0,2025-11,Thursday
ORD_02236,2024-03-13,CUST_0158,Keyboard,Electronics,South,5,2000,0.2,8000.0,5600.0,2400.0,30.0,2024-03,Wednesday
ORD_02237,2025-10-09,CUST_0363,Printer,Electronics,South,7,15000,0.05,99750.0,69825.0,29925.0,30.0,2025-10,Thursday
ORD_02238,2024-12-18,CUST_0055,Monitor,Electronics,West,2,20000,0.2,32000.0,22400.0,9600.0,30.0,2024-12,Wednesday
ORD_02239,2024-03-10,CUST_0014,Laptop,Electronics,East,5,60000,0.2,240000.0,168000.0,72000.0,30.0,2024-03,Sunday
ORD_02240,2025-02-28,CUST_0269,Keyboard,Electronics,West,3,2000,0.0,6000.0,4200.0,1800.0,30.0,2025-02,Friday
ORD_02241,2025-12-08,CUST_0340,Printer,Accessories,East,9,15000,0.0,135000.0,94500.0,40500.0,30.0,2025-12,Monday
ORD_02242,2025-07-14,CUST_0090,Monitor,Accessories,South,6,20000,0.05,114000.0,79800.0,34200.0,30.0,2025-07,Monday
ORD_02243,2025-10-03,CUST_0027,Printer,Office,East,3,15000,0.1,40500.0,28350.0,12150.0,30.0,2025-10,Friday
ORD_02244,2025-05-31,CUST_0089,Mouse,Accessories,North,7,800,0.0,5600.0,3919.9999999999995,1680.0000000000005,30.00000000000001,2025-05,Saturday
ORD_02245,2025-03-03,CUST_0393,Keyboard,Electronics,East,4,2000,0.15,6800.0,4760.0,2040.0,30.0,2025-03,Monday
ORD_02246,2025-06-22,CUST_0041,Laptop,Accessories,North,3,60000,0.05,171000.0,119699.99999999999,51300.000000000015,30.00000000000001,2025-06,Sunday
ORD_02247,2024-06-08,CUST_0304,Monitor,Accessories,North,8,20000,0.2,128000.0,89600.0,38400.0,30.0,2024-06,Saturday
ORD_02248,2024-05-28,CUST_0268,Printer,Accessories,West,4,15000,0.05,57000.0,39900.0,17100.0,30.0,2024-05,Tuesday
ORD_02249,2024-08-17,CUST_0138,Keyboard,Office,East,1,2000,0.0,2000.0,1400.0,600.0,30.0,2024-08,Saturday
ORD_02250,2025-12-12,CUST_0006,Printer,Office,South,6,15000,0.1,81000.0,56700.0,24300.0,30.0,2025-12,Friday
ORD_02251,2025-07-15,CUST_0242,Keyboard,Accessories,East,1,2000,0.2,1600.0,1120.0,480.0,30.0,2025-07,Tuesday
ORD_02252,2024-03-07,CUST_0162,Mouse,Accessories,West,5,800,0.1,3600.0,2520.0,1080.0,30.0,2024-03,Thursday
ORD_02253,2025-01-15,CUST_0180,Printer,Electronics,North,7,15000,0.05,99750.0,69825.0,29925.0,30.0,2025-01,Wednesday
ORD_02254,2024-02-27,CUST_0297,Mouse,Office,North,6,800,0.1,4320.0,3024.0,1296.0,30.0,2024-02,Tuesday
ORD_02255,2024-09-15,CUST_0467,Monitor,Electronics,West,2,20000,0.1,36000.0,25200.0,10800.0,30.0,2024-09,Sunday
ORD_02256,2024-12-07,CUST_0006,Mouse,Electronics,West,4,800,0.05,3040.0,2128.0,912.0,30.0,2024-12,Saturday
ORD_02257,2024-05-09,CUST_0386,Keyboard,Accessories,East,2,2000,0.2,3200.0,2240.0,960.0,30.0,2024-05,Thursday
ORD_02258,2025-12-27,CUST_0271,Monitor,Accessories,North,1,20000,0.1,18000.0,12600.0,5400.0,30.0,2025-12,Saturday
ORD_02259,2024-06-20,CUST_0401,Printer,Accessories,West,3,15000,0.1,40500.0,28350.0,12150.0,30.0,2024-06,Thursday
ORD_02260,2025-09-05,CUST_0272,Printer,Electronics,East,3,15000,0.05,42750.0,29924.999999999996,12825.000000000004,30.00000000000001,2025-09,Friday
ORD_02261,2024-07-27,CUST_0156,Keyboard,Electronics,East,7,2000,0.15,11900.0,8330.0,3570.0,30.0,2024-07,Saturday
ORD_02262,2024-12-19,CUST_0085,Laptop,Electronics,South,1,60000,0.1,54000.0,37800.0,16200.0,30.0,2024-12,Thursday
ORD_02263,2025-04-15,CUST_0200,Laptop,Accessories,North,9,60000,0.0,540000.0,378000.0,162000.0,30.0,2025-04,Tuesday
ORD_02264,2024-04-25,CUST_0010,Printer,Accessories,East,6,15000,0.2,72000.0,50400.0,21600.0,30.0,2024-04,Thursday
ORD_02265,2024-09-20,CUST_0138,Keyboard,Accessories,West,4,2000,0.1,7200.0,5040.0,2160.0,30.0,2024-09,Friday
ORD_02266,2025-10-23,CUST_0242,Laptop,Electronics,North,3,60000,0.05,171000.0,119699.99999999999,51300.000000000015,30.00000000000001,2025-10,Thursday
ORD_02267,2025-03-17,CUST_0394,Mouse,Electronics,West,3,800,0.0,2400.0,1680.0,720.0,30.0,2025-03,Monday
ORD_02268,2025-07-01,CUST_0201,Printer,Office,West,2,15000,0.05,28500.0,19950.0,8550.0,30.0,2025-07,Tuesday
ORD_02269,2025-03-28,CUST_0156,Mouse,Accessories,East,2,800,0.1,1440.0,1007.9999999999999,432.0000000000001,30.00000000000001,2025-03,Friday
ORD_02270,2025-04-21,CUST_0408,Keyboard,Electronics,East,5,2000,0.0,10000.0,7000.0,3000.0,30.0,2025-04,Monday
ORD_02271,2024-10-13,CUST_0275,Mouse,Office,South,9,800,0.2,5760.0,4031.9999999999995,1728.0000000000005,30.00000000000001,2024-10,Sunday
ORD_02272,2024-10-29,CUST_0225,Laptop,Electronics,West,2,60000,0.2,96000.0,67200.0,28800.0,30.0,2024-10,Tuesday
ORD_02273,2024-11-06,CUST_0068,Laptop,Electronics,East,2,60000,0.2,96000.0,67200.0,28800.0,30.0,2024-11,Wednesday
ORD_02274,2024-07-26,CUST_0184,Monitor,Accessories,South,6,20000,0.15,102000.0,71400.0,30600.0,30.0,2024-07,Friday
ORD_02275,2025-09-09,CUST_0195,Printer,Office,North,2,15000,0.05,28500.0,19950.0,8550.0,30.0,2025-09,Tuesday
ORD_02276,2025-03-21,CUST_0042,Keyboard,Electronics,South,4,2000,0.1,7200.0,5040.0,2160.0,30.0,2025-03,Friday
ORD_02277,2025-10-31,CUST_0396,Printer,Office,South,6,15000,0.0,90000.0,62999.99999999999,27000.000000000007,30.00000000000001,2025-10,Friday
ORD_02278,2025-09-24,CUST_0402,Mouse,Office,West,5,800,0.05,3800.0,2660.0,1140.0,30.0,2025-09,Wednesday
ORD_02279,2024-02-24,CUST_0151,Keyboard,Accessories,North,1,2000,0.1,1800.0,1260.0,540.0,30.0,2024-02,Saturday
ORD_02280,2024-01-12,CUST_0084,Keyboard,Office,West,6,2000,0.15,10200.0,7140.0,3060.0,30.0,2024-01,Friday
ORD_02281,2025-10-18,CUST_0134,Laptop,Accessories,West,1,60000,0.1,54000.0,37800.0,16200.0,30.0,2025-10,Saturday
ORD_02282,2025-02-03,CUST_0309,Mouse,Accessories,South,3,800,0.05,2280.0,1596.0,684.0,30.0,2025-02,Monday
ORD_02283,2025-10-09,CUST_0354,Laptop,Accessories,South,5,60000,0.1,270000.0,189000.0,81000.0,30.0,2025-10,Thursday
ORD_02284,2025-05-29,CUST_0298,Laptop,Office,East,5,60000,0.0,300000.0,210000.0,90000.0,30.0,2025-05,Thursday
ORD_02285,2025-10-17,CUST_0450,Monitor,Electronics,South,6,20000,0.15,102000.0,71400.0,30600.0,30.0,2025-10,Friday
ORD_02286,2025-06-25,CUST_0030,Laptop,Accessories,East,8,60000,0.0,480000.0,336000.0,144000.0,30.0,2025-06,Wednesday
ORD_02287,2024-08-24,CUST_0009,Printer,Electronics,West,5,15000,0.15,63750.0,44625.0,19125.0,30.0,2024-08,Saturday
ORD_02288,2024-10-05,CUST_0475,Keyboard,Office,South,1,2000,0.15,1700.0,1190.0,510.0,30.0,2024-10,Saturday
ORD_02289,2024-12-13,CUST_0170,Laptop,Electronics,North,5,60000,0.1,270000.0,189000.0,81000.0,30.0,2024-12,Friday
ORD_02290,2025-09-18,CUST_0290,Printer,Electronics,North,3,15000,0.0,45000.0,31499.999999999996,13500.000000000004,30.00000000000001,2025-09,Thursday
ORD_02291,2024-04-13,CUST_0168,Mouse,Accessories,West,4,800,0.15,2720.0,1903.9999999999998,816.0000000000002,30.00000000000001,2024-04,Saturday
ORD_02292,2025-09-21,CUST_0344,Keyboard,Accessories,West,8,2000,0.15,13600.0,9520.0,4080.0,30.0,2025-09,Sunday
ORD_02293,2025-05-31,CUST_0497,Mouse,Accessories,South,7,800,0.1,5040.0,3528.0,1512.0,30.0,2025-05,Saturday
ORD_02294,2024-09-04,CUST_0145,Printer,Office,East,5,15000,0.05,71250.0,49875.0,21375.0,30.0,2024-09,Wednesday
ORD_02295,2024-12-29,CUST_0413,Mouse,Electronics,South,2,800,0.05,1520.0,1064.0,456.0,30.0,2024-12,Sunday
ORD_02296,2024-11-16,CUST_0228,Mouse,Office,East,6,800,0.2,3840.0,2688.0,1152.0,30.0,2024-11,Saturday
ORD_02297,2025-09-24,CUST_0306,Mouse,Office,South,6,800,0.2,3840.0,2688.0,1152.0,30.0,2025-09,Wednesday
ORD_02298,2024-10-12,CUST_0076,Laptop,Office,North,6,60000,0.15,306000.0,214200.0,91800.0,30.0,2024-10,Saturday
ORD_02299,2024-05-28,CUST_0223,Laptop,Office,North,9,60000,0.05,513000.0,359100.0,153900.0,30.0,2024-05,Tuesday
ORD_02300,2024-03-24,CUST_0177,Laptop,Accessories,East,8,60000,0.15,408000.0,285600.0,122400.0,30.0,2024-03,Sunday
ORD_02301,2025-02-09,CUST_0457,Keyboard,Electronics,South,8,2000,0.0,16000.0,11200.0,4800.0,30.0,2025-02,Sunday
ORD_02302,2025-03-31,CUST_0189,Printer,Accessories,West,1,15000,0.05,14250.0,9975.0,4275.0,30.0,2025-03,Monday
ORD_02303,2024-06-09,CUST_0467,Laptop,Accessories,East,5,60000,0.05,285000.0,199500.0,85500.0,30.0,2024-06,Sunday
ORD_02304,2025-04-04,CUST_0302,Mouse,Office,North,7,800,0.05,5320.0,3723.9999999999995,1596.0000000000005,30.00000000000001,2025-04,Friday
ORD_02305,2025-07-03,CUST_0046,Mouse,Accessories,East,6,800,0.2,3840.0,2688.0,1152.0,30.0,2025-07,Thursday
ORD_02306,2025-05-14,CUST_0382,Mouse,Electronics,South,5,800,0.1,3600.0,2520.0,1080.0,30.0,2025-05,Wednesday
ORD_02307,2025-05-23,CUST_0017,Mouse,Office,West,8,800,0.1,5760.0,4031.9999999999995,1728.0000000000005,30.00000000000001,2025-05,Friday
ORD_02308,2025-10-15,CUST_0066,Monitor,Accessories,West,3,20000,0.2,48000.0,33600.0,14400.0,30.0,2025-10,Wednesday
ORD_02309,2025-04-25,CUST_0360,Keyboard,Office,East,6,2000,0.2,9600.0,6720.0,2880.0,30.0,2025-04,Friday
ORD_02310,2025-10-24,CUST_0261,Printer,Electronics,South,5,15000,0.2,60000.0,42000.0,18000.0,30.0,2025-10,Friday
ORD_02311,2024-04-23,CUST_0123,Printer,Office,South,8,15000,0.1,108000.0,75600.0,32400.0,30.0,2024-04,Tuesday
ORD_02312,2025-07-31,CUST_0231,Laptop,Accessories,West,4,60000,0.15,204000.0,142800.0,61200.0,30.0,2025-07,Thursday
ORD_02313,2024-12-26,CUST_0438,Monitor,Accessories,North,8,20000,0.2,128000.0,89600.0,38400.0,30.0,2024-12,Thursday
ORD_02314,2024-12-06,CUST_0125,Printer,Electronics,South,2,15000,0.15,25500.0,17850.0,7650.0,30.0,2024-12,Friday
ORD_02315,2025-03-24,CUST_0112,Keyboard,Electronics,West,9,2000,0.15,15300.0,10710.0,4590.0,30.0,2025-03,Monday
ORD_02316,2024-06-28,CUST_0272,Mouse,Office,West,9,800,0.0,7200.0,5040.0,2160.0,30.0,2024-06,Friday
ORD_02317,2025-12-02,CUST_0081,Laptop,Accessories,South,6,60000,0.1,324000.0,226800.0,97200.0,30.0,2025-12,Tuesday
ORD_02318,2025-02-10,CUST_0246,Keyboard,Electronics,South,4,2000,0.15,6800.0,4760.0,2040.0,30.0,2025-02,Monday
ORD_02319,2025-10-27,CUST_0347,Printer,Electronics,East,4,15000,0.1,54000.0,37800.0,16200.0,30.0,2025-10,Monday
ORD_02320,2024-07-14,CUST_0391,Monitor,Accessories,North,6,20000,0.1,108000.0,75600.0,32400.0,30.0,2024-07,Sunday
ORD_02321,2025-04-10,CUST_0500,Laptop,Electronics,East,5,60000,0.0,300000.0,210000.0,90000.0,30.0,2025-04,Thursday
ORD_02322,2024-11-06,CUST_0392,Printer,Electronics,East,6,15000,0.1,81000.0,56700.0,24300.0,30.0,2024-11,Wednesday
ORD_02323,2024-09-18,CUST_0328,Laptop,Accessories,West,7,60000,0.15,357000.0,249899.99999999997,107100.00000000003,30.00000000000001,2024-09,Wednesday
ORD_02324,2025-02-22,CUST_0215,Printer,Electronics,West,7,15000,0.05,99750.0,69825.0,29925.0,30.0,2025-02,Saturday
ORD_02325,2025-02-09,CUST_0352,Mouse,Accessories,North,9,800,0.15,6120.0,4284.0,1836.0,30.0,2025-02,Sunday
ORD_02326,2024-05-22,CUST_0235,Monitor,Accessories,East,8,20000,0.15,136000.0,95200.0,40800.0,30.0,2024-05,Wednesday
ORD_02327,2024-12-07,CUST_0367,Mouse,Office,East,6,800,0.1,4320.0,3024.0,1296.0,30.0,2024-12,Saturday
ORD_02328,2024-11-11,CUST_0082,Printer,Accessories,West,6,15000,0.15,76500.0,53550.0,22950.0,30.0,2024-11,Monday
ORD_02329,2024-04-10,CUST_0294,Keyboard,Electronics,West,5,2000,0.05,9500.0,6650.0,2850.0,30.0,2024-04,Wednesday
ORD_02330,2024-08-31,CUST_0310,Mouse,Office,South,1,800,0.1,720.0,503.99999999999994,216.00000000000006,30.00000000000001,2024-08,Saturday
ORD_02331,2025-05-04,CUST_0076,Keyboard,Office,East,9,2000,0.2,14400.0,10080.0,4320.0,30.0,2025-05,Sunday
ORD_02332,2024-01-12,CUST_0015,Printer,Electronics,North,9,15000,0.15,114750.0,80325.0,34425.0,30.0,2024-01,Friday
ORD_02333,2024-08-26,CUST_0220,Monitor,Office,East,9,20000,0.15,153000.0,107100.0,45900.0,30.0,2024-08,Monday
ORD_02334,2025-07-14,CUST_0230,Keyboard,Electronics,West,8,2000,0.0,16000.0,11200.0,4800.0,30.0,2025-07,Monday
ORD_02335,2024-02-11,CUST_0434,Printer,Office,South,3,15000,0.2,36000.0,25200.0,10800.0,30.0,2024-02,Sunday
ORD_02336,2025-11-08,CUST_0440,Keyboard,Electronics,East,1,2000,0.2,1600.0,1120.0,480.0,30.0,2025-11,Saturday
ORD_02337,2025-08-16,CUST_0479,Mouse,Accessories,North,8,800,0.05,6080.0,4256.0,1824.0,30.0,2025-08,Saturday
ORD_02338,2025-03-04,CUST_0372,Printer,Accessories,West,7,15000,0.2,84000.0,58799.99999999999,25200.000000000007,30.00000000000001,2025-03,Tuesday
ORD_02339,2024-06-06,CUST_0265,Mouse,Office,South,5,800,0.0,4000.0,2800.0,1200.0,30.0,2024-06,Thursday
ORD_02340,2024-08-03,CUST_0264,Laptop,Office,East,7,60000,0.05,399000.0,279300.0,119700.0,30.0,2024-08,Saturday
ORD_02341,2025-10-31,CUST_0110,Printer,Accessories,North,4,15000,0.2,48000.0,33600.0,14400.0,30.0,2025-10,Friday
ORD_02342,2025-04-06,CUST_0403,Keyboard,Electronics,West,9,2000,0.05,17100.0,11970.0,5130.0,30.0,2025-04,Sunday
ORD_02343,2024-05-13,CUST_0307,Laptop,Office,North,2,60000,0.2,96000.0,67200.0,28800.0,30.0,2024-05,Monday
ORD_02344,2024-03-07,CUST_0200,Mouse,Accessories,East,9,800,0.2,5760.0,4031.9999999999995,1728.0000000000005,30.00000000000001,2024-03,Thursday
ORD_02345,2024-01-07,CUST_0226,Mouse,Office,West,9,800,0.2,5760.0,4031.9999999999995,1728.0000000000005,30.00000000000001,2024-01,Sunday
ORD_02346,2025-06-09,CUST_0185,Keyboard,Accessories,East,5,2000,0.15,8500.0,5950.0,2550.0,30.0,2025-06,Monday
ORD_02347,2024-03-13,CUST_0452,Laptop,Accessories,South,1,60000,0.2,48000.0,33600.0,14400.0,30.0,2024-03,Wednesday
ORD_02348,2025-02-02,CUST_0031,Monitor,Accessories,East,7,20000,0.15,119000.0,83300.0,35700.0,30.0,2025-02,Sunday
ORD_02349,2025-02-08,CUST_0102,Keyboard,Electronics,South,4,2000,0.1,7200.0,5040.0,2160.0,30.0,2025-02,Saturday
ORD_02350,2025-11-05,CUST_0259,Mouse,Office,East,9,800,0.0,7200.0,5040.0,2160.0,30.0,2025-11,Wednesday
ORD_02351,2025-07-31,CUST_0099,Printer,Electronics,North,6,15000,0.05,85500.0,59849.99999999999,25650.000000000007,30.00000000000001,2025-07,Thursday
ORD_02352,2024-05-09,CUST_0339,Laptop,Electronics,North,3,60000,0.05,171000.0,119699.99999999999,51300.000000000015,30.00000000000001,2024-05,Thursday
ORD_02353,2025-04-10,CUST_0299,Monitor,Accessories,West,6,20000,0.1,108000.0,75600.0,32400.0,30.0,2025-04,Thursday
ORD_02354,2024-07-24,CUST_0285,Printer,Electronics,North,6,15000,0.2,72000.0,50400.0,21600.0,30.0,2024-07,Wednesday
ORD_02355,2024-09-22,CUST_0266,Laptop,Office,North,5,60000,0.0,300000.0,210000.0,90000.0,30.0,2024-09,Sunday
ORD_02356,2025-06-20,CUST_0140,Keyboard,Office,South,2,2000,0.1,3600.0,2520.0,1080.0,30.0,2025-06,Friday
ORD_02357,2024-09-09,CUST_0302,Keyboard,Accessories,North,2,2000,0.1,3600.0,2520.0,1080.0,30.0,2024-09,Monday
ORD_02358,2024-10-15,CUST_0286,Laptop,Accessories,South,7,60000,0.05,399000.0,279300.0,119700.0,30.0,2024-10,Tuesday
ORD_02359,2024-06-12,CUST_0350,Monitor,Office,South,2,20000,0.15,34000.0,23800.0,10200.0,30.0,2024-06,Wednesday
ORD_02360,2024-04-04,CUST_0466,Laptop,Office,South,6,60000,0.15,306000.0,214200.0,91800.0,30.0,2024-04,Thursday
ORD_02361,2024-04-19,CUST_0216,Printer,Accessories,East,5,15000,0.2,60000.0,42000.0,18000.0,30.0,2024-04,Friday
ORD_02362,2024-12-01,CUST_0032,Printer,Electronics,South,4,15000,0.2,48000.0,33600.0,14400.0,30.0,2024-12,Sunday
ORD_02363,2024-08-25,CUST_0457,Keyboard,Office,East,7,2000,0.1,12600.0,8820.0,3780.0,30.0,2024-08,Sunday
ORD_02364,2025-01-15,CUST_0303,Laptop,Accessories,South,8,60000,0.2,384000.0,268800.0,115200.0,30.0,2025-01,Wednesday
ORD_02365,2025-03-11,CUST_0088,Keyboard,Accessories,East,4,2000,0.15,6800.0,4760.0,2040.0,30.0,2025-03,Tuesday
ORD_02366,2025-04-27,CUST_0063,Monitor,Office,West,1,20000,0.0,20000.0,14000.0,6000.0,30.0,2025-04,Sunday
ORD_02367,2024-01-25,CUST_0410,Printer,Accessories,West,1,15000,0.05,14250.0,9975.0,4275.0,30.0,2024-01,Thursday
ORD_02368,2025-10-14,CUST_0387,Mouse,Office,East,1,800,0.15,680.0,475.99999999999994,204.00000000000006,30.00000000000001,2025-10,Tuesday
ORD_02369,2024-04-26,CUST_0279,Mouse,Accessories,West,1,800,0.2,640.0,448.0,192.0,30.0,2024-04,Friday
ORD_02370,2025-04-26,CUST_0459,Laptop,Accessories,North,5,60000,0.05,285000.0,199500.0,85500.0,30.0,2025-04,Saturday
ORD_02371,2025-01-26,CUST_0074,Laptop,Electronics,South,4,60000,0.05,228000.0,159600.0,68400.0,30.0,2025-01,Sunday
ORD_02372,2025-06-20,CUST_0306,Mouse,Accessories,East,9,800,0.1,6480.0,4536.0,1944.0,30.0,2025-06,Friday
ORD_02373,2024-03-19,CUST_0420,Laptop,Office,West,3,60000,0.2,144000.0,100800.0,43200.0,30.0,2024-03,Tuesday
ORD_02374,2025-08-02,CUST_0124,Printer,Office,West,7,15000,0.1,94500.0,66150.0,28350.0,30.0,2025-08,Saturday
ORD_02375,2024-06-21,CUST_0269,Monitor,Electronics,North,8,20000,0.05,152000.0,106400.0,45600.0,30.0,2024-06,Friday
ORD_02376,2024-01-12,CUST_0382,Monitor,Office,South,6,20000,0.1,108000.0,75600.0,32400.0,30.0,2024-01,Friday
ORD_02377,2024-05-07,CUST_0285,Keyboard,Accessories,North,1,2000,0.2,1600.0,1120.0,480.0,30.0,2024-05,Tuesday
ORD_02378,2025-08-30,CUST_0422,Printer,Electronics,East,8,15000,0.15,102000.0,71400.0,30600.0,30.0,2025-08,Saturday
ORD_02379,2024-04-01,CUST_0461,Laptop,Office,West,3,60000,0.0,180000.0,125999.99999999999,54000.000000000015,30.00000000000001,2024-04,Monday
ORD_02380,2025-10-14,CUST_0121,Laptop,Accessories,West,8,60000,0.15,408000.0,285600.0,122400.0,30.0,2025-10,Tuesday
ORD_02381,2025-06-26,CUST_0346,Keyboard,Electronics,West,4,2000,0.05,7600.0,5320.0,2280.0,30.0,2025-06,Thursday
ORD_02382,2025-06-15,CUST_0212,Keyboard,Accessories,North,8,2000,0.15,13600.0,9520.0,4080.0,30.0,2025-06,Sunday
ORD_02383,2025-10-19,CUST_0389,Laptop,Office,North,1,60000,0.1,54000.0,37800.0,16200.0,30.0,2025-10,Sunday
ORD_02384,2025-03-22,CUST_0148,Laptop,Office,South,3,60000,0.2,144000.0,100800.0,43200.0,30.0,2025-03,Saturday
ORD_02385,2025-01-24,CUST_0078,Printer,Office,East,6,15000,0.15,76500.0,53550.0,22950.0,30.0,2025-01,Friday
ORD_02386,2025-11-02,CUST_0365,Keyboard,Office,South,9,2000,0.15,15300.0,10710.0,4590.0,30.0,2025-11,Sunday
ORD_02387,2024-02-12,CUST_0014,Printer,Electronics,South,2,15000,0.2,24000.0,16800.0,7200.0,30.0,2024-02,Monday
ORD_02388,2024-09-10,CUST_0136,Laptop,Office,West,1,60000,0.1,54000.0,37800.0,16200.0,30.0,2024-09,Tuesday
ORD_02389,2024-05-09,CUST_0304,Mouse,Electronics,North,3,800,0.0,2400.0,1680.0,720.0,30.0,2024-05,Thursday
ORD_02390,2024-02-29,CUST_0397,Mouse,Electronics,East,4,800,0.15,2720.0,1903.9999999999998,816.0000000000002,30.00000000000001,2024-02,Thursday
ORD_02391,2025-10-24,CUST_0280,Laptop,Accessories,South,5,60000,0.05,285000.0,199500.0,85500.0,30.0,2025-10,Friday
ORD_02392,2025-04-11,CUST_0079,Keyboard,Office,East,3,2000,0.1,5400.0,3779.9999999999995,1620.0000000000005,30.00000000000001,2025-04,Friday
ORD_02393,2024-10-13,CUST_0243,Mouse,Accessories,West,2,800,0.1,1440.0,1007.9999999999999,432.0000000000001,30.00000000000001,2024-10,Sunday
ORD_02394,2025-05-31,CUST_0193,Keyboard,Accessories,South,2,2000,0.15,3400.0,2380.0,1020.0,30.0,2025-05,Saturday
ORD_02395,2025-04-11,CUST_0470,Mouse,Accessories,North,7,800,0.2,4480.0,3136.0,1344.0,30.0,2025-04,Friday
ORD_02396,2024-12-10,CUST_0418,Keyboard,Accessories,South,9,2000,0.15,15300.0,10710.0,4590.0,30.0,2024-12,Tuesday
ORD_02397,2025-10-03,CUST_0242,Mouse,Accessories,West,2,800,0.15,1360.0,951.9999999999999,408.0000000000001,30.00000000000001,2025-10,Friday
ORD_02398,2025-01-16,CUST_0051,Keyboard,Office,South,7,2000,0.2,11200.0,7839.999999999999,3360.000000000001,30.00000000000001,2025-01,Thursday
ORD_02399,2025-11-20,CUST_0232,Printer,Accessories,West,7,15000,0.05,99750.0,69825.0,29925.0,30.0,2025-11,Thursday
ORD_02400,2024-09-09,CUST_0259,Keyboard,Electronics,South,7,2000,0.2,11200.0,7839.999999999999,3360.000000000001,30.00000000000001,2024-09,Monday
ORD_02401,2024-02-25,CUST_0384,Printer,Electronics,East,3,15000,0.15,38250.0,26775.0,11475.0,30.0,2024-02,Sunday
ORD_02402,2025-04-07,CUST_0375,Printer,Office,North,7,15000,0.0,105000.0,73500.0,31500.0,30.0,2025-04,Monday
ORD_02403,2025-04-01,CUST_0218,Laptop,Electronics,West,1,60000,0.2,48000.0,33600.0,14400.0,30.0,2025-04,Tuesday
ORD_02404,2024-03-23,CUST_0206,Printer,Accessories,East,1,15000,0.05,14250.0,9975.0,4275.0,30.0,2024-03,Saturday
ORD_02405,2024-04-08,CUST_0314,Monitor,Electronics,West,5,20000,0.2,80000.0,56000.0,24000.0,30.0,2024-04,Monday
ORD_02406,2024-05-28,CUST_0489,Printer,Accessories,South,2,15000,0.2,24000.0,16800.0,7200.0,30.0,2024-05,Tuesday
ORD_02407,2024-11-24,CUST_0381,Keyboard,Office,West,9,2000,0.1,16200.0,11340.0,4860.0,30.0,2024-11,Sunday
ORD_02408,2024-06-04,CUST_0456,Printer,Electronics,West,7,15000,0.1,94500.0,66150.0,28350.0,30.0,2024-06,Tuesday
ORD_02409,2024-07-08,CUST_0369,Keyboard,Electronics,North,4,2000,0.15,6800.0,4760.0,2040.0,30.0,2024-07,Monday
ORD_02410,2025-05-08,CUST_0311,Keyboard,Electronics,East,4,2000,0.15,6800.0,4760.0,2040.0,30.0,2025-05,Thursday
ORD_02411,2024-09-19,CUST_0375,Monitor,Office,South,2,20000,0.2,32000.0,22400.0,9600.0,30.0,2024-09,Thursday
ORD_02412,2024-03-20,CUST_0120,Printer,Office,North,5,15000,0.0,75000.0,52500.0,22500.0,30.0,2024-03,Wednesday
ORD_02413,2025-02-03,CUST_0080,Printer,Electronics,West,4,15000,0.15,51000.0,35700.0,15300.0,30.0,2025-02,Monday
ORD_02414,2025-08-31,CUST_0042,Mouse,Office,North,1,800,0.2,640.0,448.0,192.0,30.0,2025-08,Sunday
ORD_02415,2024-09-16,CUST_0021,Mouse,Accessories,West,8,800,0.2,5120.0,3584.0,1536.0,30.0,2024-09,Monday
ORD_02416,2025-09-06,CUST_0010,Laptop,Office,South,3,60000,0.2,144000.0,100800.0,43200.0,30.0,2025-09,Saturday
ORD_02417,2025-07-05,CUST_0313,Keyboard,Electronics,West,6,2000,0.2,9600.0,6720.0,2880.0,30.0,2025-07,Saturday
ORD_02418,2024-04-10,CUST_0153,Monitor,Accessories,North,4,20000,0.2,64000.0,44800.0,19200.0,30.0,2024-04,Wednesday
ORD_02419,2024-12-24,CUST_0312,Mouse,Electronics,North,9,800,0.1,6480.0,4536.0,1944.0,30.0,2024-12,Tuesday
ORD_02420,2025-01-14,CUST_0294,Printer,Electronics,West,7,15000,0.05,99750.0,69825.0,29925.0,30.0,2025-01,Tuesday
ORD_02421,2024-08-08,CUST_0086,Laptop,Electronics,East,9,60000,0.05,513000.0,359100.0,153900.0,30.0,2024-08,Thursday
ORD_02422,2025-02-23,CUST_0113,Monitor,Office,North,3,20000,0.2,48000.0,33600.0,14400.0,30.0,2025-02,Sunday
ORD_02423,2024-05-03,CUST_0189,Printer,Electronics,East,1,15000,0.15,12750.0,8925.0,3825.0,30.0,2024-05,Friday
ORD_02424,2025-02-25,CUST_0112,Printer,Accessories,East,5,15000,0.0,75000.0,52500.0,22500.0,30.0,2025-02,Tuesday
ORD_02425,2024-08-18,CUST_0175,Keyboard,Accessories,East,3,2000,0.2,4800.0,3360.0,1440.0,30.0,2024-08,Sunday
ORD_02426,2025-11-20,CUST_0310,Keyboard,Accessories,East,6,2000,0.0,12000.0,8400.0,3600.0,30.0,2025-11,Thursday
ORD_02427,2024-03-03,CUST_0302,Mouse,Electronics,North,8,800,0.1,5760.0,4031.9999999999995,1728.0000000000005,30.00000000000001,2024-03,Sunday
ORD_02428,2025-04-29,CUST_0452,Mouse,Accessories,North,4,800,0.05,3040.0,2128.0,912.0,30.0,2025-04,Tuesday
ORD_02429,2025-09-19,CUST_0004,Printer,Accessories,East,5,15000,0.1,67500.0,47250.0,20250.0,30.0,2025-09,Friday
ORD_02430,2025-12-03,CUST_0222,Printer,Accessories,North,5,15000,0.15,63750.0,44625.0,19125.0,30.0,2025-12,Wednesday
ORD_02431,2025-07-27,CUST_0450,Mouse,Accessories,East,4,800,0.15,2720.0,1903.9999999999998,816.0000000000002,30.00000000000001,2025-07,Sunday
ORD_02432,2025-04-27,CUST_0221,Mouse,Office,East,4,800,0.2,2560.0,1792.0,768.0,30.0,2025-04,Sunday
ORD_02433,2025-06-02,CUST_0171,Printer,Electronics,East,4,15000,0.15,51000.0,35700.0,15300.0,30.0,2025-06,Monday
ORD_02434,2024-06-03,CUST_0318,Monitor,Electronics,West,4,20000,0.15,68000.0,47600.0,20400.0,30.0,2024-06,Monday
ORD_02435,2024-04-01,CUST_0484,Printer,Accessories,South,4,15000,0.1,54000.0,37800.0,16200.0,30.0,2024-04,Monday
ORD_02436,2025-06-09,CUST_0213,Monitor,Electronics,North,5,20000,0.0,100000.0,70000.0,30000.0,30.0,2025-06,Monday
ORD_02437,2025-03-30,CUST_0253,Monitor,Accessories,North,2,20000,0.05,38000.0,26600.0,11400.0,30.0,2025-03,Sunday
ORD_02438,2025-08-20,CUST_0124,Printer,Accessories,East,2,15000,0.15,25500.0,17850.0,7650.0,30.0,2025-08,Wednesday
ORD_02439,2025-10-06,CUST_0128,Laptop,Accessories,West,9,60000,0.15,459000.0,321300.0,137700.0,30.0,2025-10,Monday
ORD_02440,2025-05-24,CUST_0213,Mouse,Electronics,West,2,800,0.1,1440.0,1007.9999999999999,432.0000000000001,30.00000000000001,2025-05,Saturday
ORD_02441,2024-07-01,CUST_0112,Keyboard,Office,North,6,2000,0.05,11400.0,7979.999999999999,3420.000000000001,30.00000000000001,2024-07,Monday
ORD_02442,2025-01-20,CUST_0085,Printer,Electronics,East,2,15000,0.1,27000.0,18900.0,8100.0,30.0,2025-01,Monday
ORD_02443,2025-07-27,CUST_0004,Monitor,Electronics,North,5,20000,0.0,100000.0,70000.0,30000.0,30.0,2025-07,Sunday
ORD_02444,2025-02-08,CUST_0065,Printer,Office,East,4,15000,0.1,54000.0,37800.0,16200.0,30.0,2025-02,Saturday
ORD_02445,2024-09-02,CUST_0318,Mouse,Electronics,East,7,800,0.05,5320.0,3723.9999999999995,1596.0000000000005,30.00000000000001,2024-09,Monday
ORD_02446,2025-08-13,CUST_0346,Monitor,Office,South,7,20000,0.05,133000.0,93100.0,39900.0,30.0,2025-08,Wednesday
ORD_02447,2025-10-22,CUST_0120,Keyboard,Accessories,East,6,2000,0.15,10200.0,7140.0,3060.0,30.0,2025-10,Wednesday
ORD_02448,2025-10-11,CUST_0243,Keyboard,Office,South,5,2000,0.0,10000.0,7000.0,3000.0,30.0,2025-10,Saturday
ORD_02449,2025-04-15,CUST_0386,Keyboard,Accessories,North,1,2000,0.2,1600.0,1120.0,480.0,30.0,2025-04,Tuesday
ORD_02450,2025-02-26,CUST_0137,Laptop,Office,North,3,60000,0.15,153000.0,107100.0,45900.0,30.0,2025-02,Wednesday
ORD_02451,2024-03-05,CUST_0247,Monitor,Accessories,West,9,20000,0.1,162000.0,113400.0,48600.0,30.0,2024-03,Tuesday
ORD_02452,2024-01-13,CUST_0441,Monitor,Electronics,South,1,20000,0.1,18000.0,12600.0,5400.0,30.0,2024-01,Saturday
ORD_02453,2024-07-31,CUST_0045,Laptop,Office,North,5,60000,0.05,285000.0,199500.0,85500.0,30.0,2024-07,Wednesday
ORD_02454,2024-08-29,CUST_0146,Monitor,Electronics,South,2,20000,0.05,38000.0,26600.0,11400.0,30.0,2024-08,Thursday
ORD_02455,2025-05-07,CUST_0368,Laptop,Accessories,North,4,60000,0.05,228000.0,159600.0,68400.0,30.0,2025-05,Wednesday
ORD_02456,2024-07-31,CUST_0176,Printer,Office,South,1,15000,0.2,12000.0,8400.0,3600.0,30.0,2024-07,Wednesday
ORD_02457,2025-11-23,CUST_0042,Mouse,Office,South,3,800,0.2,1920.0,1344.0,576.0,30.0,2025-11,Sunday
ORD_02458,2024-12-03,CUST_0297,Keyboard,Office,East,7,2000,0.15,11900.0,8330.0,3570.0,30.0,2024-12,Tuesday
ORD_02459,2024-06-21,CUST_0459,Laptop,Electronics,North,3,60000,0.2,144000.0,100800.0,43200.0,30.0,2024-06,Friday
ORD_02460,2025-11-02,CUST_0089,Laptop,Accessories,West,4,60000,0.05,228000.0,159600.0,68400.0,30.0,2025-11,Sunday
ORD_02461,2024-06-12,CUST_0218,Laptop,Electronics,East,2,60000,0.15,102000.0,71400.0,30600.0,30.0,2024-06,Wednesday
ORD_02462,2025-04-09,CUST_0442,Printer,Office,West,3,15000,0.15,38250.0,26775.0,11475.0,30.0,2025-04,Wednesday
ORD_02463,2025-05-11,CUST_0228,Laptop,Accessories,South,9,60000,0.0,540000.0,378000.0,162000.0,30.0,2025-05,Sunday
ORD_02464,2025-11-30,CUST_0298,Mouse,Accessories,East,3,800,0.2,1920.0,1344.0,576.0,30.0,2025-11,Sunday
ORD_02465,2025-01-29,CUST_0291,Mouse,Electronics,South,5,800,0.1,3600.0,2520.0,1080.0,30.0,2025-01,Wednesday
ORD_02466,2025-12-03,CUST_0422,Keyboard,Electronics,North,2,2000,0.1,3600.0,2520.0,1080.0,30.0,2025-12,Wednesday
ORD_02467,2024-11-03,CUST_0067,Printer,Office,North,4,15000,0.0,60000.0,42000.0,18000.0,30.0,2024-11,Sunday
ORD_02468,2024-07-01,CUST_0251,Mouse,Office,West,7,800,0.05,5320.0,3723.9999999999995,1596.0000000000005,30.00000000000001,2024-07,Monday
ORD_02469,2025-09-20,CUST_0041,Monitor,Office,North,7,20000,0.0,140000.0,98000.0,42000.0,30.0,2025-09,Saturday
ORD_02470,2025-05-24,CUST_0099,Monitor,Office,West,3,20000,0.05,57000.0,39900.0,17100.0,30.0,2025-05,Saturday
ORD_02471,2025-12-08,CUST_0306,Monitor,Accessories,South,5,20000,0.2,80000.0,56000.0,24000.0,30.0,2025-12,Monday
ORD_02472,2025-06-29,CUST_0360,Laptop,Office,East,1,60000,0.2,48000.0,33600.0,14400.0,30.0,2025-06,Sunday
ORD_02473,2025-07-17,CUST_0342,Laptop,Office,North,1,60000,0.15,51000.0,35700.0,15300.0,30.0,2025-07,Thursday
ORD_02474,2025-09-15,CUST_0456,Monitor,Office,South,5,20000,0.15,85000.0,59499.99999999999,25500.000000000007,30.00000000000001,2025-09,Monday
ORD_02475,2025-08-16,CUST_0079,Keyboard,Electronics,East,9,2000,0.15,15300.0,10710.0,4590.0,30.0,2025-08,Saturday
ORD_02476,2024-08-14,CUST_0301,Keyboard,Electronics,South,1,2000,0.15,1700.0,1190.0,510.0,30.0,2024-08,Wednesday
ORD_02477,2025-03-11,CUST_0199,Laptop,Electronics,West,1,60000,0.1,54000.0,37800.0,16200.0,30.0,2025-03,Tuesday
ORD_02478,2025-02-25,CUST_0147,Monitor,Office,South,4,20000,0.15,68000.0,47600.0,20400.0,30.0,2025-02,Tuesday
ORD_02479,2025-07-07,CUST_0488,Keyboard,Accessories,West,4,2000,0.15,6800.0,4760.0,2040.0,30.0,2025-07,Monday
ORD_02480,2024-01-21,CUST_0106,Laptop,Office,West,2,60000,0.15,102000.0,71400.0,30600.0,30.0,2024-01,Sunday
ORD_02481,2025-07-07,CUST_0401,Monitor,Electronics,North,9,20000,0.05,171000.0,119699.99999999999,51300.000000000015,30.00000000000001,2025-07,Monday
ORD_02482,2025-01-31,CUST_0193,Printer,Electronics,West,9,15000,0.15,114750.0,80325.0,34425.0,30.0,2025-01,Friday
ORD_02483,2025-09-16,CUST_0493,Monitor,Office,West,2,20000,0.0,40000.0,28000.0,12000.0,30.0,2025-09,Tuesday
ORD_02484,2024-04-14,CUST_0477,Monitor,Accessories,South,9,20000,0.15,153000.0,107100.0,45900.0,30.0,2024-04,Sunday
ORD_02485,2024-07-10,CUST_0122,Mouse,Accessories,West,6,800,0.15,4080.0,2856.0,1224.0,30.0,2024-07,Wednesday
ORD_02486,2024-01-17,CUST_0077,Mouse,Accessories,West,8,800,0.1,5760.0,4031.9999999999995,1728.0000000000005,30.00000000000001,2024-01,Wednesday
ORD_02487,2024-04-29,CUST_0312,Printer,Electronics,South,4,15000,0.15,51000.0,35700.0,15300.0,30.0,2024-04,Monday
ORD_02488,2025-01-27,CUST_0112,Printer,Electronics,East,2,15000,0.05,28500.0,19950.0,8550.0,30.0,2025-01,Monday
ORD_02489,2025-02-28,CUST_0349,Monitor,Accessories,North,2,20000,0.2,32000.0,22400.0,9600.0,30.0,2025-02,Friday
ORD_02490,2024-05-08,CUST_0297,Keyboard,Office,South,9,2000,0.15,15300.0,10710.0,4590.0,30.0,2024-05,Wednesday
ORD_02491,2024-05-09,CUST_0170,Printer,Accessories,West,1,15000,0.15,12750.0,8925.0,3825.0,30.0,2024-05,Thursday
ORD_02492,2025-07-25,CUST_0006,Monitor,Office,South,7,20000,0.15,119000.0,83300.0,35700.0,30.0,2025-07,Friday
ORD_02493,2025-07-13,CUST_0197,Laptop,Electronics,East,3,60000,0.1,162000.0,113400.0,48600.0,30.0,2025-07,Sunday
ORD_02494,2024-01-29,CUST_0098,Mouse,Electronics,South,3,800,0.2,1920.0,1344.0,576.0,30.0,2024-01,Monday
ORD_02495,2024-04-06,CUST_0459,Keyboard,Electronics,South,2,2000,0.1,3600.0,2520.0,1080.0,30.0,2024-04,Saturday
ORD_02496,2024-01-10,CUST_0329,Monitor,Accessories,South,6,20000,0.1,108000.0,75600.0,32400.0,30.0,2024-01,Wednesday
ORD_02497,2024-08-29,CUST_0230,Laptop,Accessories,South,2,60000,0.1,108000.0,75600.0,32400.0,30.0,2024-08,Thursday
ORD_02498,2024-08-19,CUST_0168,Mouse,Electronics,West,4,800,0.05,3040.0,2128.0,912.0,30.0,2024-08,Monday
ORD_02499,2024-10-10,CUST_0297,Laptop,Electronics,South,9,60000,0.2,432000.0,302400.0,129600.0,30.0,2024-10,Thursday
ORD_02500,2025-12-15,CUST_0265,Monitor,Electronics,East,9,20000,0.05,171000.0,119699.99999999999,51300.000000000015,30.00000000000001,2025-12,Monday
ORD_02501,2025-12-26,CUST_0008,Printer,Accessories,South,6,15000,0.05,85500.0,59849.99999999999,25650.000000000007,30.00000000000001,2025-12,Friday
ORD_02502,2024-07-18,CUST_0172,Mouse,Accessories,South,4,800,0.2,2560.0,1792.0,768.0,30.0,2024-07,Thursday
ORD_02503,2024-03-19,CUST_0442,Laptop,Electronics,West,7,60000,0.05,399000.0,279300.0,119700.0,30.0,2024-03,Tuesday
ORD_02504,2024-06-21,CUST_0360,Printer,Accessories,West,1,15000,0.2,12000.0,8400.0,3600.0,30.0,2024-06,Friday
ORD_02505,2025-04-11,CUST_0195,Keyboard,Accessories,South,4,2000,0.15,6800.0,4760.0,2040.0,30.0,2025-04,Friday
ORD_02506,2025-08-03,CUST_0269,Monitor,Accessories,West,5,20000,0.1,90000.0,62999.99999999999,27000.000000000007,30.00000000000001,2025-08,Sunday
ORD_02507,2025-02-19,CUST_0019,Monitor,Accessories,West,8,20000,0.05,152000.0,106400.0,45600.0,30.0,2025-02,Wednesday
ORD_02508,2025-03-24,CUST_0354,Mouse,Electronics,South,2,800,0.2,1280.0,896.0,384.0,30.0,2025-03,Monday
ORD_02509,2024-03-27,CUST_0352,Laptop,Electronics,West,5,60000,0.0,300000.0,210000.0,90000.0,30.0,2024-03,Wednesday
ORD_02510,2024-04-10,CUST_0049,Keyboard,Accessories,North,6,2000,0.05,11400.0,7979.999999999999,3420.000000000001,30.00000000000001,2024-04,Wednesday
ORD_02511,2024-01-08,CUST_0464,Mouse,Electronics,North,5,800,0.05,3800.0,2660.0,1140.0,30.0,2024-01,Monday
ORD_02512,2024-07-18,CUST_0356,Mouse,Electronics,North,9,800,0.2,5760.0,4031.9999999999995,1728.0000000000005,30.00000000000001,2024-07,Thursday
ORD_02513,2025-05-19,CUST_0338,Laptop,Electronics,West,1,60000,0.0,60000.0,42000.0,18000.0,30.0,2025-05,Monday
ORD_02514,2024-03-27,CUST_0462,Keyboard,Office,North,3,2000,0.0,6000.0,4200.0,1800.0,30.0,2024-03,Wednesday
ORD_02515,2024-02-12,CUST_0158,Laptop,Electronics,East,2,60000,0.15,102000.0,71400.0,30600.0,30.0,2024-02,Monday
ORD_02516,2025-01-19,CUST_0066,Monitor,Electronics,North,3,20000,0.05,57000.0,39900.0,17100.0,30.0,2025-01,Sunday
ORD_02517,2025-09-12,CUST_0461,Printer,Accessories,East,9,15000,0.1,121500.0,85050.0,36450.0,30.0,2025-09,Friday
ORD_02518,2025-03-10,CUST_0347,Monitor,Accessories,West,9,20000,0.05,171000.0,119699.99999999999,51300.000000000015,30.00000000000001,2025-03,Monday
ORD_02519,2025-02-11,CUST_0059,Monitor,Office,North,2,20000,0.1,36000.0,25200.0,10800.0,30.0,2025-02,Tuesday
ORD_02520,2025-04-27,CUST_0309,Mouse,Office,East,3,800,0.1,2160.0,1512.0,648.0,30.0,2025-04,Sunday
ORD_02521,2025-10-25,CUST_0308,Monitor,Electronics,West,4,20000,0.2,64000.0,44800.0,19200.0,30.0,2025-10,Saturday
ORD_02522,2024-01-17,CUST_0337,Keyboard,Electronics,North,9,2000,0.05,17100.0,11970.0,5130.0,30.0,2024-01,Wednesday
ORD_02523,2025-10-06,CUST_0159,Monitor,Accessories,South,3,20000,0.2,48000.0,33600.0,14400.0,30.0,2025-10,Monday
ORD_02524,2024-05-27,CUST_0271,Keyboard,Electronics,North,7,2000,0.15,11900.0,8330.0,3570.0,30.0,2024-05,Monday
ORD_02525,2024-10-03,CUST_0121,Laptop,Electronics,North,3,60000,0.1,162000.0,113400.0,48600.0,30.0,2024-10,Thursday
ORD_02526,2024-08-19,CUST_0254,Mouse,Electronics,North,7,800,0.0,5600.0,3919.9999999999995,1680.0000000000005,30.00000000000001,2024-08,Monday
ORD_02527,2024-12-31,CUST_0404,Keyboard,Electronics,South,7,2000,0.1,12600.0,8820.0,3780.0,30.0,2024-12,Tuesday
ORD_02528,2024-08-15,CUST_0261,Monitor,Electronics,East,9,20000,0.15,153000.0,107100.0,45900.0,30.0,2024-08,Thursday
ORD_02529,2025-10-12,CUST_0135,Mouse,Electronics,East,2,800,0.1,1440.0,1007.9999999999999,432.0000000000001,30.00000000000001,2025-10,Sunday
ORD_02530,2025-03-11,CUST_0274,Mouse,Electronics,South,6,800,0.2,3840.0,2688.0,1152.0,30.0,2025-03,Tuesday
ORD_02531,2025-02-02,CUST_0056,Keyboard,Electronics,North,9,2000,0.05,17100.0,11970.0,5130.0,30.0,2025-02,Sunday
ORD_02532,2024-07-29,CUST_0331,Keyboard,Accessories,North,2,2000,0.0,4000.0,2800.0,1200.0,30.0,2024-07,Monday
ORD_02533,2025-01-25,CUST_0096,Printer,Office,North,2,15000,0.2,24000.0,16800.0,7200.0,30.0,2025-01,Saturday
ORD_02534,2025-05-13,CUST_0114,Printer,Electronics,East,5,15000,0.05,71250.0,49875.0,21375.0,30.0,2025-05,Tuesday
ORD_02535,2025-06-23,CUST_0475,Mouse,Accessories,East,8,800,0.0,6400.0,4480.0,1920.0,30.0,2025-06,Monday
ORD_02536,2025-07-16,CUST_0474,Printer,Electronics,South,9,15000,0.15,114750.0,80325.0,34425.0,30.0,2025-07,Wednesday
ORD_02537,2025-05-05,CUST_0357,Monitor,Electronics,West,2,20000,0.1,36000.0,25200.0,10800.0,30.0,2025-05,Monday
ORD_02538,2025-03-17,CUST_0429,Laptop,Office,South,5,60000,0.0,300000.0,210000.0,90000.0,30.0,2025-03,Monday
ORD_02539,2024-09-17,CUST_0028,Mouse,Accessories,East,7,800,0.15,4760.0,3332.0,1428.0,30.0,2024-09,Tuesday
ORD_02540,2024-12-15,CUST_0306,Laptop,Electronics,North,6,60000,0.05,342000.0,239399.99999999997,102600.00000000003,30.00000000000001,2024-12,Sunday
ORD_02541,2024-12-17,CUST_0002,Printer,Office,North,6,15000,0.0,90000.0,62999.99999999999,27000.000000000007,30.00000000000001,2024-12,Tuesday
ORD_02542,2025-06-03,CUST_0212,Keyboard,Office,North,7,2000,0.15,11900.0,8330.0,3570.0,30.0,2025-06,Tuesday
ORD_02543,2024-11-15,CUST_0068,Mouse,Electronics,North,3,800,0.05,2280.0,1596.0,684.0,30.0,2024-11,Friday
ORD_02544,2024-05-17,CUST_0128,Printer,Electronics,West,3,15000,0.2,36000.0,25200.0,10800.0,30.0,2024-05,Friday
ORD_02545,2025-07-03,CUST_0333,Monitor,Accessories,South,9,20000,0.1,162000.0,113400.0,48600.0,30.0,2025-07,Thursday
ORD_02546,2025-09-14,CUST_0024,Mouse,Accessories,South,8,800,0.15,5440.0,3807.9999999999995,1632.0000000000005,30.00000000000001,2025-09,Sunday
ORD_02547,2025-01-02,CUST_0253,Mouse,Electronics,East,5,800,0.2,3200.0,2240.0,960.0,30.0,2025-01,Thursday
ORD_02548,2024-08-07,CUST_0368,Keyboard,Electronics,South,6,2000,0.05,11400.0,7979.999999999999,3420.000000000001,30.00000000000001,2024-08,Wednesday
ORD_02549,2024-12-02,CUST_0230,Mouse,Office,West,1,800,0.0,800.0,560.0,240.0,30.0,2024-12,Monday
ORD_02550,2024-08-10,CUST_0488,Keyboard,Accessories,West,1,2000,0.1,1800.0,1260.0,540.0,30.0,2024-08,Saturday
ORD_02551,2025-10-09,CUST_0176,Printer,Electronics,West,4,15000,0.05,57000.0,39900.0,17100.0,30.0,2025-10,Thursday
ORD_02552,2024-12-25,CUST_0429,Monitor,Electronics,North,2,20000,0.15,34000.0,23800.0,10200.0,30.0,2024-12,Wednesday
ORD_02553,2024-11-24,CUST_0375,Monitor,Accessories,East,7,20000,0.1,126000.0,88200.0,37800.0,30.0,2024-11,Sunday
ORD_02554,2025-04-07,CUST_0221,Mouse,Electronics,West,2,800,0.2,1280.0,896.0,384.0,30.0,2025-04,Monday
ORD_02555,2025-07-14,CUST_0442,Mouse,Office,South,2,800,0.1,1440.0,1007.9999999999999,432.0000000000001,30.00000000000001,2025-07,Monday
ORD_02556,2025-01-16,CUST_0036,Printer,Office,South,5,15000,0.2,60000.0,42000.0,18000.0,30.0,2025-01,Thursday
ORD_02557,2025-08-12,CUST_0002,Keyboard,Electronics,South,4,2000,0.05,7600.0,5320.0,2280.0,30.0,2025-08,Tuesday
ORD_02558,2025-09-08,CUST_0383,Monitor,Accessories,West,8,20000,0.0,160000.0,112000.0,48000.0,30.0,2025-09,Monday
ORD_02559,2024-06-17,CUST_0361,Keyboard,Office,West,4,2000,0.1,7200.0,5040.0,2160.0,30.0,2024-06,Monday
ORD_02560,2024-08-04,CUST_0274,Printer,Accessories,South,6,15000,0.0,90000.0,62999.99999999999,27000.000000000007,30.00000000000001,2024-08,Sunday
ORD_02561,2025-01-12,CUST_0177,Monitor,Accessories,West,5,20000,0.0,100000.0,70000.0,30000.0,30.0,2025-01,Sunday
ORD_02562,2024-04-28,CUST_0264,Monitor,Accessories,South,2,20000,0.1,36000.0,25200.0,10800.0,30.0,2024-04,Sunday
ORD_02563,2024-07-08,CUST_0186,Laptop,Office,North,8,60000,0.1,432000.0,302400.0,129600.0,30.0,2024-07,Monday
ORD_02564,2025-01-04,CUST_0015,Printer,Office,West,2,15000,0.0,30000.0,21000.0,9000.0,30.0,2025-01,Saturday
ORD_02565,2024-05-28,CUST_0489,Printer,Electronics,North,9,15000,0.15,114750.0,80325.0,34425.0,30.0,2024-05,Tuesday
ORD_02566,2025-11-06,CUST_0401,Laptop,Accessories,North,9,60000,0.15,459000.0,321300.0,137700.0,30.0,2025-11,Thursday
ORD_02567,2025-10-13,CUST_0279,Keyboard,Office,West,3,2000,0.1,5400.0,3779.9999999999995,1620.0000000000005,30.00000000000001,2025-10,Monday
ORD_02568,2025-05-02,CUST_0194,Laptop,Office,South,4,60000,0.0,240000.0,168000.0,72000.0,30.0,2025-05,Friday
ORD_02569,2025-01-08,CUST_0198,Printer,Electronics,East,8,15000,0.0,120000.0,84000.0,36000.0,30.0,2025-01,Wednesday
ORD_02570,2025-11-23,CUST_0349,Keyboard,Office,North,9,2000,0.05,17100.0,11970.0,5130.0,30.0,2025-11,Sunday
ORD_02571,2024-06-08,CUST_0411,Monitor,Office,West,3,20000,0.0,60000.0,42000.0,18000.0,30.0,2024-06,Saturday
ORD_02572,2024-12-16,CUST_0421,Laptop,Office,North,5,60000,0.15,255000.0,178500.0,76500.0,30.0,2024-12,Monday
ORD_02573,2024-10-14,CUST_0305,Keyboard,Electronics,South,8,2000,0.05,15200.0,10640.0,4560.0,30.0,2024-10,Monday
ORD_02574,2024-10-14,CUST_0064,Keyboard,Electronics,West,3,2000,0.15,5100.0,3570.0,1530.0,30.0,2024-10,Monday
ORD_02575,2024-08-13,CUST_0290,Keyboard,Accessories,East,7,2000,0.2,11200.0,7839.999999999999,3360.000000000001,30.00000000000001,2024-08,Tuesday
ORD_02576,2025-06-06,CUST_0018,Laptop,Office,West,8,60000,0.1,432000.0,302400.0,129600.0,30.0,2025-06,Friday
ORD_02577,2025-06-05,CUST_0064,Monitor,Electronics,North,3,20000,0.2,48000.0,33600.0,14400.0,30.0,2025-06,Thursday
ORD_02578,2024-09-29,CUST_0362,Keyboard,Electronics,West,2,2000,0.1,3600.0,2520.0,1080.0,30.0,2024-09,Sunday
ORD_02579,2025-02-05,CUST_0330,Laptop,Electronics,West,7,60000,0.15,357000.0,249899.99999999997,107100.00000000003,30.00000000000001,2025-02,Wednesday
ORD_02580,2024-07-01,CUST_0358,Printer,Accessories,North,9,15000,0.15,114750.0,80325.0,34425.0,30.0,2024-07,Monday
ORD_02581,2025-10-26,CUST_0251,Laptop,Accessories,East,1,60000,0.2,48000.0,33600.0,14400.0,30.0,2025-10,Sunday
ORD_02582,2025-05-02,CUST_0428,Laptop,Accessories,South,3,60000,0.1,162000.0,113400.0,48600.0,30.0,2025-05,Friday
ORD_02583,2024-05-03,CUST_0017,Laptop,Accessories,West,5,60000,0.1,270000.0,189000.0,81000.0,30.0,2024-05,Friday
ORD_02584,2025-09-17,CUST_0443,Keyboard,Accessories,East,3,2000,0.05,5700.0,3989.9999999999995,1710.0000000000005,30.00000000000001,2025-09,Wednesday
ORD_02585,2025-02-17,CUST_0141,Laptop,Office,South,1,60000,0.0,60000.0,42000.0,18000.0,30.0,2025-02,Monday
ORD_02586,2025-12-25,CUST_0308,Printer,Office,North,7,15000,0.05,99750.0,69825.0,29925.0,30.0,2025-12,Thursday
ORD_02587,2024-06-20,CUST_0444,Keyboard,Electronics,East,7,2000,0.15,11900.0,8330.0,3570.0,30.0,2024-06,Thursday
ORD_02588,2024-10-14,CUST_0496,Printer,Accessories,East,8,15000,0.2,96000.0,67200.0,28800.0,30.0,2024-10,Monday
ORD_02589,2025-03-10,CUST_0426,Mouse,Accessories,West,5,800,0.1,3600.0,2520.0,1080.0,30.0,2025-03,Monday
ORD_02590,2025-11-16,CUST_0475,Laptop,Electronics,North,5,60000,0.05,285000.0,199500.0,85500.0,30.0,2025-11,Sunday
ORD_02591,2024-04-22,CUST_0320,Keyboard,Office,West,5,2000,0.2,8000.0,5600.0,2400.0,30.0,2024-04,Monday
ORD_02592,2024-05-01,CUST_0245,Keyboard,Accessories,North,1,2000,0.2,1600.0,1120.0,480.0,30.0,2024-05,Wednesday
ORD_02593,2025-06-27,CUST_0450,Laptop,Accessories,South,5,60000,0.0,300000.0,210000.0,90000.0,30.0,2025-06,Friday
ORD_02594,2024-08-09,CUST_0290,Monitor,Accessories,West,6,20000,0.1,108000.0,75600.0,32400.0,30.0,2024-08,Friday
ORD_02595,2025-09-22,CUST_0351,Monitor,Office,North,1,20000,0.2,16000.0,11200.0,4800.0,30.0,2025-09,Monday
ORD_02596,2024-02-08,CUST_0087,Printer,Office,North,7,15000,0.1,94500.0,66150.0,28350.0,30.0,2024-02,Thursday
ORD_02597,2025-05-11,CUST_0199,Laptop,Accessories,East,1,60000,0.05,57000.0,39900.0,17100.0,30.0,2025-05,Sunday
ORD_02598,2024-08-20,CUST_0358,Laptop,Accessories,West,2,60000,0.2,96000.0,67200.0,28800.0,30.0,2024-08,Tuesday
ORD_02599,2025-06-13,CUST_0448,Mouse,Electronics,West,2,800,0.2,1280.0,896.0,384.0,30.0,2025-06,Friday
ORD_02600,2024-05-28,CUST_0161,Monitor,Electronics,South,5,20000,0.05,95000.0,66500.0,28500.0,30.0,2024-05,Tuesday
ORD_02601,2025-01-31,CUST_0140,Monitor,Office,North,7,20000,0.1,126000.0,88200.0,37800.0,30.0,2025-01,Friday
ORD_02602,2025-10-22,CUST_0493,Laptop,Electronics,East,1,60000,0.1,54000.0,37800.0,16200.0,30.0,2025-10,Wednesday
ORD_02603,2025-09-29,CUST_0076,Printer,Accessories,North,1,15000,0.2,12000.0,8400.0,3600.0,30.0,2025-09,Monday
ORD_02604,2024-10-28,CUST_0019,Laptop,Office,North,1,60000,0.05,57000.0,39900.0,17100.0,30.0,2024-10,Monday
ORD_02605,2024-12-25,CUST_0393,Printer,Electronics,North,6,15000,0.15,76500.0,53550.0,22950.0,30.0,2024-12,Wednesday
ORD_02606,2024-08-25,CUST_0330,Monitor,Office,West,2,20000,0.1,36000.0,25200.0,10800.0,30.0,2024-08,Sunday
ORD_02607,2025-10-08,CUST_0401,Mouse,Accessories,North,1,800,0.15,680.0,475.99999999999994,204.00000000000006,30.00000000000001,2025-10,Wednesday
ORD_02608,2025-10-24,CUST_0050,Keyboard,Electronics,South,6,2000,0.2,9600.0,6720.0,2880.0,30.0,2025-10,Friday
ORD_02609,2024-08-23,CUST_0232,Monitor,Electronics,East,2,20000,0.15,34000.0,23800.0,10200.0,30.0,2024-08,Friday
ORD_02610,2024-07-21,CUST_0295,Printer,Electronics,East,6,15000,0.15,76500.0,53550.0,22950.0,30.0,2024-07,Sunday
ORD_02611,2024-09-12,CUST_0425,Laptop,Accessories,North,8,60000,0.1,432000.0,302400.0,129600.0,30.0,2024-09,Thursday
ORD_02612,2025-08-20,CUST_0394,Monitor,Office,East,2,20000,0.2,32000.0,22400.0,9600.0,30.0,2025-08,Wednesday
ORD_02613,2025-10-23,CUST_0012,Mouse,Electronics,North,9,800,0.15,6120.0,4284.0,1836.0,30.0,2025-10,Thursday
ORD_02614,2024-08-22,CUST_0335,Printer,Office,West,8,15000,0.1,108000.0,75600.0,32400.0,30.0,2024-08,Thursday
ORD_02615,2024-12-10,CUST_0479,Laptop,Office,East,1,60000,0.15,51000.0,35700.0,15300.0,30.0,2024-12,Tuesday
ORD_02616,2025-06-17,CUST_0015,Keyboard,Office,West,7,2000,0.1,12600.0,8820.0,3780.0,30.0,2025-06,Tuesday
ORD_02617,2025-04-10,CUST_0028,Printer,Accessories,West,6,15000,0.2,72000.0,50400.0,21600.0,30.0,2025-04,Thursday
ORD_02618,2025-06-24,CUST_0388,Laptop,Accessories,South,6,60000,0.05,342000.0,239399.99999999997,102600.00000000003,30.00000000000001,2025-06,Tuesday
ORD_02619,2024-07-31,CUST_0292,Keyboard,Electronics,South,6,2000,0.1,10800.0,7559.999999999999,3240.000000000001,30.00000000000001,2024-07,Wednesday
ORD_02620,2025-04-07,CUST_0375,Laptop,Electronics,East,6,60000,0.1,324000.0,226800.0,97200.0,30.0,2025-04,Monday
ORD_02621,2025-03-11,CUST_0321,Keyboard,Office,North,7,2000,0.15,11900.0,8330.0,3570.0,30.0,2025-03,Tuesday
ORD_02622,2024-10-09,CUST_0250,Keyboard,Office,North,3,2000,0.2,4800.0,3360.0,1440.0,30.0,2024-10,Wednesday
ORD_02623,2025-07-15,CUST_0492,Keyboard,Office,North,6,2000,0.0,12000.0,8400.0,3600.0,30.0,2025-07,Tuesday
ORD_02624,2025-08-29,CUST_0098,Laptop,Accessories,North,3,60000,0.0,180000.0,125999.99999999999,54000.000000000015,30.00000000000001,2025-08,Friday
ORD_02625,2025-04-07,CUST_0303,Keyboard,Accessories,South,7,2000,0.05,13300.0,9310.0,3990.0,30.0,2025-04,Monday
ORD_02626,2025-02-10,CUST_0337,Printer,Electronics,North,7,15000,0.2,84000.0,58799.99999999999,25200.000000000007,30.00000000000001,2025-02,Monday
ORD_02627,2024-03-28,CUST_0039,Mouse,Office,North,8,800,0.1,5760.0,4031.9999999999995,1728.0000000000005,30.00000000000001,2024-03,Thursday
ORD_02628,2024-02-13,CUST_0038,Mouse,Office,West,2,800,0.0,1600.0,1120.0,480.0,30.0,2024-02,Tuesday
ORD_02629,2025-04-05,CUST_0300,Keyboard,Accessories,North,9,2000,0.05,17100.0,11970.0,5130.0,30.0,2025-04,Saturday
ORD_02630,2024-10-04,CUST_0179,Mouse,Electronics,North,5,800,0.2,3200.0,2240.0,960.0,30.0,2024-10,Friday
ORD_02631,2025-11-13,CUST_0097,Mouse,Office,South,9,800,0.05,6840.0,4788.0,2052.0,30.0,2025-11,Thursday
ORD_02632,2025-02-24,CUST_0380,Keyboard,Office,East,5,2000,0.0,10000.0,7000.0,3000.0,30.0,2025-02,Monday
ORD_02633,2025-12-01,CUST_0469,Keyboard,Electronics,West,7,2000,0.15,11900.0,8330.0,3570.0,30.0,2025-12,Monday
ORD_02634,2024-12-18,CUST_0282,Printer,Office,West,9,15000,0.15,114750.0,80325.0,34425.0,30.0,2024-12,Wednesday
ORD_02635,2025-11-26,CUST_0238,Monitor,Accessories,East,4,20000,0.2,64000.0,44800.0,19200.0,30.0,2025-11,Wednesday
ORD_02636,2025-05-29,CUST_0164,Laptop,Electronics,West,2,60000,0.05,114000.0,79800.0,34200.0,30.0,2025-05,Thursday
ORD_02637,2025-12-03,CUST_0453,Keyboard,Office,North,9,2000,0.1,16200.0,11340.0,4860.0,30.0,2025-12,Wednesday
ORD_02638,2025-09-21,CUST_0097,Keyboard,Office,North,2,2000,0.0,4000.0,2800.0,1200.0,30.0,2025-09,Sunday
ORD_02639,2024-01-19,CUST_0257,Mouse,Accessories,East,3,800,0.15,2040.0,1428.0,612.0,30.0,2024-01,Friday
ORD_02640,2024-01-23,CUST_0309,Printer,Accessories,South,2,15000,0.15,25500.0,17850.0,7650.0,30.0,2024-01,Tuesday
ORD_02641,2025-02-16,CUST_0262,Mouse,Accessories,South,3,800,0.05,2280.0,1596.0,684.0,30.0,2025-02,Sunday
ORD_02642,2024-01-30,CUST_0293,Keyboard,Office,West,6,2000,0.15,10200.0,7140.0,3060.0,30.0,2024-01,Tuesday
ORD_02643,2024-04-17,CUST_0258,Keyboard,Office,South,3,2000,0.05,5700.0,3989.9999999999995,1710.0000000000005,30.00000000000001,2024-04,Wednesday
ORD_02644,2025-01-01,CUST_0249,Mouse,Office,South,8,800,0.0,6400.0,4480.0,1920.0,30.0,2025-01,Wednesday
ORD_02645,2024-10-07,CUST_0245,Keyboard,Electronics,South,6,2000,0.05,11400.0,7979.999999999999,3420.000000000001,30.00000000000001,2024-10,Monday
ORD_02646,2024-05-07,CUST_0251,Monitor,Accessories,South,7,20000,0.15,119000.0,83300.0,35700.0,30.0,2024-05,Tuesday
ORD_02647,2024-08-16,CUST_0123,Laptop,Electronics,South,1,60000,0.05,57000.0,39900.0,17100.0,30.0,2024-08,Friday
ORD_02648,2024-04-20,CUST_0325,Laptop,Accessories,South,3,60000,0.15,153000.0,107100.0,45900.0,30.0,2024-04,Saturday
ORD_02649,2024-05-15,CUST_0474,Laptop,Office,South,3,60000,0.2,144000.0,100800.0,43200.0,30.0,2024-05,Wednesday
ORD_02650,2024-12-27,CUST_0169,Monitor,Electronics,West,2,20000,0.15,34000.0,23800.0,10200.0,30.0,2024-12,Friday
ORD_02651,2024-07-04,CUST_0435,Keyboard,Electronics,North,7,2000,0.15,11900.0,8330.0,3570.0,30.0,2024-07,Thursday
ORD_02652,2025-10-17,CUST_0175,Mouse,Accessories,South,9,800,0.15,6120.0,4284.0,1836.0,30.0,2025-10,Friday
ORD_02653,2025-08-06,CUST_0269,Printer,Electronics,North,4,15000,0.2,48000.0,33600.0,14400.0,30.0,2025-08,Wednesday
ORD_02654,2024-05-08,CUST_0204,Keyboard,Electronics,East,5,2000,0.1,9000.0,6300.0,2700.0,30.0,2024-05,Wednesday
ORD_02655,2024-09-17,CUST_0325,Monitor,Office,North,3,20000,0.15,51000.0,35700.0,15300.0,30.0,2024-09,Tuesday
ORD_02656,2025-05-29,CUST_0066,Monitor,Accessories,East,9,20000,0.1,162000.0,113400.0,48600.0,30.0,2025-05,Thursday
ORD_02657,2025-03-24,CUST_0315,Laptop,Electronics,West,4,60000,0.0,240000.0,168000.0,72000.0,30.0,2025-03,Monday
ORD_02658,2024-04-13,CUST_0324,Keyboard,Office,North,5,2000,0.05,9500.0,6650.0,2850.0,30.0,2024-04,Saturday
ORD_02659,2025-04-27,CUST_0059,Laptop,Electronics,East,1,60000,0.1,54000.0,37800.0,16200.0,30.0,2025-04,Sunday
ORD_02660,2024-08-11,CUST_0219,Printer,Office,North,2,15000,0.0,30000.0,21000.0,9000.0,30.0,2024-08,Sunday
ORD_02661,2025-05-05,CUST_0498,Laptop,Electronics,West,9,60000,0.05,513000.0,359100.0,153900.0,30.0,2025-05,Monday
ORD_02662,2025-04-17,CUST_0373,Printer,Office,North,2,15000,0.15,25500.0,17850.0,7650.0,30.0,2025-04,Thursday
ORD_02663,2024-01-10,CUST_0266,Monitor,Office,East,5,20000,0.15,85000.0,59499.99999999999,25500.000000000007,30.00000000000001,2024-01,Wednesday
ORD_02664,2025-02-08,CUST_0141,Laptop,Accessories,South,8,60000,0.15,408000.0,285600.0,122400.0,30.0,2025-02,Saturday
ORD_02665,2024-10-28,CUST_0236,Laptop,Office,South,3,60000,0.2,144000.0,100800.0,43200.0,30.0,2024-10,Monday
ORD_02666,2024-08-18,CUST_0386,Mouse,Electronics,South,6,800,0.2,3840.0,2688.0,1152.0,30.0,2024-08,Sunday
ORD_02667,2024-03-06,CUST_0218,Monitor,Office,West,4,20000,0.2,64000.0,44800.0,19200.0,30.0,2024-03,Wednesday
ORD_02668,2024-04-21,CUST_0015,Mouse,Office,South,7,800,0.2,4480.0,3136.0,1344.0,30.0,2024-04,Sunday
ORD_02669,2024-01-13,CUST_0302,Printer,Electronics,West,3,15000,0.0,45000.0,31499.999999999996,13500.000000000004,30.00000000000001,2024-01,Saturday
ORD_02670,2025-01-27,CUST_0441,Printer,Electronics,South,6,15000,0.0,90000.0,62999.99999999999,27000.000000000007,30.00000000000001,2025-01,Monday
ORD_02671,2025-05-14,CUST_0138,Monitor,Office,West,9,20000,0.15,153000.0,107100.0,45900.0,30.0,2025-05,Wednesday
ORD_02672,2025-08-20,CUST_0406,Printer,Electronics,West,1,15000,0.05,14250.0,9975.0,4275.0,30.0,2025-08,Wednesday
ORD_02673,2024-08-21,CUST_0232,Monitor,Office,North,3,20000,0.2,48000.0,33600.0,14400.0,30.0,2024-08,Wednesday
ORD_02674,2025-08-24,CUST_0089,Printer,Office,South,2,15000,0.05,28500.0,19950.0,8550.0,30.0,2025-08,Sunday
ORD_02675,2024-11-09,CUST_0463,Keyboard,Office,North,8,2000,0.0,16000.0,11200.0,4800.0,30.0,2024-11,Saturday
ORD_02676,2025-07-19,CUST_0077,Laptop,Electronics,East,7,60000,0.2,336000.0,235199.99999999997,100800.00000000003,30.00000000000001,2025-07,Saturday
ORD_02677,2024-01-12,CUST_0136,Keyboard,Accessories,South,2,2000,0.0,4000.0,2800.0,1200.0,30.0,2024-01,Friday
ORD_02678,2024-07-27,CUST_0405,Monitor,Accessories,South,6,20000,0.0,120000.0,84000.0,36000.0,30.0,2024-07,Saturday
ORD_02679,2024-01-14,CUST_0469,Monitor,Office,South,3,20000,0.1,54000.0,37800.0,16200.0,30.0,2024-01,Sunday
ORD_02680,2025-09-24,CUST_0406,Keyboard,Office,South,8,2000,0.0,16000.0,11200.0,4800.0,30.0,2025-09,Wednesday
ORD_02681,2025-02-21,CUST_0110,Laptop,Electronics,North,3,60000,0.15,153000.0,107100.0,45900.0,30.0,2025-02,Friday
ORD_02682,2025-03-12,CUST_0353,Laptop,Accessories,North,9,60000,0.0,540000.0,378000.0,162000.0,30.0,2025-03,Wednesday
ORD_02683,2025-01-11,CUST_0301,Mouse,Accessories,West,1,800,0.2,640.0,448.0,192.0,30.0,2025-01,Saturday
ORD_02684,2024-01-20,CUST_0091,Printer,Accessories,North,5,15000,0.15,63750.0,44625.0,19125.0,30.0,2024-01,Saturday
ORD_02685,2025-08-09,CUST_0424,Mouse,Electronics,West,3,800,0.0,2400.0,1680.0,720.0,30.0,2025-08,Saturday
ORD_02686,2024-03-10,CUST_0370,Laptop,Electronics,East,6,60000,0.15,306000.0,214200.0,91800.0,30.0,2024-03,Sunday
ORD_02687,2024-07-29,CUST_0406,Keyboard,Electronics,North,2,2000,0.0,4000.0,2800.0,1200.0,30.0,2024-07,Monday
ORD_02688,2024-04-10,CUST_0414,Printer,Office,West,9,15000,0.15,114750.0,80325.0,34425.0,30.0,2024-04,Wednesday
ORD_02689,2025-11-28,CUST_0190,Keyboard,Electronics,South,6,2000,0.05,11400.0,7979.999999999999,3420.000000000001,30.00000000000001,2025-11,Friday
ORD_02690,2024-05-11,CUST_0073,Mouse,Office,East,7,800,0.1,5040.0,3528.0,1512.0,30.0,2024-05,Saturday
ORD_02691,2025-09-14,CUST_0173,Monitor,Office,West,5,20000,0.15,85000.0,59499.99999999999,25500.000000000007,30.00000000000001,2025-09,Sunday
ORD_02692,2025-01-15,CUST_0035,Keyboard,Office,East,9,2000,0.2,14400.0,10080.0,4320.0,30.0,2025-01,Wednesday
ORD_02693,2024-05-11,CUST_0210,Mouse,Office,South,1,800,0.1,720.0,503.99999999999994,216.00000000000006,30.00000000000001,2024-05,Saturday
ORD_02694,2024-01-20,CUST_0298,Mouse,Electronics,South,5,800,0.1,3600.0,2520.0,1080.0,30.0,2024-01,Saturday
ORD_02695,2025-06-19,CUST_0133,Mouse,Electronics,West,6,800,0.0,4800.0,3360.0,1440.0,30.0,2025-06,Thursday
ORD_02696,2024-08-14,CUST_0283,Monitor,Accessories,West,7,20000,0.15,119000.0,83300.0,35700.0,30.0,2024-08,Wednesday
ORD_02697,2024-06-02,CUST_0198,Monitor,Accessories,South,4,20000,0.1,72000.0,50400.0,21600.0,30.0,2024-06,Sunday
ORD_02698,2025-04-13,CUST_0446,Monitor,Office,West,1,20000,0.2,16000.0,11200.0,4800.0,30.0,2025-04,Sunday
ORD_02699,2025-02-08,CUST_0032,Printer,Accessories,South,8,15000,0.2,96000.0,67200.0,28800.0,30.0,2025-02,Saturday
ORD_02700,2024-07-20,CUST_0136,Monitor,Accessories,North,4,20000,0.2,64000.0,44800.0,19200.0,30.0,2024-07,Saturday
ORD_02701,2024-02-07,CUST_0248,Monitor,Accessories,West,3,20000,0.0,60000.0,42000.0,18000.0,30.0,2024-02,Wednesday
ORD_02702,2024-07-06,CUST_0359,Monitor,Office,East,7,20000,0.05,133000.0,93100.0,39900.0,30.0,2024-07,Saturday
ORD_02703,2024-02-26,CUST_0341,Keyboard,Accessories,South,2,2000,0.15,3400.0,2380.0,1020.0,30.0,2024-02,Monday
ORD_02704,2024-01-20,CUST_0146,Monitor,Electronics,North,8,20000,0.1,144000.0,100800.0,43200.0,30.0,2024-01,Saturday
ORD_02705,2024-09-29,CUST_0334,Printer,Office,West,6,15000,0.15,76500.0,53550.0,22950.0,30.0,2024-09,Sunday
ORD_02706,2024-04-28,CUST_0143,Mouse,Electronics,South,7,800,0.1,5040.0,3528.0,1512.0,30.0,2024-04,Sunday
ORD_02707,2025-08-05,CUST_0234,Keyboard,Office,North,5,2000,0.0,10000.0,7000.0,3000.0,30.0,2025-08,Tuesday
ORD_02708,2025-05-30,CUST_0410,Laptop,Electronics,West,9,60000,0.15,459000.0,321300.0,137700.0,30.0,2025-05,Friday
ORD_02709,2024-08-08,CUST_0437,Monitor,Accessories,South,5,20000,0.0,100000.0,70000.0,30000.0,30.0,2024-08,Thursday
ORD_02710,2025-06-09,CUST_0044,Mouse,Office,South,5,800,0.0,4000.0,2800.0,1200.0,30.0,2025-06,Monday
ORD_02711,2025-05-29,CUST_0032,Mouse,Electronics,South,3,800,0.15,2040.0,1428.0,612.0,30.0,2025-05,Thursday
ORD_02712,2025-12-28,CUST_0231,Keyboard,Office,West,1,2000,0.15,1700.0,1190.0,510.0,30.0,2025-12,Sunday
ORD_02713,2024-12-01,CUST_0028,Laptop,Electronics,North,2,60000,0.1,108000.0,75600.0,32400.0,30.0,2024-12,Sunday
ORD_02714,2025-11-28,CUST_0423,Printer,Accessories,South,8,15000,0.2,96000.0,67200.0,28800.0,30.0,2025-11,Friday
ORD_02715,2024-02-24,CUST_0491,Mouse,Office,North,1,800,0.0,800.0,560.0,240.0,30.0,2024-02,Saturday
ORD_02716,2025-05-14,CUST_0160,Mouse,Office,North,7,800,0.05,5320.0,3723.9999999999995,1596.0000000000005,30.00000000000001,2025-05,Wednesday
ORD_02717,2025-06-19,CUST_0333,Mouse,Electronics,East,5,800,0.1,3600.0,2520.0,1080.0,30.0,2025-06,Thursday
ORD_02718,2024-06-10,CUST_0207,Mouse,Electronics,North,3,800,0.1,2160.0,1512.0,648.0,30.0,2024-06,Monday
ORD_02719,2025-10-31,CUST_0018,Keyboard,Accessories,North,7,2000,0.2,11200.0,7839.999999999999,3360.000000000001,30.00000000000001,2025-10,Friday
ORD_02720,2025-08-16,CUST_0103,Laptop,Electronics,North,9,60000,0.2,432000.0,302400.0,129600.0,30.0,2025-08,Saturday
ORD_02721,2024-06-07,CUST_0070,Mouse,Electronics,North,2,800,0.0,1600.0,1120.0,480.0,30.0,2024-06,Friday
ORD_02722,2024-07-06,CUST_0119,Printer,Electronics,North,8,15000,0.1,108000.0,75600.0,32400.0,30.0,2024-07,Saturday
ORD_02723,2024-02-29,CUST_0139,Printer,Accessories,West,9,15000,0.1,121500.0,85050.0,36450.0,30.0,2024-02,Thursday
ORD_02724,2024-11-14,CUST_0160,Monitor,Accessories,East,3,20000,0.05,57000.0,39900.0,17100.0,30.0,2024-11,Thursday
ORD_02725,2024-07-29,CUST_0232,Mouse,Office,South,2,800,0.0,1600.0,1120.0,480.0,30.0,2024-07,Monday
ORD_02726,2025-02-09,CUST_0148,Mouse,Accessories,East,7,800,0.0,5600.0,3919.9999999999995,1680.0000000000005,30.00000000000001,2025-02,Sunday
ORD_02727,2025-10-25,CUST_0353,Mouse,Electronics,East,5,800,0.2,3200.0,2240.0,960.0,30.0,2025-10,Saturday
ORD_02728,2024-04-18,CUST_0424,Mouse,Office,South,5,800,0.0,4000.0,2800.0,1200.0,30.0,2024-04,Thursday
ORD_02729,2024-03-16,CUST_0392,Mouse,Accessories,North,5,800,0.05,3800.0,2660.0,1140.0,30.0,2024-03,Saturday
ORD_02730,2025-06-25,CUST_0243,Printer,Accessories,South,4,15000,0.0,60000.0,42000.0,18000.0,30.0,2025-06,Wednesday
ORD_02731,2024-11-09,CUST_0035,Laptop,Electronics,North,5,60000,0.15,255000.0,178500.0,76500.0,30.0,2024-11,Saturday
ORD_02732,2024-04-26,CUST_0325,Laptop,Electronics,South,4,60000,0.15,204000.0,142800.0,61200.0,30.0,2024-04,Friday
ORD_02733,2025-12-04,CUST_0382,Monitor,Accessories,West,6,20000,0.05,114000.0,79800.0,34200.0,30.0,2025-12,Thursday
ORD_02734,2024-01-19,CUST_0355,Printer,Office,East,4,15000,0.2,48000.0,33600.0,14400.0,30.0,2024-01,Friday
ORD_02735,2025-03-07,CUST_0239,Mouse,Electronics,North,2,800,0.1,1440.0,1007.9999999999999,432.0000000000001,30.00000000000001,2025-03,Friday
ORD_02736,2025-11-15,CUST_0334,Laptop,Accessories,East,9,60000,0.0,540000.0,378000.0,162000.0,30.0,2025-11,Saturday
ORD_02737,2024-12-15,CUST_0149,Keyboard,Accessories,North,2,2000,0.2,3200.0,2240.0,960.0,30.0,2024-12,Sunday
ORD_02738,2024-07-01,CUST_0111,Keyboard,Electronics,South,9,2000,0.2,14400.0,10080.0,4320.0,30.0,2024-07,Monday
ORD_02739,2024-04-22,CUST_0408,Keyboard,Office,South,6,2000,0.0,12000.0,8400.0,3600.0,30.0,2024-04,Monday
ORD_02740,2024-07-01,CUST_0017,Mouse,Office,South,9,800,0.1,6480.0,4536.0,1944.0,30.0,2024-07,Monday
ORD_02741,2025-04-25,CUST_0402,Mouse,Office,West,9,800,0.0,7200.0,5040.0,2160.0,30.0,2025-04,Friday
ORD_02742,2024-05-25,CUST_0226,Monitor,Electronics,South,3,20000,0.1,54000.0,37800.0,16200.0,30.0,2024-05,Saturday
ORD_02743,2025-09-19,CUST_0140,Monitor,Electronics,South,1,20000,0.05,19000.0,13300.0,5700.0,30.0,2025-09,Friday
ORD_02744,2024-04-22,CUST_0144,Monitor,Electronics,West,1,20000,0.1,18000.0,12600.0,5400.0,30.0,2024-04,Monday
ORD_02745,2025-04-20,CUST_0260,Keyboard,Office,East,3,2000,0.2,4800.0,3360.0,1440.0,30.0,2025-04,Sunday
ORD_02746,2024-10-29,CUST_0217,Mouse,Office,East,5,800,0.05,3800.0,2660.0,1140.0,30.0,2024-10,Tuesday
ORD_02747,2024-04-27,CUST_0162,Keyboard,Electronics,North,3,2000,0.15,5100.0,3570.0,1530.0,30.0,2024-04,Saturday
ORD_02748,2024-06-09,CUST_0092,Monitor,Electronics,East,9,20000,0.05,171000.0,119699.99999999999,51300.000000000015,30.00000000000001,2024-06,Sunday
ORD_02749,2025-02-04,CUST_0174,Mouse,Electronics,North,9,800,0.1,6480.0,4536.0,1944.0,30.0,2025-02,Tuesday
ORD_02750,2024-07-16,CUST_0331,Printer,Office,North,3,15000,0.05,42750.0,29924.999999999996,12825.000000000004,30.00000000000001,2024-07,Tuesday
ORD_02751,2024-09-16,CUST_0205,Laptop,Accessories,East,3,60000,0.05,171000.0,119699.99999999999,51300.000000000015,30.00000000000001,2024-09,Monday
ORD_02752,2025-10-21,CUST_0415,Laptop,Accessories,East,5,60000,0.15,255000.0,178500.0,76500.0,30.0,2025-10,Tuesday
ORD_02753,2024-02-16,CUST_0153,Monitor,Office,West,2,20000,0.1,36000.0,25200.0,10800.0,30.0,2024-02,Friday
ORD_02754,2025-02-02,CUST_0103,Keyboard,Electronics,North,6,2000,0.2,9600.0,6720.0,2880.0,30.0,2025-02,Sunday
ORD_02755,2025-12-10,CUST_0202,Printer,Electronics,East,7,15000,0.05,99750.0,69825.0,29925.0,30.0,2025-12,Wednesday
ORD_02756,2025-07-12,CUST_0280,Mouse,Electronics,East,9,800,0.0,7200.0,5040.0,2160.0,30.0,2025-07,Saturday
ORD_02757,2024-03-18,CUST_0065,Keyboard,Electronics,West,6,2000,0.2,9600.0,6720.0,2880.0,30.0,2024-03,Monday
ORD_02758,2024-05-03,CUST_0117,Monitor,Office,East,3,20000,0.05,57000.0,39900.0,17100.0,30.0,2024-05,Friday
ORD_02759,2024-03-15,CUST_0153,Keyboard,Accessories,South,5,2000,0.2,8000.0,5600.0,2400.0,30.0,2024-03,Friday
ORD_02760,2024-05-16,CUST_0156,Monitor,Accessories,South,4,20000,0.0,80000.0,56000.0,24000.0,30.0,2024-05,Thursday
ORD_02761,2025-08-24,CUST_0164,Laptop,Office,North,5,60000,0.2,240000.0,168000.0,72000.0,30.0,2025-08,Sunday
ORD_02762,2025-02-03,CUST_0082,Laptop,Electronics,West,8,60000,0.2,384000.0,268800.0,115200.0,30.0,2025-02,Monday
ORD_02763,2025-05-19,CUST_0006,Keyboard,Accessories,East,8,2000,0.0,16000.0,11200.0,4800.0,30.0,2025-05,Monday
ORD_02764,2025-05-14,CUST_0322,Printer,Office,North,6,15000,0.0,90000.0,62999.99999999999,27000.000000000007,30.00000000000001,2025-05,Wednesday
ORD_02765,2025-07-26,CUST_0067,Mouse,Electronics,East,1,800,0.0,800.0,560.0,240.0,30.0,2025-07,Saturday
ORD_02766,2024-05-17,CUST_0238,Monitor,Accessories,South,8,20000,0.15,136000.0,95200.0,40800.0,30.0,2024-05,Friday
ORD_02767,2024-02-19,CUST_0072,Mouse,Office,East,8,800,0.0,6400.0,4480.0,1920.0,30.0,2024-02,Monday
ORD_02768,2025-09-10,CUST_0095,Laptop,Accessories,East,2,60000,0.2,96000.0,67200.0,28800.0,30.0,2025-09,Wednesday
ORD_02769,2025-09-16,CUST_0304,Printer,Accessories,East,4,15000,0.0,60000.0,42000.0,18000.0,30.0,2025-09,Tuesday
ORD_02770,2024-09-10,CUST_0467,Printer,Office,South,2,15000,0.05,28500.0,19950.0,8550.0,30.0,2024-09,Tuesday
ORD_02771,2025-09-21,CUST_0498,Mouse,Office,South,4,800,0.0,3200.0,2240.0,960.0,30.0,2025-09,Sunday
ORD_02772,2025-12-10,CUST_0326,Laptop,Accessories,West,7,60000,0.0,420000.0,294000.0,126000.0,30.0,2025-12,Wednesday
ORD_02773,2025-07-16,CUST_0078,Mouse,Accessories,South,9,800,0.1,6480.0,4536.0,1944.0,30.0,2025-07,Wednesday
ORD_02774,2025-03-01,CUST_0067,Keyboard,Office,North,8,2000,0.2,12800.0,8960.0,3840.0,30.0,2025-03,Saturday
ORD_02775,2025-06-30,CUST_0176,Printer,Electronics,East,9,15000,0.2,108000.0,75600.0,32400.0,30.0,2025-06,Monday
ORD_02776,2024-10-28,CUST_0321,Printer,Electronics,South,8,15000,0.05,114000.0,79800.0,34200.0,30.0,2024-10,Monday
ORD_02777,2025-08-03,CUST_0172,Keyboard,Electronics,North,2,2000,0.15,3400.0,2380.0,1020.0,30.0,2025-08,Sunday
ORD_02778,2024-12-14,CUST_0478,Laptop,Electronics,South,7,60000,0.1,378000.0,264600.0,113400.0,30.0,2024-12,Saturday
ORD_02779,2024-02-18,CUST_0255,Printer,Office,East,2,15000,0.05,28500.0,19950.0,8550.0,30.0,2024-02,Sunday
ORD_02780,2024-03-14,CUST_0063,Monitor,Electronics,North,2,20000,0.05,38000.0,26600.0,11400.0,30.0,2024-03,Thursday
ORD_02781,2025-12-04,CUST_0302,Monitor,Accessories,South,4,20000,0.2,64000.0,44800.0,19200.0,30.0,2025-12,Thursday
ORD_02782,2024-09-17,CUST_0403,Laptop,Electronics,South,1,60000,0.1,54000.0,37800.0,16200.0,30.0,2024-09,Tuesday
ORD_02783,2024-12-21,CUST_0246,Keyboard,Office,North,5,2000,0.2,8000.0,5600.0,2400.0,30.0,2024-12,Saturday
ORD_02784,2025-08-04,CUST_0192,Mouse,Electronics,West,6,800,0.15,4080.0,2856.0,1224.0,30.0,2025-08,Monday
ORD_02785,2025-08-24,CUST_0467,Laptop,Electronics,North,9,60000,0.2,432000.0,302400.0,129600.0,30.0,2025-08,Sunday
ORD_02786,2024-09-16,CUST_0329,Mouse,Office,North,8,800,0.0,6400.0,4480.0,1920.0,30.0,2024-09,Monday
ORD_02787,2025-09-29,CUST_0071,Laptop,Electronics,North,2,60000,0.2,96000.0,67200.0,28800.0,30.0,2025-09,Monday
ORD_02788,2024-10-21,CUST_0366,Monitor,Office,North,1,20000,0.0,20000.0,14000.0,6000.0,30.0,2024-10,Monday
ORD_02789,2025-10-02,CUST_0229,Keyboard,Electronics,South,2,2000,0.05,3800.0,2660.0,1140.0,30.0,2025-10,Thursday
ORD_02790,2024-11-08,CUST_0434,Monitor,Office,North,7,20000,0.15,119000.0,83300.0,35700.0,30.0,2024-11,Friday
ORD_02791,2025-09-03,CUST_0063,Keyboard,Electronics,North,4,2000,0.0,8000.0,5600.0,2400.0,30.0,2025-09,Wednesday
ORD_02792,2024-06-30,CUST_0297,Mouse,Accessories,East,5,800,0.15,3400.0,2380.0,1020.0,30.0,2024-06,Sunday
ORD_02793,2025-11-16,CUST_0245,Laptop,Accessories,South,7,60000,0.2,336000.0,235199.99999999997,100800.00000000003,30.00000000000001,2025-11,Sunday
ORD_02794,2024-12-29,CUST_0007,Printer,Office,East,3,15000,0.2,36000.0,25200.0,10800.0,30.0,2024-12,Sunday
ORD_02795,2024-07-06,CUST_0393,Printer,Office,South,2,15000,0.05,28500.0,19950.0,8550.0,30.0,2024-07,Saturday
ORD_02796,2025-07-22,CUST_0260,Keyboard,Office,West,7,2000,0.2,11200.0,7839.999999999999,3360.000000000001,30.00000000000001,2025-07,Tuesday
ORD_02797,2025-06-26,CUST_0089,Keyboard,Accessories,West,5,2000,0.0,10000.0,7000.0,3000.0,30.0,2025-06,Thursday
ORD_02798,2025-08-18,CUST_0177,Monitor,Office,South,1,20000,0.05,19000.0,13300.0,5700.0,30.0,2025-08,Monday
ORD_02799,2025-10-25,CUST_0204,Printer,Electronics,West,1,15000,0.15,12750.0,8925.0,3825.0,30.0,2025-10,Saturday
ORD_02800,2025-07-01,CUST_0134,Monitor,Office,West,9,20000,0.05,171000.0,119699.99999999999,51300.000000000015,30.00000000000001,2025-07,Tuesday
ORD_02801,2025-12-25,CUST_0082,Mouse,Office,South,5,800,0.15,3400.0,2380.0,1020.0,30.0,2025-12,Thursday
ORD_02802,2025-02-11,CUST_0488,Printer,Electronics,North,1,15000,0.1,13500.0,9450.0,4050.0,30.0,2025-02,Tuesday
ORD_02803,2025-09-09,CUST_0021,Mouse,Electronics,East,7,800,0.0,5600.0,3919.9999999999995,1680.0000000000005,30.00000000000001,2025-09,Tuesday
ORD_02804,2025-02-17,CUST_0399,Laptop,Accessories,South,9,60000,0.0,540000.0,378000.0,162000.0,30.0,2025-02,Monday
ORD_02805,2024-12-07,CUST_0128,Monitor,Electronics,South,1,20000,0.15,17000.0,11900.0,5100.0,30.0,2024-12,Saturday
ORD_02806,2024-08-07,CUST_0195,Keyboard,Electronics,South,4,2000,0.2,6400.0,4480.0,1920.0,30.0,2024-08,Wednesday
ORD_02807,2024-06-11,CUST_0194,Printer,Office,East,3,15000,0.2,36000.0,25200.0,10800.0,30.0,2024-06,Tuesday
ORD_02808,2024-08-07,CUST_0184,Monitor,Accessories,South,5,20000,0.1,90000.0,62999.99999999999,27000.000000000007,30.00000000000001,2024-08,Wednesday
ORD_02809,2024-09-26,CUST_0247,Keyboard,Electronics,East,7,2000,0.15,11900.0,8330.0,3570.0,30.0,2024-09,Thursday
ORD_02810,2025-09-23,CUST_0361,Laptop,Accessories,East,8,60000,0.1,432000.0,302400.0,129600.0,30.0,2025-09,Tuesday
ORD_02811,2025-02-03,CUST_0360,Printer,Electronics,West,2,15000,0.15,25500.0,17850.0,7650.0,30.0,2025-02,Monday
ORD_02812,2024-06-30,CUST_0324,Mouse,Accessories,North,7,800,0.1,5040.0,3528.0,1512.0,30.0,2024-06,Sunday
ORD_02813,2025-09-09,CUST_0160,Laptop,Electronics,West,1,60000,0.15,51000.0,35700.0,15300.0,30.0,2025-09,Tuesday
ORD_02814,2025-12-29,CUST_0194,Keyboard,Office,South,7,2000,0.0,14000.0,9800.0,4200.0,30.0,2025-12,Monday
ORD_02815,2024-07-23,CUST_0110,Printer,Accessories,South,8,15000,0.1,108000.0,75600.0,32400.0,30.0,2024-07,Tuesday
ORD_02816,2025-08-04,CUST_0413,Printer,Accessories,East,2,15000,0.1,27000.0,18900.0,8100.0,30.0,2025-08,Monday
ORD_02817,2025-07-09,CUST_0066,Laptop,Electronics,West,9,60000,0.15,459000.0,321300.0,137700.0,30.0,2025-07,Wednesday
ORD_02818,2024-08-15,CUST_0418,Printer,Accessories,East,1,15000,0.05,14250.0,9975.0,4275.0,30.0,2024-08,Thursday
ORD_02819,2025-11-26,CUST_0254,Keyboard,Electronics,West,6,2000,0.05,11400.0,7979.999999999999,3420.000000000001,30.00000000000001,2025-11,Wednesday
ORD_02820,2025-09-10,CUST_0283,Laptop,Accessories,West,1,60000,0.0,60000.0,42000.0,18000.0,30.0,2025-09,Wednesday
ORD_02821,2025-08-18,CUST_0060,Mouse,Accessories,West,3,800,0.2,1920.0,1344.0,576.0,30.0,2025-08,Monday
ORD_02822,2024-09-06,CUST_0118,Laptop,Office,West,6,60000,0.2,288000.0,201600.0,86400.0,30.0,2024-09,Friday
ORD_02823,2025-03-16,CUST_0423,Laptop,Office,West,3,60000,0.0,180000.0,125999.99999999999,54000.000000000015,30.00000000000001,2025-03,Sunday
ORD_02824,2025-06-16,CUST_0044,Mouse,Accessories,North,8,800,0.2,5120.0,3584.0,1536.0,30.0,2025-06,Monday
ORD_02825,2024-07-14,CUST_0486,Keyboard,Office,South,5,2000,0.15,8500.0,5950.0,2550.0,30.0,2024-07,Sunday
ORD_02826,2025-11-20,CUST_0210,Monitor,Accessories,West,2,20000,0.05,38000.0,26600.0,11400.0,30.0,2025-11,Thursday
ORD_02827,2025-06-02,CUST_0036,Monitor,Electronics,West,4,20000,0.0,80000.0,56000.0,24000.0,30.0,2025-06,Monday
ORD_02828,2024-03-10,CUST_0019,Mouse,Accessories,East,9,800,0.15,6120.0,4284.0,1836.0,30.0,2024-03,Sunday
ORD_02829,2025-09-30,CUST_0091,Keyboard,Accessories,South,4,2000,0.0,8000.0,5600.0,2400.0,30.0,2025-09,Tuesday
ORD_02830,2025-02-02,CUST_0301,Printer,Office,South,8,15000,0.05,114000.0,79800.0,34200.0,30.0,2025-02,Sunday
ORD_02831,2025-11-02,CUST_0212,Mouse,Office,South,5,800,0.2,3200.0,2240.0,960.0,30.0,2025-11,Sunday
ORD_02832,2024-07-21,CUST_0405,Monitor,Electronics,West,1,20000,0.15,17000.0,11900.0,5100.0,30.0,2024-07,Sunday
ORD_02833,2024-05-27,CUST_0407,Keyboard,Electronics,East,7,2000,0.05,13300.0,9310.0,3990.0,30.0,2024-05,Monday
ORD_02834,2025-04-16,CUST_0222,Laptop,Electronics,South,3,60000,0.0,180000.0,125999.99999999999,54000.000000000015,30.00000000000001,2025-04,Wednesday
ORD_02835,2025-10-16,CUST_0217,Keyboard,Accessories,East,8,2000,0.1,14400.0,10080.0,4320.0,30.0,2025-10,Thursday
ORD_02836,2024-07-17,CUST_0223,Keyboard,Electronics,North,3,2000,0.15,5100.0,3570.0,1530.0,30.0,2024-07,Wednesday
ORD_02837,2025-03-01,CUST_0411,Monitor,Electronics,North,1,20000,0.0,20000.0,14000.0,6000.0,30.0,2025-03,Saturday
ORD_02838,2025-10-27,CUST_0098,Monitor,Office,East,5,20000,0.0,100000.0,70000.0,30000.0,30.0,2025-10,Monday
ORD_02839,2025-05-06,CUST_0456,Printer,Office,West,2,15000,0.05,28500.0,19950.0,8550.0,30.0,2025-05,Tuesday
ORD_02840,2024-05-21,CUST_0019,Printer,Electronics,South,4,15000,0.0,60000.0,42000.0,18000.0,30.0,2024-05,Tuesday
ORD_02841,2024-11-08,CUST_0297,Mouse,Electronics,North,1,800,0.15,680.0,475.99999999999994,204.00000000000006,30.00000000000001,2024-11,Friday
ORD_02842,2024-06-13,CUST_0026,Laptop,Accessories,North,9,60000,0.15,459000.0,321300.0,137700.0,30.0,2024-06,Thursday
ORD_02843,2024-11-09,CUST_0028,Printer,Accessories,East,6,15000,0.0,90000.0,62999.99999999999,27000.000000000007,30.00000000000001,2024-11,Saturday
ORD_02844,2024-01-21,CUST_0064,Monitor,Office,West,8,20000,0.05,152000.0,106400.0,45600.0,30.0,2024-01,Sunday
ORD_02845,2024-03-22,CUST_0324,Keyboard,Electronics,East,4,2000,0.15,6800.0,4760.0,2040.0,30.0,2024-03,Friday
ORD_02846,2025-08-03,CUST_0223,Mouse,Electronics,East,9,800,0.1,6480.0,4536.0,1944.0,30.0,2025-08,Sunday
ORD_02847,2024-05-10,CUST_0080,Printer,Electronics,East,2,15000,0.2,24000.0,16800.0,7200.0,30.0,2024-05,Friday
ORD_02848,2025-08-21,CUST_0051,Keyboard,Electronics,East,9,2000,0.05,17100.0,11970.0,5130.0,30.0,2025-08,Thursday
ORD_02849,2025-12-30,CUST_0458,Keyboard,Electronics,East,5,2000,0.05,9500.0,6650.0,2850.0,30.0,2025-12,Tuesday
ORD_02850,2024-10-31,CUST_0102,Printer,Accessories,West,6,15000,0.2,72000.0,50400.0,21600.0,30.0,2024-10,Thursday
ORD_02851,2025-01-05,CUST_0176,Laptop,Accessories,East,3,60000,0.2,144000.0,100800.0,43200.0,30.0,2025-01,Sunday
ORD_02852,2025-01-18,CUST_0010,Laptop,Electronics,West,4,60000,0.15,204000.0,142800.0,61200.0,30.0,2025-01,Saturday
ORD_02853,2025-03-20,CUST_0237,Mouse,Accessories,South,6,800,0.0,4800.0,3360.0,1440.0,30.0,2025-03,Thursday
ORD_02854,2025-02-28,CUST_0457,Laptop,Accessories,South,7,60000,0.0,420000.0,294000.0,126000.0,30.0,2025-02,Friday
ORD_02855,2024-06-09,CUST_0423,Mouse,Electronics,South,1,800,0.1,720.0,503.99999999999994,216.00000000000006,30.00000000000001,2024-06,Sunday
ORD_02856,2024-06-26,CUST_0100,Monitor,Accessories,South,7,20000,0.0,140000.0,98000.0,42000.0,30.0,2024-06,Wednesday
ORD_02857,2025-09-20,CUST_0499,Printer,Electronics,North,1,15000,0.1,13500.0,9450.0,4050.0,30.0,2025-09,Saturday
ORD_02858,2025-12-08,CUST_0378,Keyboard,Accessories,West,5,2000,0.1,9000.0,6300.0,2700.0,30.0,2025-12,Monday
ORD_02859,2025-05-04,CUST_0228,Mouse,Electronics,South,6,800,0.05,4560.0,3192.0,1368.0,30.0,2025-05,Sunday
ORD_02860,2024-11-22,CUST_0403,Laptop,Electronics,North,2,60000,0.05,114000.0,79800.0,34200.0,30.0,2024-11,Friday
ORD_02861,2025-08-20,CUST_0064,Mouse,Accessories,West,9,800,0.15,6120.0,4284.0,1836.0,30.0,2025-08,Wednesday
ORD_02862,2024-10-15,CUST_0380,Mouse,Accessories,North,6,800,0.2,3840.0,2688.0,1152.0,30.0,2024-10,Tuesday
ORD_02863,2025-08-15,CUST_0019,Laptop,Office,North,7,60000,0.2,336000.0,235199.99999999997,100800.00000000003,30.00000000000001,2025-08,Friday
ORD_02864,2025-10-25,CUST_0332,Laptop,Electronics,East,8,60000,0.1,432000.0,302400.0,129600.0,30.0,2025-10,Saturday
ORD_02865,2025-07-26,CUST_0318,Printer,Electronics,North,1,15000,0.2,12000.0,8400.0,3600.0,30.0,2025-07,Saturday
ORD_02866,2025-07-26,CUST_0141,Keyboard,Electronics,North,8,2000,0.1,14400.0,10080.0,4320.0,30.0,2025-07,Saturday
ORD_02867,2024-12-19,CUST_0025,Printer,Electronics,West,4,15000,0.2,48000.0,33600.0,14400.0,30.0,2024-12,Thursday
ORD_02868,2024-01-28,CUST_0228,Printer,Accessories,North,8,15000,0.15,102000.0,71400.0,30600.0,30.0,2024-01,Sunday
ORD_02869,2024-02-12,CUST_0089,Laptop,Accessories,East,6,60000,0.05,342000.0,239399.99999999997,102600.00000000003,30.00000000000001,2024-02,Monday
ORD_02870,2025-11-11,CUST_0092,Laptop,Office,South,9,60000,0.05,513000.0,359100.0,153900.0,30.0,2025-11,Tuesday
ORD_02871,2025-02-26,CUST_0042,Keyboard,Electronics,South,4,2000,0.1,7200.0,5040.0,2160.0,30.0,2025-02,Wednesday
ORD_02872,2025-08-20,CUST_0373,Mouse,Office,West,2,800,0.2,1280.0,896.0,384.0,30.0,2025-08,Wednesday
ORD_02873,2024-06-25,CUST_0295,Printer,Office,West,2,15000,0.0,30000.0,21000.0,9000.0,30.0,2024-06,Tuesday
ORD_02874,2025-06-12,CUST_0414,Keyboard,Office,North,5,2000,0.15,8500.0,5950.0,2550.0,30.0,2025-06,Thursday
ORD_02875,2025-09-01,CUST_0389,Printer,Office,West,9,15000,0.2,108000.0,75600.0,32400.0,30.0,2025-09,Monday
ORD_02876,2025-05-08,CUST_0081,Mouse,Office,North,3,800,0.0,2400.0,1680.0,720.0,30.0,2025-05,Thursday
ORD_02877,2024-07-16,CUST_0402,Printer,Accessories,West,8,15000,0.15,102000.0,71400.0,30600.0,30.0,2024-07,Tuesday
ORD_02878,2025-09-01,CUST_0107,Monitor,Accessories,South,4,20000,0.15,68000.0,47600.0,20400.0,30.0,2025-09,Monday
ORD_02879,2025-07-30,CUST_0111,Keyboard,Office,South,6,2000,0.05,11400.0,7979.999999999999,3420.000000000001,30.00000000000001,2025-07,Wednesday
ORD_02880,2025-05-31,CUST_0277,Laptop,Accessories,South,6,60000,0.1,324000.0,226800.0,97200.0,30.0,2025-05,Saturday
ORD_02881,2025-05-28,CUST_0214,Printer,Accessories,South,3,15000,0.2,36000.0,25200.0,10800.0,30.0,2025-05,Wednesday
ORD_02882,2024-01-22,CUST_0231,Keyboard,Office,North,5,2000,0.15,8500.0,5950.0,2550.0,30.0,2024-01,Monday
ORD_02883,2024-04-21,CUST_0306,Keyboard,Accessories,North,3,2000,0.2,4800.0,3360.0,1440.0,30.0,2024-04,Sunday
ORD_02884,2024-02-26,CUST_0121,Printer,Accessories,North,1,15000,0.15,12750.0,8925.0,3825.0,30.0,2024-02,Monday
ORD_02885,2024-03-06,CUST_0134,Laptop,Electronics,South,7,60000,0.05,399000.0,279300.0,119700.0,30.0,2024-03,Wednesday
ORD_02886,2024-04-07,CUST_0306,Laptop,Office,East,4,60000,0.1,216000.0,151200.0,64800.0,30.0,2024-04,Sunday
ORD_02887,2024-05-23,CUST_0208,Printer,Electronics,South,7,15000,0.0,105000.0,73500.0,31500.0,30.0,2024-05,Thursday
ORD_02888,2025-03-10,CUST_0450,Keyboard,Electronics,South,3,2000,0.0,6000.0,4200.0,1800.0,30.0,2025-03,Monday
ORD_02889,2025-09-28,CUST_0371,Laptop,Office,East,5,60000,0.05,285000.0,199500.0,85500.0,30.0,2025-09,Sunday
ORD_02890,2025-11-09,CUST_0257,Printer,Electronics,East,5,15000,0.15,63750.0,44625.0,19125.0,30.0,2025-11,Sunday
ORD_02891,2024-03-26,CUST_0185,Printer,Electronics,West,2,15000,0.05,28500.0,19950.0,8550.0,30.0,2024-03,Tuesday
ORD_02892,2025-08-10,CUST_0286,Printer,Accessories,South,2,15000,0.1,27000.0,18900.0,8100.0,30.0,2025-08,Sunday
ORD_02893,2024-12-09,CUST_0442,Keyboard,Electronics,East,4,2000,0.0,8000.0,5600.0,2400.0,30.0,2024-12,Monday
ORD_02894,2024-10-20,CUST_0363,Laptop,Office,West,4,60000,0.2,192000.0,134400.0,57600.0,30.0,2024-10,Sunday
ORD_02895,2025-07-24,CUST_0180,Keyboard,Accessories,East,4,2000,0.0,8000.0,5600.0,2400.0,30.0,2025-07,Thursday
ORD_02896,2025-10-11,CUST_0421,Monitor,Accessories,East,6,20000,0.1,108000.0,75600.0,32400.0,30.0,2025-10,Saturday
ORD_02897,2025-09-02,CUST_0048,Laptop,Accessories,West,2,60000,0.15,102000.0,71400.0,30600.0,30.0,2025-09,Tuesday
ORD_02898,2025-12-04,CUST_0087,Keyboard,Office,South,6,2000,0.05,11400.0,7979.999999999999,3420.000000000001,30.00000000000001,2025-12,Thursday
ORD_02899,2024-08-30,CUST_0385,Laptop,Office,West,7,60000,0.0,420000.0,294000.0,126000.0,30.0,2024-08,Friday
ORD_02900,2025-07-14,CUST_0019,Monitor,Office,South,3,20000,0.0,60000.0,42000.0,18000.0,30.0,2025-07,Monday
ORD_02901,2024-02-01,CUST_0046,Mouse,Electronics,East,8,800,0.2,5120.0,3584.0,1536.0,30.0,2024-02,Thursday
ORD_02902,2025-01-25,CUST_0451,Printer,Electronics,West,2,15000,0.05,28500.0,19950.0,8550.0,30.0,2025-01,Saturday
ORD_02903,2024-10-03,CUST_0386,Keyboard,Accessories,North,8,2000,0.2,12800.0,8960.0,3840.0,30.0,2024-10,Thursday
ORD_02904,2025-06-15,CUST_0056,Monitor,Accessories,East,5,20000,0.2,80000.0,56000.0,24000.0,30.0,2025-06,Sunday
ORD_02905,2024-06-02,CUST_0229,Monitor,Office,West,2,20000,0.15,34000.0,23800.0,10200.0,30.0,2024-06,Sunday
ORD_02906,2025-01-17,CUST_0145,Laptop,Office,East,7,60000,0.0,420000.0,294000.0,126000.0,30.0,2025-01,Friday
ORD_02907,2024-03-08,CUST_0092,Laptop,Electronics,West,2,60000,0.05,114000.0,79800.0,34200.0,30.0,2024-03,Friday
ORD_02908,2024-08-01,CUST_0082,Printer,Electronics,South,6,15000,0.15,76500.0,53550.0,22950.0,30.0,2024-08,Thursday
ORD_02909,2025-10-16,CUST_0225,Laptop,Office,North,3,60000,0.15,153000.0,107100.0,45900.0,30.0,2025-10,Thursday
ORD_02910,2025-01-10,CUST_0079,Keyboard,Office,East,9,2000,0.15,15300.0,10710.0,4590.0,30.0,2025-01,Friday
ORD_02911,2024-07-31,CUST_0150,Keyboard,Electronics,North,3,2000,0.1,5400.0,3779.9999999999995,1620.0000000000005,30.00000000000001,2024-07,Wednesday
ORD_02912,2024-03-19,CUST_0361,Keyboard,Accessories,South,3,2000,0.1,5400.0,3779.9999999999995,1620.0000000000005,30.00000000000001,2024-03,Tuesday
ORD_02913,2025-12-26,CUST_0283,Mouse,Accessories,West,5,800,0.15,3400.0,2380.0,1020.0,30.0,2025-12,Friday
ORD_02914,2025-09-19,CUST_0311,Keyboard,Electronics,North,7,2000,0.1,12600.0,8820.0,3780.0,30.0,2025-09,Friday
ORD_02915,2025-08-26,CUST_0485,Laptop,Electronics,West,8,60000,0.05,456000.0,319200.0,136800.0,30.0,2025-08,Tuesday
ORD_02916,2025-01-15,CUST_0160,Laptop,Accessories,South,7,60000,0.0,420000.0,294000.0,126000.0,30.0,2025-01,Wednesday
ORD_02917,2025-11-10,CUST_0316,Keyboard,Electronics,East,9,2000,0.05,17100.0,11970.0,5130.0,30.0,2025-11,Monday
ORD_02918,2024-02-27,CUST_0365,Monitor,Accessories,South,5,20000,0.0,100000.0,70000.0,30000.0,30.0,2024-02,Tuesday
ORD_02919,2024-01-26,CUST_0467,Monitor,Accessories,North,3,20000,0.1,54000.0,37800.0,16200.0,30.0,2024-01,Friday
ORD_02920,2025-03-22,CUST_0156,Monitor,Electronics,North,6,20000,0.05,114000.0,79800.0,34200.0,30.0,2025-03,Saturday
ORD_02921,2024-03-06,CUST_0156,Printer,Office,North,5,15000,0.2,60000.0,42000.0,18000.0,30.0,2024-03,Wednesday
ORD_02922,2024-09-10,CUST_0376,Mouse,Office,West,4,800,0.15,2720.0,1903.9999999999998,816.0000000000002,30.00000000000001,2024-09,Tuesday
ORD_02923,2024-02-13,CUST_0202,Keyboard,Office,East,2,2000,0.0,4000.0,2800.0,1200.0,30.0,2024-02,Tuesday
ORD_02924,2024-04-06,CUST_0468,Printer,Office,North,7,15000,0.0,105000.0,73500.0,31500.0,30.0,2024-04,Saturday
ORD_02925,2025-07-07,CUST_0409,Monitor,Office,North,5,20000,0.2,80000.0,56000.0,24000.0,30.0,2025-07,Monday
ORD_02926,2024-08-14,CUST_0341,Keyboard,Office,North,4,2000,0.2,6400.0,4480.0,1920.0,30.0,2024-08,Wednesday
ORD_02927,2025-11-09,CUST_0462,Printer,Office,South,8,15000,0.15,102000.0,71400.0,30600.0,30.0,2025-11,Sunday
ORD_02928,2025-03-11,CUST_0342,Laptop,Electronics,North,9,60000,0.1,486000.0,340200.0,145800.0,30.0,2025-03,Tuesday
ORD_02929,2025-08-23,CUST_0117,Monitor,Electronics,South,9,20000,0.05,171000.0,119699.99999999999,51300.000000000015,30.00000000000001,2025-08,Saturday
ORD_02930,2025-01-13,CUST_0154,Printer,Office,North,3,15000,0.05,42750.0,29924.999999999996,12825.000000000004,30.00000000000001,2025-01,Monday
ORD_02931,2024-06-26,CUST_0364,Laptop,Electronics,South,3,60000,0.05,171000.0,119699.99999999999,51300.000000000015,30.00000000000001,2024-06,Wednesday
ORD_02932,2025-03-02,CUST_0331,Monitor,Accessories,West,5,20000,0.1,90000.0,62999.99999999999,27000.000000000007,30.00000000000001,2025-03,Sunday
ORD_02933,2025-12-09,CUST_0119,Mouse,Office,West,5,800,0.15,3400.0,2380.0,1020.0,30.0,2025-12,Tuesday
ORD_02934,2024-11-02,CUST_0199,Monitor,Accessories,South,2,20000,0.05,38000.0,26600.0,11400.0,30.0,2024-11,Saturday
ORD_02935,2025-05-18,CUST_0401,Mouse,Electronics,East,1,800,0.0,800.0,560.0,240.0,30.0,2025-05,Sunday
ORD_02936,2024-09-24,CUST_0466,Mouse,Office,East,8,800,0.0,6400.0,4480.0,1920.0,30.0,2024-09,Tuesday
ORD_02937,2025-08-08,CUST_0263,Mouse,Accessories,South,3,800,0.0,2400.0,1680.0,720.0,30.0,2025-08,Friday
ORD_02938,2024-01-08,CUST_0184,Keyboard,Electronics,West,1,2000,0.2,1600.0,1120.0,480.0,30.0,2024-01,Monday
ORD_02939,2025-05-22,CUST_0448,Keyboard,Office,South,1,2000,0.2,1600.0,1120.0,480.0,30.0,2025-05,Thursday
ORD_02940,2025-04-20,CUST_0148,Mouse,Office,East,2,800,0.1,1440.0,1007.9999999999999,432.0000000000001,30.00000000000001,2025-04,Sunday
ORD_02941,2024-10-23,CUST_0166,Laptop,Accessories,South,6,60000,0.05,342000.0,239399.99999999997,102600.00000000003,30.00000000000001,2024-10,Wednesday
ORD_02942,2024-06-12,CUST_0075,Mouse,Accessories,West,6,800,0.2,3840.0,2688.0,1152.0,30.0,2024-06,Wednesday
ORD_02943,2025-04-29,CUST_0236,Printer,Accessories,East,3,15000,0.0,45000.0,31499.999999999996,13500.000000000004,30.00000000000001,2025-04,Tuesday
ORD_02944,2025-08-19,CUST_0314,Mouse,Electronics,East,4,800,0.2,2560.0,1792.0,768.0,30.0,2025-08,Tuesday
ORD_02945,2024-03-12,CUST_0272,Keyboard,Accessories,North,2,2000,0.0,4000.0,2800.0,1200.0,30.0,2024-03,Tuesday
ORD_02946,2025-07-20,CUST_0179,Keyboard,Accessories,North,2,2000,0.05,3800.0,2660.0,1140.0,30.0,2025-07,Sunday
ORD_02947,2025-07-12,CUST_0283,Printer,Accessories,East,7,15000,0.1,94500.0,66150.0,28350.0,30.0,2025-07,Saturday
ORD_02948,2024-08-25,CUST_0051,Printer,Office,East,1,15000,0.15,12750.0,8925.0,3825.0,30.0,2024-08,Sunday
ORD_02949,2024-04-13,CUST_0075,Monitor,Accessories,South,7,20000,0.15,119000.0,83300.0,35700.0,30.0,2024-04,Saturday
ORD_02950,2024-07-28,CUST_0144,Laptop,Accessories,West,1,60000,0.0,60000.0,42000.0,18000.0,30.0,2024-07,Sunday
ORD_02951,2025-07-07,CUST_0343,Laptop,Electronics,East,6,60000,0.2,288000.0,201600.0,86400.0,30.0,2025-07,Monday
ORD_02952,2025-04-12,CUST_0188,Laptop,Electronics,West,3,60000,0.2,144000.0,100800.0,43200.0,30.0,2025-04,Saturday
ORD_02953,2025-03-29,CUST_0123,Keyboard,Accessories,East,8,2000,0.0,16000.0,11200.0,4800.0,30.0,2025-03,Saturday
ORD_02954,2024-09-24,CUST_0332,Laptop,Electronics,West,6,60000,0.05,342000.0,239399.99999999997,102600.00000000003,30.00000000000001,2024-09,Tuesday
ORD_02955,2025-01-20,CUST_0251,Monitor,Electronics,North,2,20000,0.0,40000.0,28000.0,12000.0,30.0,2025-01,Monday
ORD_02956,2025-01-21,CUST_0296,Monitor,Electronics,East,8,20000,0.05,152000.0,106400.0,45600.0,30.0,2025-01,Tuesday
ORD_02957,2024-09-15,CUST_0323,Laptop,Office,South,5,60000,0.1,270000.0,189000.0,81000.0,30.0,2024-09,Sunday
ORD_02958,2024-10-09,CUST_0130,Printer,Accessories,West,8,15000,0.1,108000.0,75600.0,32400.0,30.0,2024-10,Wednesday
ORD_02959,2025-09-17,CUST_0252,Monitor,Accessories,East,8,20000,0.0,160000.0,112000.0,48000.0,30.0,2025-09,Wednesday
ORD_02960,2024-02-09,CUST_0358,Printer,Accessories,North,6,15000,0.1,81000.0,56700.0,24300.0,30.0,2024-02,Friday
ORD_02961,2025-04-30,CUST_0432,Keyboard,Electronics,North,2,2000,0.2,3200.0,2240.0,960.0,30.0,2025-04,Wednesday
ORD_02962,2024-08-07,CUST_0180,Monitor,Electronics,North,8,20000,0.05,152000.0,106400.0,45600.0,30.0,2024-08,Wednesday
ORD_02963,2024-05-08,CUST_0408,Printer,Electronics,North,6,15000,0.15,76500.0,53550.0,22950.0,30.0,2024-05,Wednesday
ORD_02964,2025-06-03,CUST_0349,Laptop,Office,East,6,60000,0.15,306000.0,214200.0,91800.0,30.0,2025-06,Tuesday
ORD_02965,2025-09-04,CUST_0495,Keyboard,Electronics,South,8,2000,0.1,14400.0,10080.0,4320.0,30.0,2025-09,Thursday
ORD_02966,2025-11-18,CUST_0110,Mouse,Office,West,1,800,0.05,760.0,532.0,228.0,30.0,2025-11,Tuesday
ORD_02967,2025-09-10,CUST_0482,Mouse,Accessories,South,2,800,0.2,1280.0,896.0,384.0,30.0,2025-09,Wednesday
ORD_02968,2025-09-04,CUST_0468,Laptop,Electronics,West,9,60000,0.15,459000.0,321300.0,137700.0,30.0,2025-09,Thursday
ORD_02969,2024-09-16,CUST_0338,Keyboard,Office,South,8,2000,0.2,12800.0,8960.0,3840.0,30.0,2024-09,Monday
ORD_02970,2024-12-31,CUST_0078,Keyboard,Office,East,7,2000,0.2,11200.0,7839.999999999999,3360.000000000001,30.00000000000001,2024-12,Tuesday
ORD_02971,2025-06-27,CUST_0466,Keyboard,Electronics,East,7,2000,0.15,11900.0,8330.0,3570.0,30.0,2025-06,Friday
ORD_02972,2025-10-10,CUST_0002,Keyboard,Office,West,5,2000,0.15,8500.0,5950.0,2550.0,30.0,2025-10,Friday
ORD_02973,2025-06-07,CUST_0321,Mouse,Electronics,East,2,800,0.1,1440.0,1007.9999999999999,432.0000000000001,30.00000000000001,2025-06,Saturday
ORD_02974,2024-01-16,CUST_0276,Printer,Office,West,6,15000,0.05,85500.0,59849.99999999999,25650.000000000007,30.00000000000001,2024-01,Tuesday
ORD_02975,2024-05-08,CUST_0290,Keyboard,Accessories,South,3,2000,0.0,6000.0,4200.0,1800.0,30.0,2024-05,Wednesday
ORD_02976,2025-07-28,CUST_0297,Printer,Accessories,East,4,15000,0.05,57000.0,39900.0,17100.0,30.0,2025-07,Monday
ORD_02977,2024-04-18,CUST_0169,Keyboard,Accessories,East,2,2000,0.0,4000.0,2800.0,1200.0,30.0,2024-04,Thursday
ORD_02978,2025-06-16,CUST_0240,Monitor,Electronics,West,2,20000,0.15,34000.0,23800.0,10200.0,30.0,2025-06,Monday
ORD_02979,2025-10-31,CUST_0459,Monitor,Accessories,West,8,20000,0.2,128000.0,89600.0,38400.0,30.0,2025-10,Friday
ORD_02980,2024-09-25,CUST_0475,Monitor,Accessories,West,8,20000,0.05,152000.0,106400.0,45600.0,30.0,2024-09,Wednesday
ORD_02981,2024-06-10,CUST_0023,Keyboard,Accessories,West,6,2000,0.2,9600.0,6720.0,2880.0,30.0,2024-06,Monday
ORD_02982,2024-09-16,CUST_0294,Printer,Electronics,North,5,15000,0.05,71250.0,49875.0,21375.0,30.0,2024-09,Monday
ORD_02983,2024-04-11,CUST_0172,Mouse,Office,West,8,800,0.05,6080.0,4256.0,1824.0,30.0,2024-04,Thursday
ORD_02984,2025-05-20,CUST_0323,Laptop,Electronics,North,4,60000,0.2,192000.0,134400.0,57600.0,30.0,2025-05,Tuesday
ORD_02985,2025-07-24,CUST_0318,Mouse,Electronics,South,4,800,0.1,2880.0,2015.9999999999998,864.0000000000002,30.00000000000001,2025-07,Thursday
ORD_02986,2024-09-03,CUST_0396,Keyboard,Accessories,West,5,2000,0.15,8500.0,5950.0,2550.0,30.0,2024-09,Tuesday
ORD_02987,2025-10-01,CUST_0286,Monitor,Office,North,1,20000,0.1,18000.0,12600.0,5400.0,30.0,2025-10,Wednesday
ORD_02988,2025-06-20,CUST_0479,Monitor,Accessories,North,1,20000,0.1,18000.0,12600.0,5400.0,30.0,2025-06,Friday
ORD_02989,2024-05-10,CUST_0343,Printer,Accessories,North,2,15000,0.05,28500.0,19950.0,8550.0,30.0,2024-05,Friday
ORD_02990,2024-12-18,CUST_0193,Keyboard,Electronics,East,8,2000,0.15,13600.0,9520.0,4080.0,30.0,2024-12,Wednesday
ORD_02991,2024-07-14,CUST_0169,Mouse,Electronics,North,7,800,0.05,5320.0,3723.9999999999995,1596.0000000000005,30.00000000000001,2024-07,Sunday
ORD_02992,2025-10-27,CUST_0404,Keyboard,Electronics,West,9,2000,0.0,18000.0,12600.0,5400.0,30.0,2025-10,Monday
ORD_02993,2025-01-16,CUST_0118,Keyboard,Accessories,West,5,2000,0.05,9500.0,6650.0,2850.0,30.0,2025-01,Thursday
ORD_02994,2025-10-06,CUST_0006,Monitor,Office,West,2,20000,0.2,32000.0,22400.0,9600.0,30.0,2025-10,Monday
ORD_02995,2024-08-14,CUST_0331,Mouse,Office,North,7,800,0.05,5320.0,3723.9999999999995,1596.0000000000005,30.00000000000001,2024-08,Wednesday
ORD_02996,2025-12-01,CUST_0483,Laptop,Accessories,North,8,60000,0.0,480000.0,336000.0,144000.0,30.0,2025-12,Monday
ORD_02997,2025-04-20,CUST_0132,Monitor,Office,East,7,20000,0.05,133000.0,93100.0,39900.0,30.0,2025-04,Sunday
ORD_02998,2025-04-21,CUST_0093,Mouse,Accessories,South,7,800,0.0,5600.0,3919.9999999999995,1680.0000000000005,30.00000000000001,2025-04,Monday
ORD_02999,2024-09-21,CUST_0251,Printer,Office,East,5,15000,0.15,63750.0,44625.0,19125.0,30.0,2024-09,Saturday
ORD_03000,2025-01-06,CUST_0010,Monitor,Accessories,West,2,20000,0.05,38000.0,26600.0,11400.0,30.0,2025-01,Monday
ORD_03001,2025-04-30,CUST_0051,Printer,Office,West,6,15000,0.0,90000.0,62999.99999999999,27000.000000000007,30.00000000000001,2025-04,Wednesday
ORD_03002,2025-03-09,CUST_0349,Monitor,Electronics,West,4,20000,0.15,68000.0,47600.0,20400.0,30.0,2025-03,Sunday
ORD_03003,2025-10-07,CUST_0294,Keyboard,Electronics,East,2,2000,0.2,3200.0,2240.0,960.0,30.0,2025-10,Tuesday
ORD_03004,2024-07-29,CUST_0129,Mouse,Electronics,West,9,800,0.1,6480.0,4536.0,1944.0,30.0,2024-07,Monday
ORD_03005,2025-07-25,CUST_0488,Printer,Electronics,West,7,15000,0.0,105000.0,73500.0,31500.0,30.0,2025-07,Friday
ORD_03006,2025-01-11,CUST_0392,Monitor,Accessories,West,6,20000,0.2,96000.0,67200.0,28800.0,30.0,2025-01,Saturday
ORD_03007,2025-01-29,CUST_0249,Printer,Office,North,5,15000,0.15,63750.0,44625.0,19125.0,30.0,2025-01,Wednesday
ORD_03008,2025-03-25,CUST_0102,Monitor,Accessories,South,3,20000,0.2,48000.0,33600.0,14400.0,30.0,2025-03,Tuesday
ORD_03009,2024-12-29,CUST_0337,Monitor,Electronics,North,4,20000,0.05,76000.0,53200.0,22800.0,30.0,2024-12,Sunday
ORD_03010,2025-04-01,CUST_0083,Laptop,Office,North,3,60000,0.1,162000.0,113400.0,48600.0,30.0,2025-04,Tuesday
ORD_03011,2025-12-25,CUST_0191,Laptop,Accessories,South,8,60000,0.0,480000.0,336000.0,144000.0,30.0,2025-12,Thursday
ORD_03012,2025-12-28,CUST_0417,Laptop,Electronics,South,3,60000,0.15,153000.0,107100.0,45900.0,30.0,2025-12,Sunday
ORD_03013,2024-08-13,CUST_0143,Printer,Office,East,7,15000,0.1,94500.0,66150.0,28350.0,30.0,2024-08,Tuesday
ORD_03014,2024-05-10,CUST_0237,Keyboard,Office,South,7,2000,0.15,11900.0,8330.0,3570.0,30.0,2024-05,Friday
ORD_03015,2025-08-10,CUST_0287,Monitor,Electronics,East,7,20000,0.2,112000.0,78400.0,33600.0,30.0,2025-08,Sunday
ORD_03016,2025-04-20,CUST_0277,Mouse,Electronics,East,7,800,0.15,4760.0,3332.0,1428.0,30.0,2025-04,Sunday
ORD_03017,2024-10-03,CUST_0387,Laptop,Office,North,2,60000,0.15,102000.0,71400.0,30600.0,30.0,2024-10,Thursday
ORD_03018,2024-06-04,CUST_0382,Printer,Electronics,West,3,15000,0.2,36000.0,25200.0,10800.0,30.0,2024-06,Tuesday
ORD_03019,2024-08-05,CUST_0450,Printer,Accessories,North,9,15000,0.2,108000.0,75600.0,32400.0,30.0,2024-08,Monday
ORD_03020,2024-07-08,CUST_0291,Printer,Electronics,North,3,15000,0.1,40500.0,28350.0,12150.0,30.0,2024-07,Monday
ORD_03021,2025-02-20,CUST_0169,Mouse,Electronics,South,2,800,0.0,1600.0,1120.0,480.0,30.0,2025-02,Thursday
ORD_03022,2025-11-05,CUST_0443,Mouse,Electronics,South,9,800,0.2,5760.0,4031.9999999999995,1728.0000000000005,30.00000000000001,2025-11,Wednesday
ORD_03023,2025-11-22,CUST_0144,Laptop,Office,East,9,60000,0.1,486000.0,340200.0,145800.0,30.0,2025-11,Saturday
ORD_03024,2025-06-29,CUST_0184,Mouse,Office,East,4,800,0.15,2720.0,1903.9999999999998,816.0000000000002,30.00000000000001,2025-06,Sunday
ORD_03025,2024-02-10,CUST_0045,Laptop,Electronics,East,9,60000,0.15,459000.0,321300.0,137700.0,30.0,2024-02,Saturday
ORD_03026,2024-11-02,CUST_0243,Mouse,Office,South,3,800,0.05,2280.0,1596.0,684.0,30.0,2024-11,Saturday
ORD_03027,2024-12-03,CUST_0315,Mouse,Electronics,East,7,800,0.2,4480.0,3136.0,1344.0,30.0,2024-12,Tuesday
ORD_03028,2024-11-09,CUST_0434,Mouse,Accessories,East,7,800,0.1,5040.0,3528.0,1512.0,30.0,2024-11,Saturday
ORD_03029,2024-03-15,CUST_0469,Laptop,Office,South,8,60000,0.1,432000.0,302400.0,129600.0,30.0,2024-03,Friday
ORD_03030,2024-10-05,CUST_0268,Monitor,Electronics,West,4,20000,0.0,80000.0,56000.0,24000.0,30.0,2024-10,Saturday
ORD_03031,2024-06-24,CUST_0476,Laptop,Office,North,3,60000,0.1,162000.0,113400.0,48600.0,30.0,2024-06,Monday
ORD_03032,2025-10-23,CUST_0253,Monitor,Accessories,South,3,20000,0.2,48000.0,33600.0,14400.0,30.0,2025-10,Thursday
ORD_03033,2024-09-29,CUST_0396,Printer,Accessories,East,5,15000,0.1,67500.0,47250.0,20250.0,30.0,2024-09,Sunday
ORD_03034,2025-09-11,CUST_0289,Printer,Electronics,North,1,15000,0.05,14250.0,9975.0,4275.0,30.0,2025-09,Thursday
ORD_03035,2025-10-12,CUST_0212,Laptop,Office,South,3,60000,0.15,153000.0,107100.0,45900.0,30.0,2025-10,Sunday
ORD_03036,2024-10-15,CUST_0488,Monitor,Accessories,North,6,20000,0.15,102000.0,71400.0,30600.0,30.0,2024-10,Tuesday
ORD_03037,2025-12-24,CUST_0177,Monitor,Office,North,3,20000,0.1,54000.0,37800.0,16200.0,30.0,2025-12,Wednesday
ORD_03038,2024-09-28,CUST_0021,Monitor,Electronics,West,5,20000,0.1,90000.0,62999.99999999999,27000.000000000007,30.00000000000001,2024-09,Saturday
ORD_03039,2024-03-06,CUST_0316,Printer,Accessories,East,9,15000,0.1,121500.0,85050.0,36450.0,30.0,2024-03,Wednesday
ORD_03040,2025-04-27,CUST_0052,Laptop,Accessories,South,2,60000,0.1,108000.0,75600.0,32400.0,30.0,2025-04,Sunday
ORD_03041,2024-09-04,CUST_0438,Keyboard,Office,East,2,2000,0.05,3800.0,2660.0,1140.0,30.0,2024-09,Wednesday
ORD_03042,2024-06-04,CUST_0423,Monitor,Accessories,West,6,20000,0.2,96000.0,67200.0,28800.0,30.0,2024-06,Tuesday
ORD_03043,2024-02-16,CUST_0233,Monitor,Electronics,West,6,20000,0.05,114000.0,79800.0,34200.0,30.0,2024-02,Friday
ORD_03044,2025-03-29,CUST_0433,Keyboard,Electronics,South,8,2000,0.05,15200.0,10640.0,4560.0,30.0,2025-03,Saturday
ORD_03045,2024-07-19,CUST_0123,Laptop,Accessories,South,2,60000,0.05,114000.0,79800.0,34200.0,30.0,2024-07,Friday
ORD_03046,2025-10-21,CUST_0362,Monitor,Electronics,West,9,20000,0.15,153000.0,107100.0,45900.0,30.0,2025-10,Tuesday
ORD_03047,2024-05-03,CUST_0448,Laptop,Accessories,South,2,60000,0.05,114000.0,79800.0,34200.0,30.0,2024-05,Friday
ORD_03048,2024-01-01,CUST_0100,Monitor,Accessories,North,1,20000,0.1,18000.0,12600.0,5400.0,30.0,2024-01,Monday
ORD_03049,2025-10-01,CUST_0214,Mouse,Accessories,North,2,800,0.05,1520.0,1064.0,456.0,30.0,2025-10,Wednesday
ORD_03050,2024-07-09,CUST_0410,Monitor,Accessories,West,7,20000,0.1,126000.0,88200.0,37800.0,30.0,2024-07,Tuesday
ORD_03051,2025-08-01,CUST_0327,Mouse,Office,East,8,800,0.2,5120.0,3584.0,1536.0,30.0,2025-08,Friday
ORD_03052,2025-05-30,CUST_0135,Laptop,Accessories,South,5,60000,0.15,255000.0,178500.0,76500.0,30.0,2025-05,Friday
ORD_03053,2025-03-17,CUST_0456,Monitor,Electronics,South,6,20000,0.2,96000.0,67200.0,28800.0,30.0,2025-03,Monday
ORD_03054,2024-05-22,CUST_0318,Printer,Office,North,1,15000,0.2,12000.0,8400.0,3600.0,30.0,2024-05,Wednesday
ORD_03055,2024-07-09,CUST_0218,Printer,Electronics,South,6,15000,0.15,76500.0,53550.0,22950.0,30.0,2024-07,Tuesday
ORD_03056,2025-06-16,CUST_0088,Keyboard,Accessories,East,8,2000,0.1,14400.0,10080.0,4320.0,30.0,2025-06,Monday
ORD_03057,2024-08-14,CUST_0280,Printer,Electronics,South,3,15000,0.1,40500.0,28350.0,12150.0,30.0,2024-08,Wednesday
ORD_03058,2024-11-08,CUST_0040,Mouse,Office,South,1,800,0.1,720.0,503.99999999999994,216.00000000000006,30.00000000000001,2024-11,Friday
ORD_03059,2025-09-20,CUST_0240,Printer,Electronics,North,4,15000,0.15,51000.0,35700.0,15300.0,30.0,2025-09,Saturday
ORD_03060,2024-10-28,CUST_0332,Printer,Office,South,1,15000,0.05,14250.0,9975.0,4275.0,30.0,2024-10,Monday
ORD_03061,2025-10-15,CUST_0431,Printer,Accessories,West,8,15000,0.0,120000.0,84000.0,36000.0,30.0,2025-10,Wednesday
ORD_03062,2025-04-04,CUST_0136,Monitor,Accessories,West,5,20000,0.05,95000.0,66500.0,28500.0,30.0,2025-04,Friday
ORD_03063,2025-02-04,CUST_0182,Keyboard,Electronics,East,1,2000,0.05,1900.0,1330.0,570.0,30.0,2025-02,Tuesday
ORD_03064,2025-07-04,CUST_0265,Laptop,Electronics,East,8,60000,0.2,384000.0,268800.0,115200.0,30.0,2025-07,Friday
ORD_03065,2025-01-27,CUST_0259,Keyboard,Accessories,East,9,2000,0.0,18000.0,12600.0,5400.0,30.0,2025-01,Monday
ORD_03066,2024-07-25,CUST_0182,Mouse,Accessories,East,2,800,0.1,1440.0,1007.9999999999999,432.0000000000001,30.00000000000001,2024-07,Thursday
ORD_03067,2024-07-28,CUST_0021,Monitor,Electronics,North,9,20000,0.05,171000.0,119699.99999999999,51300.000000000015,30.00000000000001,2024-07,Sunday
ORD_03068,2024-04-24,CUST_0351,Monitor,Accessories,South,8,20000,0.15,136000.0,95200.0,40800.0,30.0,2024-04,Wednesday
ORD_03069,2025-10-07,CUST_0432,Printer,Office,North,7,15000,0.05,99750.0,69825.0,29925.0,30.0,2025-10,Tuesday
ORD_03070,2024-09-07,CUST_0431,Printer,Office,East,3,15000,0.1,40500.0,28350.0,12150.0,30.0,2024-09,Saturday
ORD_03071,2024-08-06,CUST_0472,Mouse,Electronics,South,2,800,0.05,1520.0,1064.0,456.0,30.0,2024-08,Tuesday
ORD_03072,2025-02-10,CUST_0196,Monitor,Electronics,West,7,20000,0.2,112000.0,78400.0,33600.0,30.0,2025-02,Monday
ORD_03073,2025-03-18,CUST_0212,Laptop,Accessories,North,5,60000,0.2,240000.0,168000.0,72000.0,30.0,2025-03,Tuesday
ORD_03074,2025-08-25,CUST_0447,Keyboard,Accessories,South,6,2000,0.05,11400.0,7979.999999999999,3420.000000000001,30.00000000000001,2025-08,Monday
ORD_03075,2024-12-19,CUST_0016,Monitor,Office,West,4,20000,0.2,64000.0,44800.0,19200.0,30.0,2024-12,Thursday
ORD_03076,2025-07-11,CUST_0202,Laptop,Electronics,West,2,60000,0.15,102000.0,71400.0,30600.0,30.0,2025-07,Friday
ORD_03077,2025-07-03,CUST_0363,Laptop,Electronics,East,9,60000,0.0,540000.0,378000.0,162000.0,30.0,2025-07,Thursday
ORD_03078,2024-05-21,CUST_0218,Keyboard,Electronics,West,3,2000,0.05,5700.0,3989.9999999999995,1710.0000000000005,30.00000000000001,2024-05,Tuesday
ORD_03079,2025-09-03,CUST_0093,Laptop,Electronics,West,7,60000,0.15,357000.0,249899.99999999997,107100.00000000003,30.00000000000001,2025-09,Wednesday
ORD_03080,2025-05-15,CUST_0133,Mouse,Office,East,8,800,0.15,5440.0,3807.9999999999995,1632.0000000000005,30.00000000000001,2025-05,Thursday
ORD_03081,2025-12-02,CUST_0139,Laptop,Office,South,2,60000,0.15,102000.0,71400.0,30600.0,30.0,2025-12,Tuesday
ORD_03082,2025-06-30,CUST_0157,Mouse,Electronics,South,6,800,0.1,4320.0,3024.0,1296.0,30.0,2025-06,Monday
ORD_03083,2025-10-20,CUST_0493,Laptop,Office,East,8,60000,0.05,456000.0,319200.0,136800.0,30.0,2025-10,Monday
ORD_03084,2025-06-25,CUST_0335,Printer,Electronics,North,7,15000,0.05,99750.0,69825.0,29925.0,30.0,2025-06,Wednesday
ORD_03085,2025-05-21,CUST_0070,Laptop,Office,East,3,60000,0.05,171000.0,119699.99999999999,51300.000000000015,30.00000000000001,2025-05,Wednesday
ORD_03086,2025-08-18,CUST_0304,Mouse,Accessories,South,1,800,0.0,800.0,560.0,240.0,30.0,2025-08,Monday
ORD_03087,2024-10-07,CUST_0015,Laptop,Office,North,6,60000,0.15,306000.0,214200.0,91800.0,30.0,2024-10,Monday
ORD_03088,2025-02-27,CUST_0235,Laptop,Electronics,East,8,60000,0.05,456000.0,319200.0,136800.0,30.0,2025-02,Thursday
ORD_03089,2024-09-26,CUST_0212,Laptop,Accessories,South,6,60000,0.2,288000.0,201600.0,86400.0,30.0,2024-09,Thursday
ORD_03090,2024-06-02,CUST_0290,Mouse,Electronics,South,5,800,0.1,3600.0,2520.0,1080.0,30.0,2024-06,Sunday
ORD_03091,2025-09-05,CUST_0060,Laptop,Accessories,South,8,60000,0.0,480000.0,336000.0,144000.0,30.0,2025-09,Friday
ORD_03092,2025-12-27,CUST_0252,Keyboard,Accessories,West,2,2000,0.1,3600.0,2520.0,1080.0,30.0,2025-12,Saturday
ORD_03093,2025-10-23,CUST_0446,Keyboard,Office,West,1,2000,0.15,1700.0,1190.0,510.0,30.0,2025-10,Thursday
ORD_03094,2024-03-23,CUST_0002,Mouse,Office,North,1,800,0.2,640.0,448.0,192.0,30.0,2024-03,Saturday
ORD_03095,2025-09-13,CUST_0236,Printer,Accessories,North,4,15000,0.15,51000.0,35700.0,15300.0,30.0,2025-09,Saturday
ORD_03096,2025-03-01,CUST_0336,Keyboard,Accessories,North,6,2000,0.05,11400.0,7979.999999999999,3420.000000000001,30.00000000000001,2025-03,Saturday
ORD_03097,2024-10-01,CUST_0019,Monitor,Accessories,West,9,20000,0.1,162000.0,113400.0,48600.0,30.0,2024-10,Tuesday
ORD_03098,2025-12-13,CUST_0482,Keyboard,Electronics,North,1,2000,0.2,1600.0,1120.0,480.0,30.0,2025-12,Saturday
ORD_03099,2024-10-10,CUST_0049,Monitor,Office,South,1,20000,0.1,18000.0,12600.0,5400.0,30.0,2024-10,Thursday
ORD_03100,2024-06-21,CUST_0078,Mouse,Electronics,South,5,800,0.0,4000.0,2800.0,1200.0,30.0,2024-06,Friday
ORD_03101,2024-11-22,CUST_0472,Printer,Office,North,5,15000,0.2,60000.0,42000.0,18000.0,30.0,2024-11,Friday
ORD_03102,2025-12-18,CUST_0028,Monitor,Electronics,North,5,20000,0.0,100000.0,70000.0,30000.0,30.0,2025-12,Thursday
ORD_03103,2024-03-03,CUST_0048,Monitor,Office,West,6,20000,0.2,96000.0,67200.0,28800.0,30.0,2024-03,Sunday
ORD_03104,2024-03-13,CUST_0096,Keyboard,Accessories,South,8,2000,0.05,15200.0,10640.0,4560.0,30.0,2024-03,Wednesday
ORD_03105,2025-09-27,CUST_0165,Monitor,Accessories,East,3,20000,0.1,54000.0,37800.0,16200.0,30.0,2025-09,Saturday
ORD_03106,2025-01-09,CUST_0458,Mouse,Office,East,9,800,0.1,6480.0,4536.0,1944.0,30.0,2025-01,Thursday
ORD_03107,2025-09-24,CUST_0433,Mouse,Accessories,West,1,800,0.15,680.0,475.99999999999994,204.00000000000006,30.00000000000001,2025-09,Wednesday
ORD_03108,2025-05-22,CUST_0365,Mouse,Accessories,West,4,800,0.2,2560.0,1792.0,768.0,30.0,2025-05,Thursday
ORD_03109,2025-02-01,CUST_0176,Keyboard,Electronics,West,9,2000,0.2,14400.0,10080.0,4320.0,30.0,2025-02,Saturday
ORD_03110,2024-04-29,CUST_0073,Printer,Office,South,8,15000,0.0,120000.0,84000.0,36000.0,30.0,2024-04,Monday
ORD_03111,2025-03-12,CUST_0472,Keyboard,Accessories,North,9,2000,0.2,14400.0,10080.0,4320.0,30.0,2025-03,Wednesday
ORD_03112,2025-11-06,CUST_0356,Mouse,Office,North,1,800,0.1,720.0,503.99999999999994,216.00000000000006,30.00000000000001,2025-11,Thursday
ORD_03113,2025-04-09,CUST_0029,Keyboard,Electronics,West,9,2000,0.2,14400.0,10080.0,4320.0,30.0,2025-04,Wednesday
ORD_03114,2024-10-12,CUST_0444,Mouse,Office,South,3,800,0.15,2040.0,1428.0,612.0,30.0,2024-10,Saturday
ORD_03115,2024-09-21,CUST_0157,Laptop,Electronics,East,9,60000,0.15,459000.0,321300.0,137700.0,30.0,2024-09,Saturday
ORD_03116,2024-11-15,CUST_0314,Laptop,Electronics,West,1,60000,0.1,54000.0,37800.0,16200.0,30.0,2024-11,Friday
ORD_03117,2025-11-03,CUST_0304,Monitor,Electronics,South,1,20000,0.1,18000.0,12600.0,5400.0,30.0,2025-11,Monday
ORD_03118,2025-01-10,CUST_0279,Printer,Accessories,West,9,15000,0.1,121500.0,85050.0,36450.0,30.0,2025-01,Friday
ORD_03119,2024-03-29,CUST_0283,Laptop,Electronics,South,6,60000,0.2,288000.0,201600.0,86400.0,30.0,2024-03,Friday
ORD_03120,2025-10-15,CUST_0479,Mouse,Office,South,4,800,0.2,2560.0,1792.0,768.0,30.0,2025-10,Wednesday
ORD_03121,2024-07-21,CUST_0491,Keyboard,Office,West,7,2000,0.05,13300.0,9310.0,3990.0,30.0,2024-07,Sunday
ORD_03122,2024-11-29,CUST_0007,Keyboard,Accessories,North,5,2000,0.0,10000.0,7000.0,3000.0,30.0,2024-11,Friday
ORD_03123,2024-08-09,CUST_0305,Monitor,Accessories,West,7,20000,0.2,112000.0,78400.0,33600.0,30.0,2024-08,Friday
ORD_03124,2024-02-10,CUST_0182,Keyboard,Electronics,North,8,2000,0.05,15200.0,10640.0,4560.0,30.0,2024-02,Saturday
ORD_03125,2025-12-08,CUST_0109,Laptop,Electronics,North,8,60000,0.05,456000.0,319200.0,136800.0,30.0,2025-12,Monday
ORD_03126,2024-03-08,CUST_0324,Keyboard,Electronics,East,1,2000,0.15,1700.0,1190.0,510.0,30.0,2024-03,Friday
ORD_03127,2025-05-28,CUST_0206,Laptop,Accessories,South,8,60000,0.2,384000.0,268800.0,115200.0,30.0,2025-05,Wednesday
ORD_03128,2025-09-28,CUST_0234,Laptop,Accessories,West,6,60000,0.05,342000.0,239399.99999999997,102600.00000000003,30.00000000000001,2025-09,Sunday
ORD_03129,2025-09-13,CUST_0426,Printer,Office,South,4,15000,0.15,51000.0,35700.0,15300.0,30.0,2025-09,Saturday
ORD_03130,2025-08-20,CUST_0458,Monitor,Electronics,East,8,20000,0.0,160000.0,112000.0,48000.0,30.0,2025-08,Wednesday
ORD_03131,2025-09-23,CUST_0187,Mouse,Electronics,North,3,800,0.15,2040.0,1428.0,612.0,30.0,2025-09,Tuesday
ORD_03132,2024-05-06,CUST_0428,Laptop,Office,West,4,60000,0.0,240000.0,168000.0,72000.0,30.0,2024-05,Monday
ORD_03133,2024-09-11,CUST_0482,Monitor,Office,South,6,20000,0.1,108000.0,75600.0,32400.0,30.0,2024-09,Wednesday
ORD_03134,2025-11-25,CUST_0410,Mouse,Office,East,7,800,0.1,5040.0,3528.0,1512.0,30.0,2025-11,Tuesday
ORD_03135,2024-01-16,CUST_0407,Keyboard,Office,North,4,2000,0.15,6800.0,4760.0,2040.0,30.0,2024-01,Tuesday
ORD_03136,2025-04-21,CUST_0329,Monitor,Electronics,North,4,20000,0.1,72000.0,50400.0,21600.0,30.0,2025-04,Monday
ORD_03137,2024-03-02,CUST_0357,Monitor,Accessories,South,7,20000,0.2,112000.0,78400.0,33600.0,30.0,2024-03,Saturday
ORD_03138,2025-03-07,CUST_0008,Monitor,Electronics,North,6,20000,0.15,102000.0,71400.0,30600.0,30.0,2025-03,Friday
ORD_03139,2025-10-31,CUST_0053,Keyboard,Office,East,8,2000,0.05,15200.0,10640.0,4560.0,30.0,2025-10,Friday
ORD_03140,2024-09-24,CUST_0398,Keyboard,Accessories,North,1,2000,0.2,1600.0,1120.0,480.0,30.0,2024-09,Tuesday
ORD_03141,2024-02-04,CUST_0199,Monitor,Electronics,West,7,20000,0.15,119000.0,83300.0,35700.0,30.0,2024-02,Sunday
ORD_03142,2025-07-29,CUST_0391,Printer,Office,West,7,15000,0.0,105000.0,73500.0,31500.0,30.0,2025-07,Tuesday
ORD_03143,2025-05-08,CUST_0137,Laptop,Accessories,South,7,60000,0.1,378000.0,264600.0,113400.0,30.0,2025-05,Thursday
ORD_03144,2025-07-15,CUST_0259,Keyboard,Accessories,East,7,2000,0.1,12600.0,8820.0,3780.0,30.0,2025-07,Tuesday
ORD_03145,2025-04-13,CUST_0334,Printer,Accessories,North,8,15000,0.1,108000.0,75600.0,32400.0,30.0,2025-04,Sunday
ORD_03146,2025-10-22,CUST_0401,Keyboard,Electronics,North,9,2000,0.15,15300.0,10710.0,4590.0,30.0,2025-10,Wednesday
ORD_03147,2024-11-20,CUST_0498,Monitor,Office,North,9,20000,0.2,144000.0,100800.0,43200.0,30.0,2024-11,Wednesday
ORD_03148,2024-10-30,CUST_0172,Printer,Electronics,West,2,15000,0.0,30000.0,21000.0,9000.0,30.0,2024-10,Wednesday
ORD_03149,2024-10-02,CUST_0086,Mouse,Electronics,East,7,800,0.1,5040.0,3528.0,1512.0,30.0,2024-10,Wednesday
ORD_03150,2025-11-14,CUST_0046,Laptop,Electronics,North,7,60000,0.2,336000.0,235199.99999999997,100800.00000000003,30.00000000000001,2025-11,Friday
ORD_03151,2024-07-19,CUST_0346,Laptop,Accessories,South,4,60000,0.05,228000.0,159600.0,68400.0,30.0,2024-07,Friday
ORD_03152,2025-03-20,CUST_0186,Keyboard,Office,East,9,2000,0.05,17100.0,11970.0,5130.0,30.0,2025-03,Thursday
ORD_03153,2024-11-19,CUST_0156,Laptop,Electronics,East,8,60000,0.0,480000.0,336000.0,144000.0,30.0,2024-11,Tuesday
ORD_03154,2024-02-04,CUST_0493,Mouse,Office,North,1,800,0.1,720.0,503.99999999999994,216.00000000000006,30.00000000000001,2024-02,Sunday
ORD_03155,2025-04-26,CUST_0398,Printer,Accessories,West,2,15000,0.05,28500.0,19950.0,8550.0,30.0,2025-04,Saturday
ORD_03156,2025-12-28,CUST_0009,Printer,Electronics,East,2,15000,0.2,24000.0,16800.0,7200.0,30.0,2025-12,Sunday
ORD_03157,2025-04-24,CUST_0115,Monitor,Office,South,8,20000,0.2,128000.0,89600.0,38400.0,30.0,2025-04,Thursday
ORD_03158,2024-03-05,CUST_0154,Printer,Accessories,East,1,15000,0.05,14250.0,9975.0,4275.0,30.0,2024-03,Tuesday
ORD_03159,2024-01-08,CUST_0130,Keyboard,Electronics,West,4,2000,0.1,7200.0,5040.0,2160.0,30.0,2024-01,Monday
ORD_03160,2024-10-27,CUST_0331,Mouse,Electronics,South,5,800,0.0,4000.0,2800.0,1200.0,30.0,2024-10,Sunday
ORD_03161,2024-12-08,CUST_0081,Monitor,Office,West,9,20000,0.1,162000.0,113400.0,48600.0,30.0,2024-12,Sunday
ORD_03162,2025-03-06,CUST_0384,Keyboard,Office,North,7,2000,0.15,11900.0,8330.0,3570.0,30.0,2025-03,Thursday
ORD_03163,2025-02-27,CUST_0290,Keyboard,Electronics,East,8,2000,0.05,15200.0,10640.0,4560.0,30.0,2025-02,Thursday
ORD_03164,2024-11-27,CUST_0147,Keyboard,Electronics,South,9,2000,0.15,15300.0,10710.0,4590.0,30.0,2024-11,Wednesday
ORD_03165,2025-03-13,CUST_0295,Laptop,Accessories,West,7,60000,0.05,399000.0,279300.0,119700.0,30.0,2025-03,Thursday
ORD_03166,2025-08-10,CUST_0466,Keyboard,Accessories,North,5,2000,0.0,10000.0,7000.0,3000.0,30.0,2025-08,Sunday
ORD_03167,2024-06-22,CUST_0269,Laptop,Electronics,South,5,60000,0.1,270000.0,189000.0,81000.0,30.0,2024-06,Saturday
ORD_03168,2025-07-12,CUST_0133,Printer,Office,East,6,15000,0.1,81000.0,56700.0,24300.0,30.0,2025-07,Saturday
ORD_03169,2025-06-10,CUST_0050,Laptop,Office,East,5,60000,0.05,285000.0,199500.0,85500.0,30.0,2025-06,Tuesday
ORD_03170,2025-10-20,CUST_0023,Keyboard,Electronics,West,9,2000,0.2,14400.0,10080.0,4320.0,30.0,2025-10,Monday
ORD_03171,2024-01-26,CUST_0378,Mouse,Accessories,South,3,800,0.15,2040.0,1428.0,612.0,30.0,2024-01,Friday
ORD_03172,2025-08-27,CUST_0376,Mouse,Electronics,North,3,800,0.1,2160.0,1512.0,648.0,30.0,2025-08,Wednesday
ORD_03173,2025-02-09,CUST_0088,Printer,Office,North,7,15000,0.1,94500.0,66150.0,28350.0,30.0,2025-02,Sunday
ORD_03174,2024-08-19,CUST_0413,Keyboard,Electronics,North,7,2000,0.05,13300.0,9310.0,3990.0,30.0,2024-08,Monday
ORD_03175,2025-06-16,CUST_0112,Laptop,Electronics,West,6,60000,0.2,288000.0,201600.0,86400.0,30.0,2025-06,Monday
ORD_03176,2025-07-03,CUST_0111,Mouse,Accessories,North,3,800,0.15,2040.0,1428.0,612.0,30.0,2025-07,Thursday
ORD_03177,2025-05-19,CUST_0072,Monitor,Office,South,7,20000,0.2,112000.0,78400.0,33600.0,30.0,2025-05,Monday
ORD_03178,2025-10-30,CUST_0154,Keyboard,Office,West,5,2000,0.2,8000.0,5600.0,2400.0,30.0,2025-10,Thursday
ORD_03179,2024-06-27,CUST_0463,Keyboard,Electronics,East,7,2000,0.05,13300.0,9310.0,3990.0,30.0,2024-06,Thursday
ORD_03180,2024-05-11,CUST_0057,Monitor,Office,West,2,20000,0.2,32000.0,22400.0,9600.0,30.0,2024-05,Saturday
ORD_03181,2025-03-30,CUST_0257,Mouse,Office,West,6,800,0.15,4080.0,2856.0,1224.0,30.0,2025-03,Sunday
ORD_03182,2024-12-13,CUST_0156,Monitor,Office,West,8,20000,0.0,160000.0,112000.0,48000.0,30.0,2024-12,Friday
ORD_03183,2025-06-23,CUST_0113,Printer,Office,South,1,15000,0.0,15000.0,10500.0,4500.0,30.0,2025-06,Monday
ORD_03184,2025-02-09,CUST_0318,Laptop,Accessories,East,4,60000,0.15,204000.0,142800.0,61200.0,30.0,2025-02,Sunday
ORD_03185,2024-03-16,CUST_0047,Laptop,Accessories,East,1,60000,0.05,57000.0,39900.0,17100.0,30.0,2024-03,Saturday
ORD_03186,2025-08-01,CUST_0238,Mouse,Accessories,West,1,800,0.1,720.0,503.99999999999994,216.00000000000006,30.00000000000001,2025-08,Friday
ORD_03187,2025-05-06,CUST_0334,Monitor,Accessories,West,8,20000,0.05,152000.0,106400.0,45600.0,30.0,2025-05,Tuesday
ORD_03188,2024-07-12,CUST_0106,Keyboard,Accessories,West,7,2000,0.15,11900.0,8330.0,3570.0,30.0,2024-07,Friday
ORD_03189,2024-06-10,CUST_0482,Keyboard,Office,South,1,2000,0.2,1600.0,1120.0,480.0,30.0,2024-06,Monday
ORD_03190,2024-12-12,CUST_0187,Keyboard,Electronics,South,2,2000,0.0,4000.0,2800.0,1200.0,30.0,2024-12,Thursday
ORD_03191,2024-12-26,CUST_0159,Printer,Electronics,North,4,15000,0.2,48000.0,33600.0,14400.0,30.0,2024-12,Thursday
ORD_03192,2025-08-06,CUST_0198,Printer,Accessories,East,1,15000,0.05,14250.0,9975.0,4275.0,30.0,2025-08,Wednesday
ORD_03193,2024-03-27,CUST_0382,Keyboard,Office,North,3,2000,0.15,5100.0,3570.0,1530.0,30.0,2024-03,Wednesday
ORD_03194,2024-09-18,CUST_0177,Mouse,Accessories,North,8,800,0.0,6400.0,4480.0,1920.0,30.0,2024-09,Wednesday
ORD_03195,2024-08-01,CUST_0261,Printer,Electronics,West,8,15000,0.15,102000.0,71400.0,30600.0,30.0,2024-08,Thursday
ORD_03196,2025-10-26,CUST_0287,Printer,Office,South,8,15000,0.0,120000.0,84000.0,36000.0,30.0,2025-10,Sunday
ORD_03197,2025-12-22,CUST_0293,Laptop,Office,North,6,60000,0.0,360000.0,251999.99999999997,108000.00000000003,30.00000000000001,2025-12,Monday
ORD_03198,2025-07-26,CUST_0335,Laptop,Office,North,6,60000,0.0,360000.0,251999.99999999997,108000.00000000003,30.00000000000001,2025-07,Saturday
ORD_03199,2024-09-18,CUST_0143,Mouse,Electronics,North,5,800,0.05,3800.0,2660.0,1140.0,30.0,2024-09,Wednesday
ORD_03200,2025-12-30,CUST_0308,Printer,Electronics,West,9,15000,0.15,114750.0,80325.0,34425.0,30.0,2025-12,Tuesday
ORD_03201,2024-10-09,CUST_0491,Printer,Accessories,West,4,15000,0.1,54000.0,37800.0,16200.0,30.0,2024-10,Wednesday
ORD_03202,2025-10-09,CUST_0197,Monitor,Accessories,South,7,20000,0.1,126000.0,88200.0,37800.0,30.0,2025-10,Thursday
ORD_03203,2025-04-11,CUST_0476,Mouse,Electronics,North,1,800,0.1,720.0,503.99999999999994,216.00000000000006,30.00000000000001,2025-04,Friday
ORD_03204,2025-01-14,CUST_0225,Mouse,Accessories,North,9,800,0.15,6120.0,4284.0,1836.0,30.0,2025-01,Tuesday
ORD_03205,2024-12-27,CUST_0395,Monitor,Electronics,South,7,20000,0.2,112000.0,78400.0,33600.0,30.0,2024-12,Friday
ORD_03206,2025-03-24,CUST_0043,Monitor,Office,South,9,20000,0.15,153000.0,107100.0,45900.0,30.0,2025-03,Monday
ORD_03207,2025-03-16,CUST_0454,Laptop,Accessories,South,7,60000,0.0,420000.0,294000.0,126000.0,30.0,2025-03,Sunday
ORD_03208,2024-04-02,CUST_0151,Mouse,Electronics,East,2,800,0.2,1280.0,896.0,384.0,30.0,2024-04,Tuesday
ORD_03209,2025-09-12,CUST_0296,Mouse,Electronics,South,6,800,0.0,4800.0,3360.0,1440.0,30.0,2025-09,Friday
ORD_03210,2025-02-27,CUST_0063,Monitor,Electronics,West,4,20000,0.0,80000.0,56000.0,24000.0,30.0,2025-02,Thursday
ORD_03211,2024-05-21,CUST_0130,Keyboard,Accessories,East,3,2000,0.15,5100.0,3570.0,1530.0,30.0,2024-05,Tuesday
ORD_03212,2024-10-17,CUST_0255,Keyboard,Accessories,South,2,2000,0.1,3600.0,2520.0,1080.0,30.0,2024-10,Thursday
ORD_03213,2025-03-07,CUST_0463,Laptop,Office,West,6,60000,0.2,288000.0,201600.0,86400.0,30.0,2025-03,Friday
ORD_03214,2025-11-19,CUST_0343,Keyboard,Accessories,South,8,2000,0.05,15200.0,10640.0,4560.0,30.0,2025-11,Wednesday
ORD_03215,2025-10-14,CUST_0214,Keyboard,Accessories,South,6,2000,0.1,10800.0,7559.999999999999,3240.000000000001,30.00000000000001,2025-10,Tuesday
ORD_03216,2025-12-01,CUST_0073,Keyboard,Accessories,East,9,2000,0.05,17100.0,11970.0,5130.0,30.0,2025-12,Monday
ORD_03217,2024-02-18,CUST_0431,Printer,Office,West,5,15000,0.15,63750.0,44625.0,19125.0,30.0,2024-02,Sunday
ORD_03218,2024-10-28,CUST_0104,Laptop,Office,North,2,60000,0.2,96000.0,67200.0,28800.0,30.0,2024-10,Monday
ORD_03219,2024-07-08,CUST_0158,Monitor,Office,South,8,20000,0.15,136000.0,95200.0,40800.0,30.0,2024-07,Monday
ORD_03220,2024-05-15,CUST_0272,Keyboard,Accessories,East,9,2000,0.05,17100.0,11970.0,5130.0,30.0,2024-05,Wednesday
ORD_03221,2025-07-08,CUST_0315,Printer,Electronics,West,4,15000,0.0,60000.0,42000.0,18000.0,30.0,2025-07,Tuesday
ORD_03222,2025-02-07,CUST_0238,Keyboard,Accessories,South,6,2000,0.15,10200.0,7140.0,3060.0,30.0,2025-02,Friday
ORD_03223,2025-08-24,CUST_0303,Printer,Office,North,8,15000,0.2,96000.0,67200.0,28800.0,30.0,2025-08,Sunday
ORD_03224,2024-12-06,CUST_0372,Laptop,Accessories,West,9,60000,0.15,459000.0,321300.0,137700.0,30.0,2024-12,Friday
ORD_03225,2025-12-04,CUST_0158,Keyboard,Accessories,West,5,2000,0.1,9000.0,6300.0,2700.0,30.0,2025-12,Thursday
ORD_03226,2024-11-13,CUST_0109,Printer,Electronics,East,6,15000,0.15,76500.0,53550.0,22950.0,30.0,2024-11,Wednesday
ORD_03227,2025-09-09,CUST_0009,Mouse,Electronics,South,4,800,0.05,3040.0,2128.0,912.0,30.0,2025-09,Tuesday
ORD_03228,2024-12-28,CUST_0321,Mouse,Accessories,South,5,800,0.15,3400.0,2380.0,1020.0,30.0,2024-12,Saturday
ORD_03229,2025-01-16,CUST_0059,Printer,Office,West,7,15000,0.2,84000.0,58799.99999999999,25200.000000000007,30.00000000000001,2025-01,Thursday
ORD_03230,2024-08-20,CUST_0358,Keyboard,Accessories,South,9,2000,0.15,15300.0,10710.0,4590.0,30.0,2024-08,Tuesday
ORD_03231,2024-12-09,CUST_0192,Keyboard,Accessories,West,6,2000,0.15,10200.0,7140.0,3060.0,30.0,2024-12,Monday
ORD_03232,2025-07-02,CUST_0136,Laptop,Accessories,North,6,60000,0.2,288000.0,201600.0,86400.0,30.0,2025-07,Wednesday
ORD_03233,2025-07-06,CUST_0251,Laptop,Office,East,8,60000,0.15,408000.0,285600.0,122400.0,30.0,2025-07,Sunday
ORD_03234,2025-06-12,CUST_0379,Monitor,Office,South,4,20000,0.2,64000.0,44800.0,19200.0,30.0,2025-06,Thursday
ORD_03235,2025-07-24,CUST_0436,Laptop,Office,South,3,60000,0.05,171000.0,119699.99999999999,51300.000000000015,30.00000000000001,2025-07,Thursday
ORD_03236,2024-07-01,CUST_0146,Keyboard,Office,East,7,2000,0.2,11200.0,7839.999999999999,3360.000000000001,30.00000000000001,2024-07,Monday
ORD_03237,2024-02-10,CUST_0347,Monitor,Office,North,5,20000,0.05,95000.0,66500.0,28500.0,30.0,2024-02,Saturday
ORD_03238,2025-07-04,CUST_0466,Laptop,Accessories,North,2,60000,0.05,114000.0,79800.0,34200.0,30.0,2025-07,Friday
ORD_03239,2025-01-31,CUST_0352,Printer,Office,North,2,15000,0.2,24000.0,16800.0,7200.0,30.0,2025-01,Friday
ORD_03240,2025-12-04,CUST_0058,Mouse,Accessories,North,6,800,0.15,4080.0,2856.0,1224.0,30.0,2025-12,Thursday
ORD_03241,2025-05-08,CUST_0177,Laptop,Accessories,North,8,60000,0.1,432000.0,302400.0,129600.0,30.0,2025-05,Thursday
ORD_03242,2025-10-20,CUST_0288,Laptop,Accessories,West,1,60000,0.2,48000.0,33600.0,14400.0,30.0,2025-10,Monday
ORD_03243,2024-11-28,CUST_0245,Printer,Electronics,South,6,15000,0.15,76500.0,53550.0,22950.0,30.0,2024-11,Thursday
ORD_03244,2024-05-06,CUST_0048,Keyboard,Office,South,2,2000,0.05,3800.0,2660.0,1140.0,30.0,2024-05,Monday
ORD_03245,2025-07-11,CUST_0301,Printer,Office,South,2,15000,0.0,30000.0,21000.0,9000.0,30.0,2025-07,Friday
ORD_03246,2025-07-10,CUST_0438,Laptop,Accessories,West,7,60000,0.1,378000.0,264600.0,113400.0,30.0,2025-07,Thursday
ORD_03247,2024-01-01,CUST_0356,Keyboard,Electronics,East,1,2000,0.15,1700.0,1190.0,510.0,30.0,2024-01,Monday
ORD_03248,2024-06-16,CUST_0100,Monitor,Office,North,6,20000,0.1,108000.0,75600.0,32400.0,30.0,2024-06,Sunday
ORD_03249,2025-09-11,CUST_0213,Laptop,Accessories,East,7,60000,0.0,420000.0,294000.0,126000.0,30.0,2025-09,Thursday
ORD_03250,2024-01-19,CUST_0302,Printer,Electronics,North,8,15000,0.0,120000.0,84000.0,36000.0,30.0,2024-01,Friday
ORD_03251,2024-11-27,CUST_0480,Monitor,Accessories,North,7,20000,0.0,140000.0,98000.0,42000.0,30.0,2024-11,Wednesday
ORD_03252,2025-08-06,CUST_0415,Mouse,Electronics,East,6,800,0.2,3840.0,2688.0,1152.0,30.0,2025-08,Wednesday
ORD_03253,2025-03-31,CUST_0165,Monitor,Accessories,South,9,20000,0.1,162000.0,113400.0,48600.0,30.0,2025-03,Monday
ORD_03254,2024-04-18,CUST_0400,Printer,Office,West,3,15000,0.2,36000.0,25200.0,10800.0,30.0,2024-04,Thursday
ORD_03255,2024-09-24,CUST_0430,Monitor,Accessories,East,6,20000,0.0,120000.0,84000.0,36000.0,30.0,2024-09,Tuesday
ORD_03256,2025-03-20,CUST_0126,Printer,Accessories,South,4,15000,0.15,51000.0,35700.0,15300.0,30.0,2025-03,Thursday
ORD_03257,2024-08-27,CUST_0302,Laptop,Electronics,North,2,60000,0.0,120000.0,84000.0,36000.0,30.0,2024-08,Tuesday
ORD_03258,2024-10-27,CUST_0462,Keyboard,Electronics,South,1,2000,0.2,1600.0,1120.0,480.0,30.0,2024-10,Sunday
ORD_03259,2025-08-24,CUST_0121,Mouse,Office,North,1,800,0.0,800.0,560.0,240.0,30.0,2025-08,Sunday
ORD_03260,2024-04-12,CUST_0088,Keyboard,Accessories,North,3,2000,0.0,6000.0,4200.0,1800.0,30.0,2024-04,Friday
ORD_03261,2024-09-06,CUST_0217,Keyboard,Electronics,South,4,2000,0.2,6400.0,4480.0,1920.0,30.0,2024-09,Friday
ORD_03262,2025-03-28,CUST_0061,Keyboard,Office,North,2,2000,0.2,3200.0,2240.0,960.0,30.0,2025-03,Friday
ORD_03263,2025-06-03,CUST_0302,Printer,Office,West,1,15000,0.15,12750.0,8925.0,3825.0,30.0,2025-06,Tuesday
ORD_03264,2024-06-01,CUST_0179,Printer,Electronics,South,4,15000,0.2,48000.0,33600.0,14400.0,30.0,2024-06,Saturday
ORD_03265,2024-06-22,CUST_0190,Mouse,Electronics,East,7,800,0.15,4760.0,3332.0,1428.0,30.0,2024-06,Saturday
ORD_03266,2024-12-08,CUST_0163,Printer,Accessories,North,6,15000,0.05,85500.0,59849.99999999999,25650.000000000007,30.00000000000001,2024-12,Sunday
ORD_03267,2025-10-31,CUST_0081,Printer,Office,North,6,15000,0.05,85500.0,59849.99999999999,25650.000000000007,30.00000000000001,2025-10,Friday
ORD_03268,2025-03-06,CUST_0494,Printer,Electronics,West,9,15000,0.2,108000.0,75600.0,32400.0,30.0,2025-03,Thursday
ORD_03269,2025-12-27,CUST_0170,Printer,Office,West,2,15000,0.0,30000.0,21000.0,9000.0,30.0,2025-12,Saturday
ORD_03270,2025-11-19,CUST_0301,Laptop,Accessories,East,4,60000,0.1,216000.0,151200.0,64800.0,30.0,2025-11,Wednesday
ORD_03271,2025-11-17,CUST_0374,Mouse,Electronics,North,5,800,0.0,4000.0,2800.0,1200.0,30.0,2025-11,Monday
ORD_03272,2025-10-19,CUST_0196,Printer,Office,East,1,15000,0.2,12000.0,8400.0,3600.0,30.0,2025-10,Sunday
ORD_03273,2024-11-19,CUST_0203,Mouse,Electronics,East,8,800,0.15,5440.0,3807.9999999999995,1632.0000000000005,30.00000000000001,2024-11,Tuesday
ORD_03274,2025-11-03,CUST_0047,Monitor,Accessories,North,8,20000,0.0,160000.0,112000.0,48000.0,30.0,2025-11,Monday
ORD_03275,2025-09-30,CUST_0463,Laptop,Accessories,East,6,60000,0.05,342000.0,239399.99999999997,102600.00000000003,30.00000000000001,2025-09,Tuesday
ORD_03276,2025-02-23,CUST_0158,Printer,Accessories,East,5,15000,0.2,60000.0,42000.0,18000.0,30.0,2025-02,Sunday
ORD_03277,2025-08-16,CUST_0408,Laptop,Accessories,West,8,60000,0.0,480000.0,336000.0,144000.0,30.0,2025-08,Saturday
ORD_03278,2025-04-29,CUST_0194,Laptop,Electronics,West,3,60000,0.0,180000.0,125999.99999999999,54000.000000000015,30.00000000000001,2025-04,Tuesday
ORD_03279,2025-10-20,CUST_0427,Monitor,Electronics,East,3,20000,0.15,51000.0,35700.0,15300.0,30.0,2025-10,Monday
ORD_03280,2025-02-15,CUST_0418,Mouse,Office,North,2,800,0.15,1360.0,951.9999999999999,408.0000000000001,30.00000000000001,2025-02,Saturday
ORD_03281,2024-03-24,CUST_0279,Laptop,Office,West,5,60000,0.15,255000.0,178500.0,76500.0,30.0,2024-03,Sunday
ORD_03282,2024-04-22,CUST_0317,Keyboard,Electronics,East,3,2000,0.1,5400.0,3779.9999999999995,1620.0000000000005,30.00000000000001,2024-04,Monday
ORD_03283,2024-11-27,CUST_0479,Monitor,Electronics,South,3,20000,0.2,48000.0,33600.0,14400.0,30.0,2024-11,Wednesday
ORD_03284,2025-01-12,CUST_0421,Keyboard,Office,South,6,2000,0.2,9600.0,6720.0,2880.0,30.0,2025-01,Sunday
ORD_03285,2025-10-16,CUST_0269,Monitor,Electronics,East,8,20000,0.05,152000.0,106400.0,45600.0,30.0,2025-10,Thursday
ORD_03286,2024-02-10,CUST_0481,Keyboard,Accessories,South,2,2000,0.05,3800.0,2660.0,1140.0,30.0,2024-02,Saturday
ORD_03287,2024-04-14,CUST_0199,Keyboard,Accessories,West,4,2000,0.2,6400.0,4480.0,1920.0,30.0,2024-04,Sunday
ORD_03288,2024-07-20,CUST_0224,Laptop,Accessories,North,7,60000,0.0,420000.0,294000.0,126000.0,30.0,2024-07,Saturday
ORD_03289,2025-03-25,CUST_0263,Laptop,Office,East,1,60000,0.2,48000.0,33600.0,14400.0,30.0,2025-03,Tuesday
ORD_03290,2024-09-22,CUST_0426,Monitor,Electronics,West,1,20000,0.1,18000.0,12600.0,5400.0,30.0,2024-09,Sunday
ORD_03291,2024-07-28,CUST_0166,Mouse,Office,North,7,800,0.05,5320.0,3723.9999999999995,1596.0000000000005,30.00000000000001,2024-07,Sunday
ORD_03292,2025-07-16,CUST_0180,Laptop,Office,South,7,60000,0.05,399000.0,279300.0,119700.0,30.0,2025-07,Wednesday
ORD_03293,2024-04-27,CUST_0428,Laptop,Electronics,South,1,60000,0.05,57000.0,39900.0,17100.0,30.0,2024-04,Saturday
ORD_03294,2025-12-13,CUST_0192,Printer,Office,South,1,15000,0.2,12000.0,8400.0,3600.0,30.0,2025-12,Saturday
ORD_03295,2025-01-11,CUST_0397,Laptop,Accessories,South,4,60000,0.05,228000.0,159600.0,68400.0,30.0,2025-01,Saturday
ORD_03296,2025-07-04,CUST_0216,Mouse,Electronics,West,5,800,0.05,3800.0,2660.0,1140.0,30.0,2025-07,Friday
ORD_03297,2025-06-23,CUST_0284,Printer,Accessories,West,5,15000,0.2,60000.0,42000.0,18000.0,30.0,2025-06,Monday
ORD_03298,2024-03-24,CUST_0352,Keyboard,Accessories,North,4,2000,0.0,8000.0,5600.0,2400.0,30.0,2024-03,Sunday
ORD_03299,2025-03-29,CUST_0107,Keyboard,Electronics,East,8,2000,0.05,15200.0,10640.0,4560.0,30.0,2025-03,Saturday
ORD_03300,2025-10-28,CUST_0466,Printer,Accessories,North,7,15000,0.05,99750.0,69825.0,29925.0,30.0,2025-10,Tuesday
ORD_03301,2025-09-20,CUST_0098,Printer,Accessories,East,9,15000,0.05,128250.0,89775.0,38475.0,30.0,2025-09,Saturday
ORD_03302,2025-05-28,CUST_0368,Printer,Accessories,South,7,15000,0.1,94500.0,66150.0,28350.0,30.0,2025-05,Wednesday
ORD_03303,2025-08-27,CUST_0482,Monitor,Electronics,South,1,20000,0.2,16000.0,11200.0,4800.0,30.0,2025-08,Wednesday
ORD_03304,2025-11-08,CUST_0499,Mouse,Electronics,South,7,800,0.05,5320.0,3723.9999999999995,1596.0000000000005,30.00000000000001,2025-11,Saturday
ORD_03305,2025-01-21,CUST_0230,Mouse,Electronics,South,1,800,0.1,720.0,503.99999999999994,216.00000000000006,30.00000000000001,2025-01,Tuesday
ORD_03306,2024-12-15,CUST_0257,Keyboard,Office,West,7,2000,0.0,14000.0,9800.0,4200.0,30.0,2024-12,Sunday
ORD_03307,2024-10-22,CUST_0043,Keyboard,Accessories,North,8,2000,0.0,16000.0,11200.0,4800.0,30.0,2024-10,Tuesday
ORD_03308,2024-09-14,CUST_0242,Keyboard,Office,East,9,2000,0.1,16200.0,11340.0,4860.0,30.0,2024-09,Saturday
ORD_03309,2024-03-21,CUST_0042,Laptop,Office,East,3,60000,0.0,180000.0,125999.99999999999,54000.000000000015,30.00000000000001,2024-03,Thursday
ORD_03310,2024-09-24,CUST_0095,Keyboard,Accessories,West,4,2000,0.15,6800.0,4760.0,2040.0,30.0,2024-09,Tuesday
ORD_03311,2025-02-22,CUST_0434,Printer,Electronics,South,4,15000,0.0,60000.0,42000.0,18000.0,30.0,2025-02,Saturday
ORD_03312,2024-08-22,CUST_0254,Keyboard,Office,North,9,2000,0.15,15300.0,10710.0,4590.0,30.0,2024-08,Thursday
ORD_03313,2024-11-06,CUST_0188,Printer,Electronics,South,7,15000,0.1,94500.0,66150.0,28350.0,30.0,2024-11,Wednesday
ORD_03314,2024-12-22,CUST_0385,Monitor,Electronics,West,3,20000,0.15,51000.0,35700.0,15300.0,30.0,2024-12,Sunday
ORD_03315,2024-07-31,CUST_0307,Laptop,Accessories,East,5,60000,0.0,300000.0,210000.0,90000.0,30.0,2024-07,Wednesday
ORD_03316,2025-07-27,CUST_0400,Laptop,Office,West,7,60000,0.05,399000.0,279300.0,119700.0,30.0,2025-07,Sunday
ORD_03317,2024-02-18,CUST_0167,Mouse,Office,East,8,800,0.15,5440.0,3807.9999999999995,1632.0000000000005,30.00000000000001,2024-02,Sunday
ORD_03318,2024-05-06,CUST_0271,Monitor,Electronics,North,1,20000,0.0,20000.0,14000.0,6000.0,30.0,2024-05,Monday
ORD_03319,2024-08-10,CUST_0125,Printer,Accessories,East,2,15000,0.05,28500.0,19950.0,8550.0,30.0,2024-08,Saturday
ORD_03320,2024-10-05,CUST_0161,Monitor,Office,North,7,20000,0.1,126000.0,88200.0,37800.0,30.0,2024-10,Saturday
ORD_03321,2025-02-11,CUST_0087,Laptop,Electronics,South,2,60000,0.1,108000.0,75600.0,32400.0,30.0,2025-02,Tuesday
ORD_03322,2025-05-19,CUST_0309,Printer,Electronics,South,7,15000,0.2,84000.0,58799.99999999999,25200.000000000007,30.00000000000001,2025-05,Monday
ORD_03323,2024-10-20,CUST_0489,Monitor,Electronics,West,9,20000,0.1,162000.0,113400.0,48600.0,30.0,2024-10,Sunday
ORD_03324,2024-10-03,CUST_0226,Laptop,Accessories,North,2,60000,0.2,96000.0,67200.0,28800.0,30.0,2024-10,Thursday
ORD_03325,2025-03-13,CUST_0145,Printer,Accessories,South,7,15000,0.1,94500.0,66150.0,28350.0,30.0,2025-03,Thursday
ORD_03326,2024-04-16,CUST_0345,Printer,Electronics,North,4,15000,0.1,54000.0,37800.0,16200.0,30.0,2024-04,Tuesday
ORD_03327,2025-10-19,CUST_0248,Laptop,Electronics,South,2,60000,0.1,108000.0,75600.0,32400.0,30.0,2025-10,Sunday
ORD_03328,2025-02-23,CUST_0362,Printer,Accessories,South,7,15000,0.2,84000.0,58799.99999999999,25200.000000000007,30.00000000000001,2025-02,Sunday
ORD_03329,2025-09-02,CUST_0006,Laptop,Electronics,East,5,60000,0.2,240000.0,168000.0,72000.0,30.0,2025-09,Tuesday
ORD_03330,2025-03-04,CUST_0031,Keyboard,Electronics,West,1,2000,0.15,1700.0,1190.0,510.0,30.0,2025-03,Tuesday
ORD_03331,2025-01-09,CUST_0197,Keyboard,Accessories,East,5,2000,0.0,10000.0,7000.0,3000.0,30.0,2025-01,Thursday
ORD_03332,2024-03-13,CUST_0232,Printer,Electronics,North,3,15000,0.0,45000.0,31499.999999999996,13500.000000000004,30.00000000000001,2024-03,Wednesday
ORD_03333,2025-09-25,CUST_0296,Printer,Electronics,South,7,15000,0.0,105000.0,73500.0,31500.0,30.0,2025-09,Thursday
ORD_03334,2024-01-30,CUST_0414,Laptop,Electronics,West,6,60000,0.1,324000.0,226800.0,97200.0,30.0,2024-01,Tuesday
ORD_03335,2024-07-06,CUST_0325,Printer,Accessories,South,8,15000,0.0,120000.0,84000.0,36000.0,30.0,2024-07,Saturday
ORD_03336,2024-12-29,CUST_0460,Mouse,Accessories,South,5,800,0.2,3200.0,2240.0,960.0,30.0,2024-12,Sunday
ORD_03337,2025-03-26,CUST_0135,Keyboard,Accessories,East,2,2000,0.15,3400.0,2380.0,1020.0,30.0,2025-03,Wednesday
ORD_03338,2024-07-13,CUST_0493,Printer,Office,North,9,15000,0.05,128250.0,89775.0,38475.0,30.0,2024-07,Saturday
ORD_03339,2024-06-04,CUST_0013,Printer,Office,West,8,15000,0.15,102000.0,71400.0,30600.0,30.0,2024-06,Tuesday
ORD_03340,2024-06-20,CUST_0497,Monitor,Office,West,6,20000,0.0,120000.0,84000.0,36000.0,30.0,2024-06,Thursday
ORD_03341,2024-02-10,CUST_0004,Printer,Office,West,7,15000,0.0,105000.0,73500.0,31500.0,30.0,2024-02,Saturday
ORD_03342,2024-03-03,CUST_0178,Mouse,Accessories,North,9,800,0.2,5760.0,4031.9999999999995,1728.0000000000005,30.00000000000001,2024-03,Sunday
ORD_03343,2024-01-23,CUST_0234,Keyboard,Electronics,West,7,2000,0.15,11900.0,8330.0,3570.0,30.0,2024-01,Tuesday
ORD_03344,2024-12-25,CUST_0259,Monitor,Accessories,North,3,20000,0.2,48000.0,33600.0,14400.0,30.0,2024-12,Wednesday
ORD_03345,2024-03-15,CUST_0140,Laptop,Office,West,6,60000,0.2,288000.0,201600.0,86400.0,30.0,2024-03,Friday
ORD_03346,2025-07-13,CUST_0065,Laptop,Accessories,South,7,60000,0.05,399000.0,279300.0,119700.0,30.0,2025-07,Sunday
ORD_03347,2025-11-02,CUST_0283,Keyboard,Electronics,North,2,2000,0.2,3200.0,2240.0,960.0,30.0,2025-11,Sunday
ORD_03348,2024-04-27,CUST_0363,Laptop,Office,East,3,60000,0.2,144000.0,100800.0,43200.0,30.0,2024-04,Saturday
ORD_03349,2025-09-03,CUST_0306,Mouse,Electronics,West,4,800,0.05,3040.0,2128.0,912.0,30.0,2025-09,Wednesday
ORD_03350,2025-01-14,CUST_0205,Printer,Electronics,East,6,15000,0.1,81000.0,56700.0,24300.0,30.0,2025-01,Tuesday
ORD_03351,2025-11-09,CUST_0017,Keyboard,Electronics,North,1,2000,0.1,1800.0,1260.0,540.0,30.0,2025-11,Sunday
ORD_03352,2024-10-16,CUST_0200,Monitor,Office,South,9,20000,0.05,171000.0,119699.99999999999,51300.000000000015,30.00000000000001,2024-10,Wednesday
ORD_03353,2025-03-15,CUST_0032,Printer,Accessories,East,5,15000,0.2,60000.0,42000.0,18000.0,30.0,2025-03,Saturday
ORD_03354,2025-10-29,CUST_0212,Laptop,Office,East,7,60000,0.0,420000.0,294000.0,126000.0,30.0,2025-10,Wednesday
ORD_03355,2024-01-07,CUST_0435,Laptop,Office,South,9,60000,0.15,459000.0,321300.0,137700.0,30.0,2024-01,Sunday
ORD_03356,2024-07-14,CUST_0273,Monitor,Accessories,South,9,20000,0.0,180000.0,125999.99999999999,54000.000000000015,30.00000000000001,2024-07,Sunday
ORD_03357,2025-02-24,CUST_0290,Mouse,Accessories,North,1,800,0.0,800.0,560.0,240.0,30.0,2025-02,Monday
ORD_03358,2025-07-21,CUST_0291,Monitor,Accessories,West,1,20000,0.2,16000.0,11200.0,4800.0,30.0,2025-07,Monday
ORD_03359,2024-07-11,CUST_0483,Keyboard,Accessories,East,3,2000,0.15,5100.0,3570.0,1530.0,30.0,2024-07,Thursday
ORD_03360,2025-07-12,CUST_0486,Monitor,Electronics,East,6,20000,0.15,102000.0,71400.0,30600.0,30.0,2025-07,Saturday
ORD_03361,2024-05-27,CUST_0234,Laptop,Office,North,2,60000,0.1,108000.0,75600.0,32400.0,30.0,2024-05,Monday
ORD_03362,2025-10-30,CUST_0408,Mouse,Office,West,1,800,0.05,760.0,532.0,228.0,30.0,2025-10,Thursday
ORD_03363,2024-07-20,CUST_0182,Mouse,Office,North,1,800,0.2,640.0,448.0,192.0,30.0,2024-07,Saturday
ORD_03364,2025-03-19,CUST_0146,Monitor,Accessories,East,5,20000,0.15,85000.0,59499.99999999999,25500.000000000007,30.00000000000001,2025-03,Wednesday
ORD_03365,2025-02-22,CUST_0050,Keyboard,Office,East,4,2000,0.2,6400.0,4480.0,1920.0,30.0,2025-02,Saturday
ORD_03366,2025-03-02,CUST_0430,Laptop,Electronics,South,1,60000,0.1,54000.0,37800.0,16200.0,30.0,2025-03,Sunday
ORD_03367,2025-04-23,CUST_0432,Printer,Office,South,4,15000,0.0,60000.0,42000.0,18000.0,30.0,2025-04,Wednesday
ORD_03368,2025-04-19,CUST_0103,Mouse,Office,West,3,800,0.15,2040.0,1428.0,612.0,30.0,2025-04,Saturday
ORD_03369,2024-05-05,CUST_0033,Monitor,Electronics,East,2,20000,0.1,36000.0,25200.0,10800.0,30.0,2024-05,Sunday
ORD_03370,2025-01-29,CUST_0497,Keyboard,Electronics,East,9,2000,0.2,14400.0,10080.0,4320.0,30.0,2025-01,Wednesday
ORD_03371,2025-07-29,CUST_0471,Keyboard,Office,South,1,2000,0.1,1800.0,1260.0,540.0,30.0,2025-07,Tuesday
ORD_03372,2024-11-20,CUST_0089,Laptop,Accessories,North,7,60000,0.1,378000.0,264600.0,113400.0,30.0,2024-11,Wednesday
ORD_03373,2025-01-26,CUST_0485,Mouse,Accessories,North,4,800,0.1,2880.0,2015.9999999999998,864.0000000000002,30.00000000000001,2025-01,Sunday
ORD_03374,2025-11-18,CUST_0411,Laptop,Office,East,5,60000,0.1,270000.0,189000.0,81000.0,30.0,2025-11,Tuesday
ORD_03375,2025-09-19,CUST_0385,Printer,Office,East,5,15000,0.1,67500.0,47250.0,20250.0,30.0,2025-09,Friday
ORD_03376,2025-03-15,CUST_0341,Printer,Office,West,1,15000,0.1,13500.0,9450.0,4050.0,30.0,2025-03,Saturday
ORD_03377,2024-07-22,CUST_0315,Printer,Office,West,6,15000,0.05,85500.0,59849.99999999999,25650.000000000007,30.00000000000001,2024-07,Monday
ORD_03378,2025-04-30,CUST_0241,Keyboard,Accessories,South,9,2000,0.2,14400.0,10080.0,4320.0,30.0,2025-04,Wednesday
ORD_03379,2024-01-31,CUST_0266,Mouse,Office,East,2,800,0.0,1600.0,1120.0,480.0,30.0,2024-01,Wednesday
ORD_03380,2025-01-22,CUST_0223,Laptop,Electronics,North,7,60000,0.2,336000.0,235199.99999999997,100800.00000000003,30.00000000000001,2025-01,Wednesday
ORD_03381,2025-09-16,CUST_0236,Laptop,Accessories,West,6,60000,0.15,306000.0,214200.0,91800.0,30.0,2025-09,Tuesday
ORD_03382,2025-03-09,CUST_0153,Printer,Accessories,South,5,15000,0.15,63750.0,44625.0,19125.0,30.0,2025-03,Sunday
ORD_03383,2025-01-10,CUST_0468,Mouse,Electronics,South,4,800,0.2,2560.0,1792.0,768.0,30.0,2025-01,Friday
ORD_03384,2024-12-09,CUST_0057,Mouse,Office,North,4,800,0.1,2880.0,2015.9999999999998,864.0000000000002,30.00000000000001,2024-12,Monday
ORD_03385,2025-03-18,CUST_0322,Monitor,Office,West,6,20000,0.05,114000.0,79800.0,34200.0,30.0,2025-03,Tuesday
ORD_03386,2025-08-01,CUST_0375,Mouse,Office,North,4,800,0.0,3200.0,2240.0,960.0,30.0,2025-08,Friday
ORD_03387,2024-03-15,CUST_0112,Mouse,Office,South,5,800,0.1,3600.0,2520.0,1080.0,30.0,2024-03,Friday
ORD_03388,2025-07-10,CUST_0015,Laptop,Office,East,6,60000,0.2,288000.0,201600.0,86400.0,30.0,2025-07,Thursday
ORD_03389,2025-10-27,CUST_0412,Mouse,Electronics,North,5,800,0.2,3200.0,2240.0,960.0,30.0,2025-10,Monday
ORD_03390,2024-06-03,CUST_0269,Mouse,Office,South,7,800,0.05,5320.0,3723.9999999999995,1596.0000000000005,30.00000000000001,2024-06,Monday
ORD_03391,2025-03-05,CUST_0114,Laptop,Electronics,East,9,60000,0.05,513000.0,359100.0,153900.0,30.0,2025-03,Wednesday
ORD_03392,2024-12-28,CUST_0252,Mouse,Electronics,East,7,800,0.2,4480.0,3136.0,1344.0,30.0,2024-12,Saturday
ORD_03393,2025-03-23,CUST_0500,Laptop,Electronics,West,7,60000,0.1,378000.0,264600.0,113400.0,30.0,2025-03,Sunday
ORD_03394,2024-08-21,CUST_0374,Monitor,Office,West,4,20000,0.1,72000.0,50400.0,21600.0,30.0,2024-08,Wednesday
ORD_03395,2025-07-16,CUST_0142,Keyboard,Office,South,1,2000,0.1,1800.0,1260.0,540.0,30.0,2025-07,Wednesday
ORD_03396,2024-09-18,CUST_0114,Laptop,Accessories,North,8,60000,0.0,480000.0,336000.0,144000.0,30.0,2024-09,Wednesday
ORD_03397,2024-05-04,CUST_0450,Laptop,Accessories,East,4,60000,0.0,240000.0,168000.0,72000.0,30.0,2024-05,Saturday
ORD_03398,2024-09-01,CUST_0290,Mouse,Electronics,West,1,800,0.1,720.0,503.99999999999994,216.00000000000006,30.00000000000001,2024-09,Sunday
ORD_03399,2025-06-25,CUST_0483,Laptop,Accessories,West,5,60000,0.2,240000.0,168000.0,72000.0,30.0,2025-06,Wednesday
ORD_03400,2025-04-29,CUST_0357,Printer,Electronics,North,8,15000,0.05,114000.0,79800.0,34200.0,30.0,2025-04,Tuesday
ORD_03401,2024-05-01,CUST_0025,Printer,Accessories,West,4,15000,0.15,51000.0,35700.0,15300.0,30.0,2024-05,Wednesday
ORD_03402,2024-05-04,CUST_0368,Monitor,Office,South,8,20000,0.05,152000.0,106400.0,45600.0,30.0,2024-05,Saturday
ORD_03403,2025-07-02,CUST_0310,Laptop,Office,North,8,60000,0.05,456000.0,319200.0,136800.0,30.0,2025-07,Wednesday
ORD_03404,2024-06-18,CUST_0255,Mouse,Electronics,East,3,800,0.15,2040.0,1428.0,612.0,30.0,2024-06,Tuesday
ORD_03405,2024-05-03,CUST_0463,Mouse,Electronics,South,9,800,0.1,6480.0,4536.0,1944.0,30.0,2024-05,Friday
ORD_03406,2024-02-04,CUST_0268,Keyboard,Office,East,3,2000,0.05,5700.0,3989.9999999999995,1710.0000000000005,30.00000000000001,2024-02,Sunday
ORD_03407,2024-03-27,CUST_0126,Monitor,Office,East,1,20000,0.15,17000.0,11900.0,5100.0,30.0,2024-03,Wednesday
ORD_03408,2025-10-07,CUST_0393,Mouse,Office,West,2,800,0.2,1280.0,896.0,384.0,30.0,2025-10,Tuesday
ORD_03409,2025-12-08,CUST_0250,Keyboard,Accessories,South,6,2000,0.2,9600.0,6720.0,2880.0,30.0,2025-12,Monday
ORD_03410,2024-07-19,CUST_0287,Mouse,Accessories,South,2,800,0.2,1280.0,896.0,384.0,30.0,2024-07,Friday
ORD_03411,2025-01-03,CUST_0334,Keyboard,Accessories,North,6,2000,0.1,10800.0,7559.999999999999,3240.000000000001,30.00000000000001,2025-01,Friday
ORD_03412,2024-03-17,CUST_0477,Printer,Accessories,South,1,15000,0.05,14250.0,9975.0,4275.0,30.0,2024-03,Sunday
ORD_03413,2024-02-28,CUST_0053,Printer,Electronics,North,1,15000,0.05,14250.0,9975.0,4275.0,30.0,2024-02,Wednesday
ORD_03414,2025-03-06,CUST_0368,Mouse,Electronics,South,5,800,0.0,4000.0,2800.0,1200.0,30.0,2025-03,Thursday
ORD_03415,2025-09-29,CUST_0043,Monitor,Accessories,East,9,20000,0.2,144000.0,100800.0,43200.0,30.0,2025-09,Monday
ORD_03416,2025-05-14,CUST_0166,Laptop,Electronics,North,8,60000,0.1,432000.0,302400.0,129600.0,30.0,2025-05,Wednesday
ORD_03417,2024-04-18,CUST_0042,Monitor,Accessories,South,3,20000,0.15,51000.0,35700.0,15300.0,30.0,2024-04,Thursday
ORD_03418,2024-10-04,CUST_0380,Monitor,Accessories,North,3,20000,0.1,54000.0,37800.0,16200.0,30.0,2024-10,Friday
ORD_03419,2024-03-08,CUST_0456,Laptop,Office,West,1,60000,0.05,57000.0,39900.0,17100.0,30.0,2024-03,Friday
ORD_03420,2024-03-09,CUST_0176,Printer,Accessories,West,3,15000,0.2,36000.0,25200.0,10800.0,30.0,2024-03,Saturday
ORD_03421,2024-06-13,CUST_0067,Printer,Electronics,North,1,15000,0.0,15000.0,10500.0,4500.0,30.0,2024-06,Thursday
ORD_03422,2025-05-03,CUST_0066,Laptop,Accessories,North,8,60000,0.1,432000.0,302400.0,129600.0,30.0,2025-05,Saturday
ORD_03423,2024-10-31,CUST_0400,Keyboard,Office,East,1,2000,0.0,2000.0,1400.0,600.0,30.0,2024-10,Thursday
ORD_03424,2025-11-04,CUST_0083,Monitor,Electronics,South,5,20000,0.05,95000.0,66500.0,28500.0,30.0,2025-11,Tuesday
ORD_03425,2024-12-30,CUST_0350,Mouse,Office,West,9,800,0.15,6120.0,4284.0,1836.0,30.0,2024-12,Monday
ORD_03426,2025-01-13,CUST_0105,Printer,Accessories,West,7,15000,0.1,94500.0,66150.0,28350.0,30.0,2025-01,Monday
ORD_03427,2024-12-08,CUST_0400,Mouse,Accessories,South,4,800,0.05,3040.0,2128.0,912.0,30.0,2024-12,Sunday
ORD_03428,2025-07-07,CUST_0287,Laptop,Accessories,West,9,60000,0.2,432000.0,302400.0,129600.0,30.0,2025-07,Monday
ORD_03429,2024-12-19,CUST_0374,Mouse,Accessories,West,9,800,0.1,6480.0,4536.0,1944.0,30.0,2024-12,Thursday
ORD_03430,2025-02-19,CUST_0186,Mouse,Electronics,North,2,800,0.0,1600.0,1120.0,480.0,30.0,2025-02,Wednesday
ORD_03431,2024-04-18,CUST_0284,Monitor,Accessories,West,6,20000,0.1,108000.0,75600.0,32400.0,30.0,2024-04,Thursday
ORD_03432,2025-07-16,CUST_0004,Laptop,Office,West,4,60000,0.05,228000.0,159600.0,68400.0,30.0,2025-07,Wednesday
ORD_03433,2025-05-11,CUST_0138,Mouse,Electronics,West,8,800,0.05,6080.0,4256.0,1824.0,30.0,2025-05,Sunday
ORD_03434,2024-12-06,CUST_0179,Printer,Electronics,South,7,15000,0.0,105000.0,73500.0,31500.0,30.0,2024-12,Friday
ORD_03435,2025-01-17,CUST_0237,Laptop,Electronics,East,7,60000,0.05,399000.0,279300.0,119700.0,30.0,2025-01,Friday
ORD_03436,2025-06-16,CUST_0018,Printer,Office,North,9,15000,0.1,121500.0,85050.0,36450.0,30.0,2025-06,Monday
ORD_03437,2024-10-26,CUST_0303,Keyboard,Office,East,5,2000,0.0,10000.0,7000.0,3000.0,30.0,2024-10,Saturday
ORD_03438,2024-05-18,CUST_0416,Mouse,Office,West,6,800,0.05,4560.0,3192.0,1368.0,30.0,2024-05,Saturday
ORD_03439,2024-12-24,CUST_0414,Laptop,Office,West,1,60000,0.05,57000.0,39900.0,17100.0,30.0,2024-12,Tuesday
ORD_03440,2025-05-13,CUST_0420,Printer,Accessories,West,6,15000,0.1,81000.0,56700.0,24300.0,30.0,2025-05,Tuesday
ORD_03441,2025-01-19,CUST_0009,Mouse,Accessories,East,2,800,0.05,1520.0,1064.0,456.0,30.0,2025-01,Sunday
ORD_03442,2025-08-26,CUST_0420,Monitor,Office,South,6,20000,0.1,108000.0,75600.0,32400.0,30.0,2025-08,Tuesday
ORD_03443,2024-10-06,CUST_0029,Printer,Office,South,9,15000,0.2,108000.0,75600.0,32400.0,30.0,2024-10,Sunday
ORD_03444,2025-09-28,CUST_0144,Printer,Accessories,North,8,15000,0.1,108000.0,75600.0,32400.0,30.0,2025-09,Sunday
ORD_03445,2025-04-27,CUST_0348,Keyboard,Accessories,East,9,2000,0.15,15300.0,10710.0,4590.0,30.0,2025-04,Sunday
ORD_03446,2024-04-20,CUST_0149,Monitor,Office,South,8,20000,0.05,152000.0,106400.0,45600.0,30.0,2024-04,Saturday
ORD_03447,2024-05-18,CUST_0064,Keyboard,Electronics,North,3,2000,0.2,4800.0,3360.0,1440.0,30.0,2024-05,Saturday
ORD_03448,2025-03-10,CUST_0367,Monitor,Electronics,West,8,20000,0.0,160000.0,112000.0,48000.0,30.0,2025-03,Monday
ORD_03449,2025-05-23,CUST_0450,Printer,Office,West,6,15000,0.15,76500.0,53550.0,22950.0,30.0,2025-05,Friday
ORD_03450,2024-09-29,CUST_0380,Keyboard,Electronics,North,6,2000,0.0,12000.0,8400.0,3600.0,30.0,2024-09,Sunday
ORD_03451,2024-04-08,CUST_0187,Mouse,Accessories,South,6,800,0.15,4080.0,2856.0,1224.0,30.0,2024-04,Monday
ORD_03452,2024-04-13,CUST_0366,Monitor,Electronics,East,3,20000,0.2,48000.0,33600.0,14400.0,30.0,2024-04,Saturday
ORD_03453,2024-08-01,CUST_0227,Printer,Office,North,1,15000,0.2,12000.0,8400.0,3600.0,30.0,2024-08,Thursday
ORD_03454,2025-10-25,CUST_0118,Laptop,Electronics,South,4,60000,0.2,192000.0,134400.0,57600.0,30.0,2025-10,Saturday
ORD_03455,2024-06-13,CUST_0412,Monitor,Electronics,North,6,20000,0.15,102000.0,71400.0,30600.0,30.0,2024-06,Thursday
ORD_03456,2025-06-03,CUST_0439,Monitor,Electronics,South,2,20000,0.1,36000.0,25200.0,10800.0,30.0,2025-06,Tuesday
ORD_03457,2024-10-10,CUST_0356,Mouse,Accessories,West,7,800,0.0,5600.0,3919.9999999999995,1680.0000000000005,30.00000000000001,2024-10,Thursday
ORD_03458,2025-05-31,CUST_0254,Monitor,Accessories,North,7,20000,0.1,126000.0,88200.0,37800.0,30.0,2025-05,Saturday
ORD_03459,2025-10-18,CUST_0031,Monitor,Accessories,East,4,20000,0.1,72000.0,50400.0,21600.0,30.0,2025-10,Saturday
ORD_03460,2025-09-04,CUST_0161,Mouse,Office,North,4,800,0.05,3040.0,2128.0,912.0,30.0,2025-09,Thursday
ORD_03461,2024-06-12,CUST_0215,Mouse,Electronics,West,1,800,0.0,800.0,560.0,240.0,30.0,2024-06,Wednesday
ORD_03462,2025-10-20,CUST_0444,Keyboard,Accessories,West,2,2000,0.15,3400.0,2380.0,1020.0,30.0,2025-10,Monday
ORD_03463,2024-03-04,CUST_0169,Printer,Accessories,South,9,15000,0.05,128250.0,89775.0,38475.0,30.0,2024-03,Monday
ORD_03464,2024-03-31,CUST_0081,Printer,Electronics,West,8,15000,0.05,114000.0,79800.0,34200.0,30.0,2024-03,Sunday
ORD_03465,2024-04-26,CUST_0046,Keyboard,Office,South,8,2000,0.2,12800.0,8960.0,3840.0,30.0,2024-04,Friday
ORD_03466,2024-09-23,CUST_0049,Printer,Electronics,West,9,15000,0.15,114750.0,80325.0,34425.0,30.0,2024-09,Monday
ORD_03467,2025-11-15,CUST_0449,Monitor,Office,South,7,20000,0.1,126000.0,88200.0,37800.0,30.0,2025-11,Saturday
ORD_03468,2025-07-12,CUST_0298,Keyboard,Electronics,East,9,2000,0.1,16200.0,11340.0,4860.0,30.0,2025-07,Saturday
ORD_03469,2024-05-19,CUST_0407,Keyboard,Accessories,South,2,2000,0.1,3600.0,2520.0,1080.0,30.0,2024-05,Sunday
ORD_03470,2024-09-02,CUST_0368,Printer,Accessories,South,6,15000,0.2,72000.0,50400.0,21600.0,30.0,2024-09,Monday
ORD_03471,2025-10-22,CUST_0283,Laptop,Accessories,East,3,60000,0.1,162000.0,113400.0,48600.0,30.0,2025-10,Wednesday
ORD_03472,2025-01-29,CUST_0473,Printer,Office,South,6,15000,0.0,90000.0,62999.99999999999,27000.000000000007,30.00000000000001,2025-01,Wednesday
ORD_03473,2025-05-01,CUST_0416,Laptop,Electronics,South,3,60000,0.1,162000.0,113400.0,48600.0,30.0,2025-05,Thursday
ORD_03474,2025-04-20,CUST_0467,Keyboard,Office,East,8,2000,0.1,14400.0,10080.0,4320.0,30.0,2025-04,Sunday
ORD_03475,2025-05-31,CUST_0088,Laptop,Accessories,West,4,60000,0.0,240000.0,168000.0,72000.0,30.0,2025-05,Saturday
ORD_03476,2024-07-02,CUST_0121,Monitor,Office,North,6,20000,0.2,96000.0,67200.0,28800.0,30.0,2024-07,Tuesday
ORD_03477,2024-01-20,CUST_0003,Mouse,Office,South,9,800,0.05,6840.0,4788.0,2052.0,30.0,2024-01,Saturday
ORD_03478,2025-07-11,CUST_0316,Laptop,Office,West,2,60000,0.15,102000.0,71400.0,30600.0,30.0,2025-07,Friday
ORD_03479,2025-06-07,CUST_0460,Mouse,Electronics,North,2,800,0.2,1280.0,896.0,384.0,30.0,2025-06,Saturday
ORD_03480,2025-08-04,CUST_0227,Monitor,Office,East,7,20000,0.1,126000.0,88200.0,37800.0,30.0,2025-08,Monday
ORD_03481,2025-06-12,CUST_0079,Mouse,Office,South,2,800,0.05,1520.0,1064.0,456.0,30.0,2025-06,Thursday
ORD_03482,2024-05-26,CUST_0145,Monitor,Office,South,2,20000,0.15,34000.0,23800.0,10200.0,30.0,2024-05,Sunday
ORD_03483,2025-10-27,CUST_0242,Mouse,Accessories,East,4,800,0.15,2720.0,1903.9999999999998,816.0000000000002,30.00000000000001,2025-10,Monday
ORD_03484,2024-10-30,CUST_0032,Mouse,Accessories,South,9,800,0.15,6120.0,4284.0,1836.0,30.0,2024-10,Wednesday
ORD_03485,2025-09-11,CUST_0263,Printer,Electronics,North,8,15000,0.0,120000.0,84000.0,36000.0,30.0,2025-09,Thursday
ORD_03486,2025-08-04,CUST_0211,Laptop,Accessories,North,2,60000,0.0,120000.0,84000.0,36000.0,30.0,2025-08,Monday
ORD_03487,2025-11-25,CUST_0071,Mouse,Electronics,East,8,800,0.05,6080.0,4256.0,1824.0,30.0,2025-11,Tuesday
ORD_03488,2024-08-15,CUST_0384,Keyboard,Accessories,South,4,2000,0.1,7200.0,5040.0,2160.0,30.0,2024-08,Thursday
ORD_03489,2024-04-11,CUST_0197,Printer,Electronics,West,2,15000,0.05,28500.0,19950.0,8550.0,30.0,2024-04,Thursday
ORD_03490,2025-08-09,CUST_0058,Laptop,Electronics,South,7,60000,0.1,378000.0,264600.0,113400.0,30.0,2025-08,Saturday
ORD_03491,2025-02-20,CUST_0424,Printer,Electronics,East,6,15000,0.2,72000.0,50400.0,21600.0,30.0,2025-02,Thursday
ORD_03492,2024-08-03,CUST_0469,Laptop,Accessories,West,5,60000,0.15,255000.0,178500.0,76500.0,30.0,2024-08,Saturday
ORD_03493,2025-02-10,CUST_0112,Monitor,Office,North,1,20000,0.15,17000.0,11900.0,5100.0,30.0,2025-02,Monday
ORD_03494,2025-02-02,CUST_0048,Mouse,Accessories,North,2,800,0.0,1600.0,1120.0,480.0,30.0,2025-02,Sunday
ORD_03495,2025-12-15,CUST_0435,Keyboard,Office,West,8,2000,0.2,12800.0,8960.0,3840.0,30.0,2025-12,Monday
ORD_03496,2025-12-04,CUST_0185,Printer,Accessories,West,1,15000,0.2,12000.0,8400.0,3600.0,30.0,2025-12,Thursday
ORD_03497,2025-05-13,CUST_0367,Printer,Office,East,3,15000,0.1,40500.0,28350.0,12150.0,30.0,2025-05,Tuesday
ORD_03498,2025-04-09,CUST_0327,Printer,Accessories,South,2,15000,0.2,24000.0,16800.0,7200.0,30.0,2025-04,Wednesday
ORD_03499,2025-11-21,CUST_0165,Printer,Electronics,North,5,15000,0.0,75000.0,52500.0,22500.0,30.0,2025-11,Friday
ORD_03500,2024-03-22,CUST_0215,Mouse,Electronics,South,4,800,0.1,2880.0,2015.9999999999998,864.0000000000002,30.00000000000001,2024-03,Friday
ORD_03501,2025-08-26,CUST_0331,Laptop,Electronics,North,7,60000,0.05,399000.0,279300.0,119700.0,30.0,2025-08,Tuesday
ORD_03502,2025-11-17,CUST_0330,Mouse,Office,South,5,800,0.1,3600.0,2520.0,1080.0,30.0,2025-11,Monday
ORD_03503,2024-12-30,CUST_0121,Monitor,Office,North,8,20000,0.05,152000.0,106400.0,45600.0,30.0,2024-12,Monday
ORD_03504,2024-06-11,CUST_0213,Mouse,Electronics,South,4,800,0.1,2880.0,2015.9999999999998,864.0000000000002,30.00000000000001,2024-06,Tuesday
ORD_03505,2024-02-17,CUST_0311,Mouse,Office,East,6,800,0.15,4080.0,2856.0,1224.0,30.0,2024-02,Saturday
ORD_03506,2025-05-25,CUST_0041,Monitor,Electronics,North,4,20000,0.05,76000.0,53200.0,22800.0,30.0,2025-05,Sunday
ORD_03507,2024-11-24,CUST_0353,Mouse,Accessories,East,2,800,0.0,1600.0,1120.0,480.0,30.0,2024-11,Sunday
ORD_03508,2024-04-25,CUST_0404,Laptop,Office,North,1,60000,0.05,57000.0,39900.0,17100.0,30.0,2024-04,Thursday
ORD_03509,2024-12-02,CUST_0289,Keyboard,Office,North,1,2000,0.05,1900.0,1330.0,570.0,30.0,2024-12,Monday
ORD_03510,2024-05-26,CUST_0168,Monitor,Accessories,North,8,20000,0.1,144000.0,100800.0,43200.0,30.0,2024-05,Sunday
ORD_03511,2025-07-28,CUST_0483,Printer,Office,South,4,15000,0.15,51000.0,35700.0,15300.0,30.0,2025-07,Monday
ORD_03512,2024-11-18,CUST_0034,Laptop,Office,North,5,60000,0.1,270000.0,189000.0,81000.0,30.0,2024-11,Monday
ORD_03513,2025-03-18,CUST_0318,Keyboard,Office,East,8,2000,0.1,14400.0,10080.0,4320.0,30.0,2025-03,Tuesday
ORD_03514,2024-01-13,CUST_0484,Laptop,Accessories,South,7,60000,0.15,357000.0,249899.99999999997,107100.00000000003,30.00000000000001,2024-01,Saturday
ORD_03515,2025-05-08,CUST_0475,Laptop,Electronics,South,8,60000,0.1,432000.0,302400.0,129600.0,30.0,2025-05,Thursday
ORD_03516,2025-12-01,CUST_0275,Printer,Electronics,North,8,15000,0.15,102000.0,71400.0,30600.0,30.0,2025-12,Monday
ORD_03517,2024-10-13,CUST_0427,Keyboard,Accessories,West,6,2000,0.0,12000.0,8400.0,3600.0,30.0,2024-10,Sunday
ORD_03518,2025-12-20,CUST_0197,Laptop,Accessories,South,2,60000,0.15,102000.0,71400.0,30600.0,30.0,2025-12,Saturday
ORD_03519,2024-04-23,CUST_0191,Printer,Accessories,North,6,15000,0.2,72000.0,50400.0,21600.0,30.0,2024-04,Tuesday
ORD_03520,2025-04-24,CUST_0221,Monitor,Electronics,East,1,20000,0.15,17000.0,11900.0,5100.0,30.0,2025-04,Thursday
ORD_03521,2024-01-22,CUST_0010,Printer,Accessories,West,1,15000,0.15,12750.0,8925.0,3825.0,30.0,2024-01,Monday
ORD_03522,2024-12-14,CUST_0120,Mouse,Electronics,South,3,800,0.2,1920.0,1344.0,576.0,30.0,2024-12,Saturday
ORD_03523,2025-12-26,CUST_0123,Printer,Accessories,West,3,15000,0.15,38250.0,26775.0,11475.0,30.0,2025-12,Friday
ORD_03524,2025-11-13,CUST_0247,Printer,Office,South,5,15000,0.05,71250.0,49875.0,21375.0,30.0,2025-11,Thursday
ORD_03525,2025-07-19,CUST_0360,Printer,Electronics,West,1,15000,0.1,13500.0,9450.0,4050.0,30.0,2025-07,Saturday
ORD_03526,2024-11-15,CUST_0397,Laptop,Electronics,West,6,60000,0.1,324000.0,226800.0,97200.0,30.0,2024-11,Friday
ORD_03527,2024-05-05,CUST_0221,Keyboard,Accessories,East,7,2000,0.0,14000.0,9800.0,4200.0,30.0,2024-05,Sunday
ORD_03528,2024-10-03,CUST_0261,Printer,Office,West,3,15000,0.0,45000.0,31499.999999999996,13500.000000000004,30.00000000000001,2024-10,Thursday
ORD_03529,2024-07-22,CUST_0058,Printer,Electronics,East,4,15000,0.2,48000.0,33600.0,14400.0,30.0,2024-07,Monday
ORD_03530,2024-07-12,CUST_0315,Mouse,Accessories,North,3,800,0.05,2280.0,1596.0,684.0,30.0,2024-07,Friday
ORD_03531,2025-11-11,CUST_0460,Mouse,Office,South,1,800,0.0,800.0,560.0,240.0,30.0,2025-11,Tuesday
ORD_03532,2025-10-25,CUST_0128,Monitor,Electronics,East,8,20000,0.1,144000.0,100800.0,43200.0,30.0,2025-10,Saturday
ORD_03533,2025-06-30,CUST_0187,Monitor,Accessories,South,2,20000,0.0,40000.0,28000.0,12000.0,30.0,2025-06,Monday
ORD_03534,2025-11-26,CUST_0205,Mouse,Office,East,1,800,0.0,800.0,560.0,240.0,30.0,2025-11,Wednesday
ORD_03535,2024-10-12,CUST_0086,Keyboard,Electronics,South,8,2000,0.15,13600.0,9520.0,4080.0,30.0,2024-10,Saturday
ORD_03536,2024-02-26,CUST_0104,Monitor,Electronics,East,7,20000,0.0,140000.0,98000.0,42000.0,30.0,2024-02,Monday
ORD_03537,2024-10-29,CUST_0143,Keyboard,Office,South,7,2000,0.2,11200.0,7839.999999999999,3360.000000000001,30.00000000000001,2024-10,Tuesday
ORD_03538,2024-06-11,CUST_0205,Mouse,Accessories,North,4,800,0.1,2880.0,2015.9999999999998,864.0000000000002,30.00000000000001,2024-06,Tuesday
ORD_03539,2024-01-19,CUST_0129,Monitor,Accessories,South,9,20000,0.2,144000.0,100800.0,43200.0,30.0,2024-01,Friday
ORD_03540,2025-01-04,CUST_0246,Printer,Office,North,6,15000,0.2,72000.0,50400.0,21600.0,30.0,2025-01,Saturday
ORD_03541,2024-09-20,CUST_0038,Mouse,Electronics,North,2,800,0.05,1520.0,1064.0,456.0,30.0,2024-09,Friday
ORD_03542,2024-04-22,CUST_0363,Monitor,Office,North,1,20000,0.15,17000.0,11900.0,5100.0,30.0,2024-04,Monday
ORD_03543,2025-05-02,CUST_0109,Keyboard,Office,West,1,2000,0.2,1600.0,1120.0,480.0,30.0,2025-05,Friday
ORD_03544,2024-11-22,CUST_0309,Keyboard,Office,South,9,2000,0.05,17100.0,11970.0,5130.0,30.0,2024-11,Friday
ORD_03545,2025-06-25,CUST_0052,Monitor,Electronics,West,4,20000,0.1,72000.0,50400.0,21600.0,30.0,2025-06,Wednesday
ORD_03546,2025-10-08,CUST_0001,Keyboard,Office,West,5,2000,0.1,9000.0,6300.0,2700.0,30.0,2025-10,Wednesday
ORD_03547,2025-08-01,CUST_0011,Monitor,Office,South,3,20000,0.05,57000.0,39900.0,17100.0,30.0,2025-08,Friday
ORD_03548,2024-03-05,CUST_0314,Monitor,Electronics,North,4,20000,0.2,64000.0,44800.0,19200.0,30.0,2024-03,Tuesday
ORD_03549,2024-10-18,CUST_0235,Keyboard,Electronics,West,8,2000,0.2,12800.0,8960.0,3840.0,30.0,2024-10,Friday
ORD_03550,2024-01-25,CUST_0128,Laptop,Office,West,4,60000,0.15,204000.0,142800.0,61200.0,30.0,2024-01,Thursday
ORD_03551,2025-07-02,CUST_0424,Printer,Accessories,East,9,15000,0.15,114750.0,80325.0,34425.0,30.0,2025-07,Wednesday
ORD_03552,2024-01-01,CUST_0214,Mouse,Office,South,9,800,0.1,6480.0,4536.0,1944.0,30.0,2024-01,Monday
ORD_03553,2025-07-02,CUST_0483,Printer,Electronics,West,6,15000,0.15,76500.0,53550.0,22950.0,30.0,2025-07,Wednesday
ORD_03554,2024-05-20,CUST_0444,Mouse,Electronics,South,2,800,0.05,1520.0,1064.0,456.0,30.0,2024-05,Monday
ORD_03555,2025-10-09,CUST_0243,Mouse,Electronics,South,7,800,0.1,5040.0,3528.0,1512.0,30.0,2025-10,Thursday
ORD_03556,2024-07-06,CUST_0044,Printer,Accessories,West,9,15000,0.2,108000.0,75600.0,32400.0,30.0,2024-07,Saturday
ORD_03557,2024-05-07,CUST_0006,Monitor,Electronics,South,6,20000,0.1,108000.0,75600.0,32400.0,30.0,2024-05,Tuesday
ORD_03558,2024-07-19,CUST_0156,Keyboard,Accessories,North,3,2000,0.0,6000.0,4200.0,1800.0,30.0,2024-07,Friday
ORD_03559,2024-05-06,CUST_0415,Laptop,Electronics,West,7,60000,0.1,378000.0,264600.0,113400.0,30.0,2024-05,Monday
ORD_03560,2024-09-13,CUST_0008,Laptop,Electronics,West,5,60000,0.15,255000.0,178500.0,76500.0,30.0,2024-09,Friday
ORD_03561,2025-11-06,CUST_0005,Laptop,Office,West,1,60000,0.05,57000.0,39900.0,17100.0,30.0,2025-11,Thursday
ORD_03562,2025-06-30,CUST_0362,Printer,Accessories,East,3,15000,0.2,36000.0,25200.0,10800.0,30.0,2025-06,Monday
ORD_03563,2024-07-12,CUST_0182,Printer,Office,East,5,15000,0.2,60000.0,42000.0,18000.0,30.0,2024-07,Friday
ORD_03564,2025-12-03,CUST_0112,Monitor,Accessories,East,7,20000,0.15,119000.0,83300.0,35700.0,30.0,2025-12,Wednesday
ORD_03565,2024-04-13,CUST_0492,Laptop,Electronics,East,3,60000,0.15,153000.0,107100.0,45900.0,30.0,2024-04,Saturday
ORD_03566,2025-06-18,CUST_0273,Monitor,Electronics,West,6,20000,0.15,102000.0,71400.0,30600.0,30.0,2025-06,Wednesday
ORD_03567,2024-09-21,CUST_0422,Laptop,Accessories,North,5,60000,0.0,300000.0,210000.0,90000.0,30.0,2024-09,Saturday
ORD_03568,2025-01-18,CUST_0265,Printer,Office,South,1,15000,0.05,14250.0,9975.0,4275.0,30.0,2025-01,Saturday
ORD_03569,2024-09-16,CUST_0458,Keyboard,Accessories,South,6,2000,0.0,12000.0,8400.0,3600.0,30.0,2024-09,Monday
ORD_03570,2025-02-17,CUST_0212,Keyboard,Accessories,West,8,2000,0.15,13600.0,9520.0,4080.0,30.0,2025-02,Monday
ORD_03571,2024-12-23,CUST_0078,Keyboard,Accessories,North,1,2000,0.05,1900.0,1330.0,570.0,30.0,2024-12,Monday
ORD_03572,2024-03-15,CUST_0270,Keyboard,Electronics,South,2,2000,0.15,3400.0,2380.0,1020.0,30.0,2024-03,Friday
ORD_03573,2024-12-20,CUST_0154,Mouse,Accessories,North,4,800,0.05,3040.0,2128.0,912.0,30.0,2024-12,Friday
ORD_03574,2025-08-06,CUST_0221,Laptop,Electronics,West,2,60000,0.2,96000.0,67200.0,28800.0,30.0,2025-08,Wednesday
ORD_03575,2024-07-06,CUST_0369,Keyboard,Office,East,9,2000,0.0,18000.0,12600.0,5400.0,30.0,2024-07,Saturday
ORD_03576,2025-11-15,CUST_0446,Mouse,Electronics,North,8,800,0.15,5440.0,3807.9999999999995,1632.0000000000005,30.00000000000001,2025-11,Saturday
ORD_03577,2024-10-16,CUST_0347,Mouse,Office,South,8,800,0.15,5440.0,3807.9999999999995,1632.0000000000005,30.00000000000001,2024-10,Wednesday
ORD_03578,2024-02-14,CUST_0025,Mouse,Office,South,4,800,0.1,2880.0,2015.9999999999998,864.0000000000002,30.00000000000001,2024-02,Wednesday
ORD_03579,2025-07-26,CUST_0464,Monitor,Office,South,5,20000,0.2,80000.0,56000.0,24000.0,30.0,2025-07,Saturday
ORD_03580,2024-03-23,CUST_0420,Monitor,Electronics,East,4,20000,0.15,68000.0,47600.0,20400.0,30.0,2024-03,Saturday
ORD_03581,2024-05-02,CUST_0354,Mouse,Accessories,North,9,800,0.0,7200.0,5040.0,2160.0,30.0,2024-05,Thursday
ORD_03582,2024-12-23,CUST_0208,Keyboard,Electronics,North,2,2000,0.2,3200.0,2240.0,960.0,30.0,2024-12,Monday
ORD_03583,2025-06-11,CUST_0417,Laptop,Office,South,8,60000,0.15,408000.0,285600.0,122400.0,30.0,2025-06,Wednesday
ORD_03584,2024-03-06,CUST_0003,Printer,Accessories,North,2,15000,0.0,30000.0,21000.0,9000.0,30.0,2024-03,Wednesday
ORD_03585,2025-10-18,CUST_0215,Monitor,Electronics,South,1,20000,0.1,18000.0,12600.0,5400.0,30.0,2025-10,Saturday
ORD_03586,2025-01-09,CUST_0395,Keyboard,Office,North,3,2000,0.1,5400.0,3779.9999999999995,1620.0000000000005,30.00000000000001,2025-01,Thursday
ORD_03587,2024-06-10,CUST_0112,Keyboard,Office,East,9,2000,0.0,18000.0,12600.0,5400.0,30.0,2024-06,Monday
ORD_03588,2025-01-14,CUST_0442,Printer,Accessories,East,3,15000,0.2,36000.0,25200.0,10800.0,30.0,2025-01,Tuesday
ORD_03589,2025-10-17,CUST_0192,Printer,Electronics,West,9,15000,0.0,135000.0,94500.0,40500.0,30.0,2025-10,Friday
ORD_03590,2024-12-23,CUST_0402,Keyboard,Accessories,West,7,2000,0.0,14000.0,9800.0,4200.0,30.0,2024-12,Monday
ORD_03591,2024-07-06,CUST_0047,Printer,Accessories,West,1,15000,0.1,13500.0,9450.0,4050.0,30.0,2024-07,Saturday
ORD_03592,2024-11-17,CUST_0489,Keyboard,Accessories,North,5,2000,0.1,9000.0,6300.0,2700.0,30.0,2024-11,Sunday
ORD_03593,2025-03-25,CUST_0428,Printer,Accessories,East,9,15000,0.1,121500.0,85050.0,36450.0,30.0,2025-03,Tuesday
ORD_03594,2025-04-18,CUST_0221,Printer,Electronics,East,3,15000,0.15,38250.0,26775.0,11475.0,30.0,2025-04,Friday
ORD_03595,2024-01-13,CUST_0187,Keyboard,Accessories,East,9,2000,0.15,15300.0,10710.0,4590.0,30.0,2024-01,Saturday
ORD_03596,2024-07-02,CUST_0050,Mouse,Office,South,5,800,0.05,3800.0,2660.0,1140.0,30.0,2024-07,Tuesday
ORD_03597,2024-04-20,CUST_0197,Keyboard,Office,North,9,2000,0.15,15300.0,10710.0,4590.0,30.0,2024-04,Saturday
ORD_03598,2025-05-22,CUST_0216,Laptop,Office,North,6,60000,0.2,288000.0,201600.0,86400.0,30.0,2025-05,Thursday
ORD_03599,2024-10-16,CUST_0413,Printer,Accessories,West,9,15000,0.2,108000.0,75600.0,32400.0,30.0,2024-10,Wednesday
ORD_03600,2024-10-21,CUST_0221,Monitor,Office,South,7,20000,0.1,126000.0,88200.0,37800.0,30.0,2024-10,Monday
ORD_03601,2025-03-26,CUST_0380,Printer,Electronics,South,7,15000,0.0,105000.0,73500.0,31500.0,30.0,2025-03,Wednesday
ORD_03602,2024-08-02,CUST_0090,Laptop,Accessories,East,8,60000,0.1,432000.0,302400.0,129600.0,30.0,2024-08,Friday
ORD_03603,2025-09-23,CUST_0232,Monitor,Accessories,West,7,20000,0.0,140000.0,98000.0,42000.0,30.0,2025-09,Tuesday
ORD_03604,2025-07-20,CUST_0323,Monitor,Accessories,North,9,20000,0.1,162000.0,113400.0,48600.0,30.0,2025-07,Sunday
ORD_03605,2024-01-27,CUST_0258,Keyboard,Electronics,South,9,2000,0.1,16200.0,11340.0,4860.0,30.0,2024-01,Saturday
ORD_03606,2025-09-21,CUST_0153,Mouse,Accessories,East,6,800,0.2,3840.0,2688.0,1152.0,30.0,2025-09,Sunday
ORD_03607,2024-08-18,CUST_0256,Keyboard,Accessories,North,7,2000,0.0,14000.0,9800.0,4200.0,30.0,2024-08,Sunday
ORD_03608,2025-07-18,CUST_0403,Monitor,Office,East,2,20000,0.05,38000.0,26600.0,11400.0,30.0,2025-07,Friday
ORD_03609,2024-11-16,CUST_0424,Monitor,Office,North,9,20000,0.05,171000.0,119699.99999999999,51300.000000000015,30.00000000000001,2024-11,Saturday
ORD_03610,2024-08-20,CUST_0258,Mouse,Accessories,East,1,800,0.1,720.0,503.99999999999994,216.00000000000006,30.00000000000001,2024-08,Tuesday
ORD_03611,2025-10-31,CUST_0467,Printer,Electronics,North,1,15000,0.1,13500.0,9450.0,4050.0,30.0,2025-10,Friday
ORD_03612,2025-03-12,CUST_0065,Mouse,Office,West,3,800,0.2,1920.0,1344.0,576.0,30.0,2025-03,Wednesday
ORD_03613,2025-06-16,CUST_0190,Keyboard,Accessories,North,6,2000,0.0,12000.0,8400.0,3600.0,30.0,2025-06,Monday
ORD_03614,2025-02-06,CUST_0091,Printer,Office,North,5,15000,0.1,67500.0,47250.0,20250.0,30.0,2025-02,Thursday
ORD_03615,2024-02-22,CUST_0438,Keyboard,Office,North,2,2000,0.05,3800.0,2660.0,1140.0,30.0,2024-02,Thursday
ORD_03616,2024-11-08,CUST_0173,Mouse,Electronics,East,9,800,0.0,7200.0,5040.0,2160.0,30.0,2024-11,Friday
ORD_03617,2024-10-07,CUST_0247,Printer,Accessories,South,4,15000,0.1,54000.0,37800.0,16200.0,30.0,2024-10,Monday
ORD_03618,2025-12-26,CUST_0256,Mouse,Office,North,4,800,0.0,3200.0,2240.0,960.0,30.0,2025-12,Friday
ORD_03619,2024-01-31,CUST_0116,Laptop,Accessories,North,5,60000,0.2,240000.0,168000.0,72000.0,30.0,2024-01,Wednesday
ORD_03620,2024-12-02,CUST_0049,Monitor,Electronics,West,8,20000,0.05,152000.0,106400.0,45600.0,30.0,2024-12,Monday
ORD_03621,2024-07-01,CUST_0227,Printer,Electronics,North,4,15000,0.0,60000.0,42000.0,18000.0,30.0,2024-07,Monday
ORD_03622,2024-01-23,CUST_0489,Monitor,Office,West,5,20000,0.05,95000.0,66500.0,28500.0,30.0,2024-01,Tuesday
ORD_03623,2025-06-27,CUST_0069,Laptop,Electronics,North,4,60000,0.1,216000.0,151200.0,64800.0,30.0,2025-06,Friday
ORD_03624,2025-03-21,CUST_0422,Printer,Office,East,6,15000,0.15,76500.0,53550.0,22950.0,30.0,2025-03,Friday
ORD_03625,2024-03-14,CUST_0388,Monitor,Accessories,South,3,20000,0.0,60000.0,42000.0,18000.0,30.0,2024-03,Thursday
ORD_03626,2024-01-10,CUST_0401,Monitor,Office,South,8,20000,0.05,152000.0,106400.0,45600.0,30.0,2024-01,Wednesday
ORD_03627,2025-04-28,CUST_0126,Printer,Office,South,6,15000,0.0,90000.0,62999.99999999999,27000.000000000007,30.00000000000001,2025-04,Monday
ORD_03628,2025-03-31,CUST_0437,Monitor,Electronics,East,5,20000,0.1,90000.0,62999.99999999999,27000.000000000007,30.00000000000001,2025-03,Monday
ORD_03629,2025-07-19,CUST_0213,Monitor,Accessories,West,2,20000,0.1,36000.0,25200.0,10800.0,30.0,2025-07,Saturday
ORD_03630,2025-07-17,CUST_0053,Printer,Accessories,South,7,15000,0.05,99750.0,69825.0,29925.0,30.0,2025-07,Thursday
ORD_03631,2025-10-21,CUST_0112,Monitor,Office,East,2,20000,0.2,32000.0,22400.0,9600.0,30.0,2025-10,Tuesday
ORD_03632,2024-06-08,CUST_0159,Monitor,Accessories,East,1,20000,0.0,20000.0,14000.0,6000.0,30.0,2024-06,Saturday
ORD_03633,2024-01-14,CUST_0240,Keyboard,Accessories,North,7,2000,0.0,14000.0,9800.0,4200.0,30.0,2024-01,Sunday
ORD_03634,2024-06-26,CUST_0150,Keyboard,Office,West,5,2000,0.1,9000.0,6300.0,2700.0,30.0,2024-06,Wednesday
ORD_03635,2025-02-15,CUST_0139,Laptop,Office,East,1,60000,0.0,60000.0,42000.0,18000.0,30.0,2025-02,Saturday
ORD_03636,2024-02-22,CUST_0418,Keyboard,Accessories,West,4,2000,0.05,7600.0,5320.0,2280.0,30.0,2024-02,Thursday
ORD_03637,2025-02-11,CUST_0113,Keyboard,Office,South,4,2000,0.15,6800.0,4760.0,2040.0,30.0,2025-02,Tuesday
ORD_03638,2024-01-22,CUST_0143,Laptop,Electronics,South,7,60000,0.1,378000.0,264600.0,113400.0,30.0,2024-01,Monday
ORD_03639,2024-01-30,CUST_0370,Monitor,Accessories,South,9,20000,0.15,153000.0,107100.0,45900.0,30.0,2024-01,Tuesday
ORD_03640,2025-12-03,CUST_0138,Monitor,Office,North,2,20000,0.0,40000.0,28000.0,12000.0,30.0,2025-12,Wednesday
ORD_03641,2024-09-16,CUST_0486,Keyboard,Accessories,North,1,2000,0.2,1600.0,1120.0,480.0,30.0,2024-09,Monday
ORD_03642,2024-07-23,CUST_0480,Laptop,Accessories,West,2,60000,0.05,114000.0,79800.0,34200.0,30.0,2024-07,Tuesday
ORD_03643,2024-02-28,CUST_0437,Monitor,Electronics,West,7,20000,0.0,140000.0,98000.0,42000.0,30.0,2024-02,Wednesday
ORD_03644,2025-04-15,CUST_0304,Mouse,Electronics,North,6,800,0.05,4560.0,3192.0,1368.0,30.0,2025-04,Tuesday
ORD_03645,2025-04-10,CUST_0031,Printer,Accessories,East,4,15000,0.0,60000.0,42000.0,18000.0,30.0,2025-04,Thursday
ORD_03646,2024-01-12,CUST_0293,Printer,Electronics,West,1,15000,0.0,15000.0,10500.0,4500.0,30.0,2024-01,Friday
ORD_03647,2025-09-22,CUST_0108,Printer,Office,West,1,15000,0.0,15000.0,10500.0,4500.0,30.0,2025-09,Monday
ORD_03648,2024-10-16,CUST_0284,Keyboard,Accessories,South,5,2000,0.1,9000.0,6300.0,2700.0,30.0,2024-10,Wednesday
ORD_03649,2024-12-19,CUST_0159,Printer,Electronics,West,1,15000,0.15,12750.0,8925.0,3825.0,30.0,2024-12,Thursday
ORD_03650,2025-09-30,CUST_0326,Printer,Accessories,West,7,15000,0.2,84000.0,58799.99999999999,25200.000000000007,30.00000000000001,2025-09,Tuesday
ORD_03651,2024-03-15,CUST_0014,Mouse,Accessories,East,1,800,0.15,680.0,475.99999999999994,204.00000000000006,30.00000000000001,2024-03,Friday
ORD_03652,2025-12-16,CUST_0122,Monitor,Office,West,1,20000,0.15,17000.0,11900.0,5100.0,30.0,2025-12,Tuesday
ORD_03653,2025-07-14,CUST_0215,Mouse,Office,East,2,800,0.05,1520.0,1064.0,456.0,30.0,2025-07,Monday
ORD_03654,2025-08-13,CUST_0272,Keyboard,Office,South,3,2000,0.1,5400.0,3779.9999999999995,1620.0000000000005,30.00000000000001,2025-08,Wednesday
ORD_03655,2025-03-16,CUST_0025,Printer,Electronics,North,1,15000,0.1,13500.0,9450.0,4050.0,30.0,2025-03,Sunday
ORD_03656,2024-08-28,CUST_0423,Monitor,Electronics,South,9,20000,0.0,180000.0,125999.99999999999,54000.000000000015,30.00000000000001,2024-08,Wednesday
ORD_03657,2024-06-02,CUST_0322,Printer,Electronics,East,8,15000,0.15,102000.0,71400.0,30600.0,30.0,2024-06,Sunday
ORD_03658,2024-04-05,CUST_0294,Printer,Office,East,5,15000,0.2,60000.0,42000.0,18000.0,30.0,2024-04,Friday
ORD_03659,2025-12-26,CUST_0169,Keyboard,Accessories,West,2,2000,0.05,3800.0,2660.0,1140.0,30.0,2025-12,Friday
ORD_03660,2024-10-20,CUST_0103,Printer,Office,West,5,15000,0.1,67500.0,47250.0,20250.0,30.0,2024-10,Sunday
ORD_03661,2024-07-27,CUST_0354,Laptop,Electronics,North,6,60000,0.0,360000.0,251999.99999999997,108000.00000000003,30.00000000000001,2024-07,Saturday
ORD_03662,2024-12-08,CUST_0371,Monitor,Electronics,East,1,20000,0.2,16000.0,11200.0,4800.0,30.0,2024-12,Sunday
ORD_03663,2024-03-28,CUST_0040,Monitor,Electronics,East,4,20000,0.15,68000.0,47600.0,20400.0,30.0,2024-03,Thursday
ORD_03664,2025-01-24,CUST_0235,Laptop,Office,South,9,60000,0.2,432000.0,302400.0,129600.0,30.0,2025-01,Friday
ORD_03665,2024-11-20,CUST_0320,Keyboard,Electronics,North,2,2000,0.1,3600.0,2520.0,1080.0,30.0,2024-11,Wednesday
ORD_03666,2024-06-05,CUST_0089,Printer,Office,South,5,15000,0.05,71250.0,49875.0,21375.0,30.0,2024-06,Wednesday
ORD_03667,2025-10-29,CUST_0100,Printer,Accessories,West,1,15000,0.15,12750.0,8925.0,3825.0,30.0,2025-10,Wednesday
ORD_03668,2025-10-12,CUST_0144,Monitor,Office,West,4,20000,0.05,76000.0,53200.0,22800.0,30.0,2025-10,Sunday
ORD_03669,2025-09-24,CUST_0082,Keyboard,Electronics,South,4,2000,0.2,6400.0,4480.0,1920.0,30.0,2025-09,Wednesday
ORD_03670,2025-07-30,CUST_0077,Keyboard,Accessories,West,6,2000,0.2,9600.0,6720.0,2880.0,30.0,2025-07,Wednesday
ORD_03671,2025-09-10,CUST_0059,Keyboard,Electronics,South,9,2000,0.0,18000.0,12600.0,5400.0,30.0,2025-09,Wednesday
ORD_03672,2025-10-20,CUST_0229,Printer,Accessories,East,3,15000,0.15,38250.0,26775.0,11475.0,30.0,2025-10,Monday
ORD_03673,2024-05-16,CUST_0091,Keyboard,Electronics,East,9,2000,0.2,14400.0,10080.0,4320.0,30.0,2024-05,Thursday
ORD_03674,2025-11-04,CUST_0354,Laptop,Office,West,6,60000,0.1,324000.0,226800.0,97200.0,30.0,2025-11,Tuesday
ORD_03675,2025-03-03,CUST_0395,Mouse,Electronics,North,7,800,0.1,5040.0,3528.0,1512.0,30.0,2025-03,Monday
ORD_03676,2025-03-27,CUST_0001,Keyboard,Office,East,2,2000,0.05,3800.0,2660.0,1140.0,30.0,2025-03,Thursday
ORD_03677,2025-09-03,CUST_0269,Mouse,Office,West,6,800,0.1,4320.0,3024.0,1296.0,30.0,2025-09,Wednesday
ORD_03678,2024-05-20,CUST_0286,Printer,Accessories,North,6,15000,0.2,72000.0,50400.0,21600.0,30.0,2024-05,Monday
ORD_03679,2024-03-23,CUST_0197,Keyboard,Office,West,2,2000,0.1,3600.0,2520.0,1080.0,30.0,2024-03,Saturday
ORD_03680,2024-06-25,CUST_0274,Monitor,Office,South,2,20000,0.15,34000.0,23800.0,10200.0,30.0,2024-06,Tuesday
ORD_03681,2024-07-16,CUST_0078,Printer,Office,West,2,15000,0.05,28500.0,19950.0,8550.0,30.0,2024-07,Tuesday
ORD_03682,2025-09-15,CUST_0141,Laptop,Accessories,South,1,60000,0.15,51000.0,35700.0,15300.0,30.0,2025-09,Monday
ORD_03683,2025-07-21,CUST_0288,Laptop,Electronics,East,5,60000,0.2,240000.0,168000.0,72000.0,30.0,2025-07,Monday
ORD_03684,2025-11-21,CUST_0071,Mouse,Electronics,East,8,800,0.2,5120.0,3584.0,1536.0,30.0,2025-11,Friday
ORD_03685,2025-02-24,CUST_0456,Mouse,Office,West,2,800,0.1,1440.0,1007.9999999999999,432.0000000000001,30.00000000000001,2025-02,Monday
ORD_03686,2025-02-04,CUST_0050,Monitor,Office,North,5,20000,0.0,100000.0,70000.0,30000.0,30.0,2025-02,Tuesday
ORD_03687,2025-11-28,CUST_0455,Monitor,Electronics,West,8,20000,0.0,160000.0,112000.0,48000.0,30.0,2025-11,Friday
ORD_03688,2025-04-15,CUST_0372,Laptop,Office,West,5,60000,0.2,240000.0,168000.0,72000.0,30.0,2025-04,Tuesday
ORD_03689,2024-08-05,CUST_0369,Keyboard,Electronics,East,2,2000,0.2,3200.0,2240.0,960.0,30.0,2024-08,Monday
ORD_03690,2025-12-29,CUST_0080,Laptop,Accessories,East,3,60000,0.05,171000.0,119699.99999999999,51300.000000000015,30.00000000000001,2025-12,Monday
ORD_03691,2025-09-23,CUST_0235,Laptop,Office,West,6,60000,0.2,288000.0,201600.0,86400.0,30.0,2025-09,Tuesday
ORD_03692,2024-06-23,CUST_0287,Monitor,Office,East,5,20000,0.2,80000.0,56000.0,24000.0,30.0,2024-06,Sunday
ORD_03693,2024-01-23,CUST_0307,Mouse,Electronics,South,4,800,0.05,3040.0,2128.0,912.0,30.0,2024-01,Tuesday
ORD_03694,2025-12-25,CUST_0155,Monitor,Electronics,West,4,20000,0.15,68000.0,47600.0,20400.0,30.0,2025-12,Thursday
ORD_03695,2024-08-22,CUST_0060,Monitor,Accessories,East,5,20000,0.15,85000.0,59499.99999999999,25500.000000000007,30.00000000000001,2024-08,Thursday
ORD_03696,2024-01-13,CUST_0033,Monitor,Office,West,2,20000,0.05,38000.0,26600.0,11400.0,30.0,2024-01,Saturday
ORD_03697,2024-04-10,CUST_0437,Laptop,Electronics,East,9,60000,0.05,513000.0,359100.0,153900.0,30.0,2024-04,Wednesday
ORD_03698,2025-06-19,CUST_0127,Keyboard,Accessories,South,2,2000,0.15,3400.0,2380.0,1020.0,30.0,2025-06,Thursday
ORD_03699,2025-06-06,CUST_0221,Laptop,Electronics,South,2,60000,0.15,102000.0,71400.0,30600.0,30.0,2025-06,Friday
ORD_03700,2025-03-27,CUST_0200,Printer,Electronics,West,9,15000,0.15,114750.0,80325.0,34425.0,30.0,2025-03,Thursday
ORD_03701,2025-03-06,CUST_0417,Monitor,Accessories,South,3,20000,0.15,51000.0,35700.0,15300.0,30.0,2025-03,Thursday
ORD_03702,2025-08-28,CUST_0126,Monitor,Accessories,South,7,20000,0.1,126000.0,88200.0,37800.0,30.0,2025-08,Thursday
ORD_03703,2025-12-13,CUST_0041,Printer,Accessories,East,4,15000,0.05,57000.0,39900.0,17100.0,30.0,2025-12,Saturday
ORD_03704,2025-06-16,CUST_0275,Monitor,Accessories,West,6,20000,0.0,120000.0,84000.0,36000.0,30.0,2025-06,Monday
ORD_03705,2025-12-23,CUST_0469,Monitor,Accessories,East,4,20000,0.1,72000.0,50400.0,21600.0,30.0,2025-12,Tuesday
ORD_03706,2025-10-13,CUST_0297,Monitor,Accessories,East,7,20000,0.0,140000.0,98000.0,42000.0,30.0,2025-10,Monday
ORD_03707,2024-10-19,CUST_0085,Printer,Office,North,1,15000,0.0,15000.0,10500.0,4500.0,30.0,2024-10,Saturday
ORD_03708,2024-04-10,CUST_0089,Laptop,Accessories,South,3,60000,0.2,144000.0,100800.0,43200.0,30.0,2024-04,Wednesday
ORD_03709,2025-05-16,CUST_0042,Monitor,Office,East,3,20000,0.05,57000.0,39900.0,17100.0,30.0,2025-05,Friday
ORD_03710,2024-10-30,CUST_0120,Keyboard,Electronics,East,1,2000,0.1,1800.0,1260.0,540.0,30.0,2024-10,Wednesday
ORD_03711,2025-06-23,CUST_0279,Printer,Electronics,East,6,15000,0.05,85500.0,59849.99999999999,25650.000000000007,30.00000000000001,2025-06,Monday
ORD_03712,2025-07-06,CUST_0459,Mouse,Accessories,South,9,800,0.15,6120.0,4284.0,1836.0,30.0,2025-07,Sunday
ORD_03713,2024-12-20,CUST_0033,Printer,Electronics,South,8,15000,0.05,114000.0,79800.0,34200.0,30.0,2024-12,Friday
ORD_03714,2024-10-29,CUST_0276,Laptop,Accessories,South,7,60000,0.0,420000.0,294000.0,126000.0,30.0,2024-10,Tuesday
ORD_03715,2025-05-10,CUST_0153,Printer,Accessories,West,8,15000,0.15,102000.0,71400.0,30600.0,30.0,2025-05,Saturday
ORD_03716,2025-10-19,CUST_0090,Mouse,Office,East,6,800,0.05,4560.0,3192.0,1368.0,30.0,2025-10,Sunday
ORD_03717,2024-08-14,CUST_0104,Keyboard,Electronics,South,9,2000,0.05,17100.0,11970.0,5130.0,30.0,2024-08,Wednesday
ORD_03718,2024-08-23,CUST_0436,Mouse,Accessories,East,3,800,0.0,2400.0,1680.0,720.0,30.0,2024-08,Friday
ORD_03719,2025-03-30,CUST_0012,Printer,Electronics,West,9,15000,0.15,114750.0,80325.0,34425.0,30.0,2025-03,Sunday
ORD_03720,2024-01-13,CUST_0160,Mouse,Office,North,4,800,0.0,3200.0,2240.0,960.0,30.0,2024-01,Saturday
ORD_03721,2024-07-28,CUST_0417,Printer,Electronics,West,7,15000,0.05,99750.0,69825.0,29925.0,30.0,2024-07,Sunday
ORD_03722,2025-01-31,CUST_0458,Keyboard,Office,South,9,2000,0.1,16200.0,11340.0,4860.0,30.0,2025-01,Friday
ORD_03723,2024-04-09,CUST_0196,Keyboard,Office,South,2,2000,0.1,3600.0,2520.0,1080.0,30.0,2024-04,Tuesday
ORD_03724,2024-01-31,CUST_0399,Laptop,Office,West,2,60000,0.2,96000.0,67200.0,28800.0,30.0,2024-01,Wednesday
ORD_03725,2025-06-11,CUST_0307,Keyboard,Accessories,East,9,2000,0.1,16200.0,11340.0,4860.0,30.0,2025-06,Wednesday
ORD_03726,2025-10-10,CUST_0262,Monitor,Accessories,South,3,20000,0.15,51000.0,35700.0,15300.0,30.0,2025-10,Friday
ORD_03727,2024-11-24,CUST_0091,Mouse,Electronics,South,9,800,0.2,5760.0,4031.9999999999995,1728.0000000000005,30.00000000000001,2024-11,Sunday
ORD_03728,2024-06-14,CUST_0197,Mouse,Accessories,West,5,800,0.15,3400.0,2380.0,1020.0,30.0,2024-06,Friday
ORD_03729,2025-04-03,CUST_0069,Printer,Accessories,East,6,15000,0.1,81000.0,56700.0,24300.0,30.0,2025-04,Thursday
ORD_03730,2024-04-09,CUST_0466,Keyboard,Electronics,West,2,2000,0.1,3600.0,2520.0,1080.0,30.0,2024-04,Tuesday
ORD_03731,2025-09-12,CUST_0220,Laptop,Office,West,8,60000,0.05,456000.0,319200.0,136800.0,30.0,2025-09,Friday
ORD_03732,2024-06-21,CUST_0419,Laptop,Office,East,9,60000,0.15,459000.0,321300.0,137700.0,30.0,2024-06,Friday
ORD_03733,2024-06-10,CUST_0379,Laptop,Electronics,East,2,60000,0.0,120000.0,84000.0,36000.0,30.0,2024-06,Monday
ORD_03734,2025-12-28,CUST_0214,Monitor,Accessories,North,6,20000,0.05,114000.0,79800.0,34200.0,30.0,2025-12,Sunday
ORD_03735,2024-09-19,CUST_0418,Keyboard,Electronics,West,6,2000,0.15,10200.0,7140.0,3060.0,30.0,2024-09,Thursday
ORD_03736,2024-09-30,CUST_0447,Laptop,Electronics,East,8,60000,0.2,384000.0,268800.0,115200.0,30.0,2024-09,Monday
ORD_03737,2024-01-03,CUST_0452,Monitor,Accessories,South,5,20000,0.15,85000.0,59499.99999999999,25500.000000000007,30.00000000000001,2024-01,Wednesday
ORD_03738,2024-01-28,CUST_0146,Mouse,Electronics,North,9,800,0.2,5760.0,4031.9999999999995,1728.0000000000005,30.00000000000001,2024-01,Sunday
ORD_03739,2024-11-21,CUST_0233,Printer,Accessories,West,1,15000,0.2,12000.0,8400.0,3600.0,30.0,2024-11,Thursday
ORD_03740,2024-05-28,CUST_0371,Keyboard,Accessories,East,9,2000,0.1,16200.0,11340.0,4860.0,30.0,2024-05,Tuesday
ORD_03741,2025-06-23,CUST_0410,Keyboard,Electronics,North,7,2000,0.0,14000.0,9800.0,4200.0,30.0,2025-06,Monday
ORD_03742,2025-05-02,CUST_0234,Mouse,Office,North,4,800,0.15,2720.0,1903.9999999999998,816.0000000000002,30.00000000000001,2025-05,Friday
ORD_03743,2025-03-13,CUST_0214,Keyboard,Accessories,South,3,2000,0.0,6000.0,4200.0,1800.0,30.0,2025-03,Thursday
ORD_03744,2024-03-05,CUST_0367,Keyboard,Office,North,6,2000,0.2,9600.0,6720.0,2880.0,30.0,2024-03,Tuesday
ORD_03745,2024-12-21,CUST_0481,Keyboard,Accessories,West,1,2000,0.1,1800.0,1260.0,540.0,30.0,2024-12,Saturday
ORD_03746,2025-06-16,CUST_0061,Keyboard,Office,East,3,2000,0.0,6000.0,4200.0,1800.0,30.0,2025-06,Monday
ORD_03747,2024-09-08,CUST_0363,Monitor,Electronics,North,2,20000,0.05,38000.0,26600.0,11400.0,30.0,2024-09,Sunday
ORD_03748,2024-08-22,CUST_0078,Monitor,Accessories,North,9,20000,0.2,144000.0,100800.0,43200.0,30.0,2024-08,Thursday
ORD_03749,2024-08-14,CUST_0095,Printer,Electronics,West,3,15000,0.05,42750.0,29924.999999999996,12825.000000000004,30.00000000000001,2024-08,Wednesday
ORD_03750,2025-06-08,CUST_0330,Keyboard,Electronics,South,2,2000,0.0,4000.0,2800.0,1200.0,30.0,2025-06,Sunday
ORD_03751,2024-11-08,CUST_0499,Mouse,Electronics,South,4,800,0.0,3200.0,2240.0,960.0,30.0,2024-11,Friday
ORD_03752,2024-02-18,CUST_0216,Laptop,Accessories,East,2,60000,0.0,120000.0,84000.0,36000.0,30.0,2024-02,Sunday
ORD_03753,2024-04-27,CUST_0213,Printer,Electronics,West,1,15000,0.15,12750.0,8925.0,3825.0,30.0,2024-04,Saturday
ORD_03754,2024-02-23,CUST_0304,Laptop,Electronics,South,6,60000,0.2,288000.0,201600.0,86400.0,30.0,2024-02,Friday
ORD_03755,2025-10-11,CUST_0200,Laptop,Accessories,East,8,60000,0.2,384000.0,268800.0,115200.0,30.0,2025-10,Saturday
ORD_03756,2025-07-18,CUST_0352,Keyboard,Electronics,East,2,2000,0.2,3200.0,2240.0,960.0,30.0,2025-07,Friday
ORD_03757,2024-02-13,CUST_0031,Mouse,Accessories,South,9,800,0.15,6120.0,4284.0,1836.0,30.0,2024-02,Tuesday
ORD_03758,2024-02-22,CUST_0290,Laptop,Electronics,West,3,60000,0.0,180000.0,125999.99999999999,54000.000000000015,30.00000000000001,2024-02,Thursday
ORD_03759,2025-08-08,CUST_0343,Laptop,Office,North,8,60000,0.0,480000.0,336000.0,144000.0,30.0,2025-08,Friday
ORD_03760,2025-07-11,CUST_0473,Printer,Electronics,South,8,15000,0.05,114000.0,79800.0,34200.0,30.0,2025-07,Friday
ORD_03761,2025-06-08,CUST_0135,Mouse,Office,North,3,800,0.15,2040.0,1428.0,612.0,30.0,2025-06,Sunday
ORD_03762,2025-11-07,CUST_0083,Mouse,Accessories,North,3,800,0.1,2160.0,1512.0,648.0,30.0,2025-11,Friday
ORD_03763,2024-04-11,CUST_0391,Laptop,Office,West,6,60000,0.15,306000.0,214200.0,91800.0,30.0,2024-04,Thursday
ORD_03764,2025-02-01,CUST_0047,Mouse,Accessories,West,1,800,0.05,760.0,532.0,228.0,30.0,2025-02,Saturday
ORD_03765,2024-05-17,CUST_0392,Printer,Electronics,East,4,15000,0.05,57000.0,39900.0,17100.0,30.0,2024-05,Friday
ORD_03766,2025-11-05,CUST_0206,Printer,Office,West,1,15000,0.05,14250.0,9975.0,4275.0,30.0,2025-11,Wednesday
ORD_03767,2025-01-21,CUST_0385,Printer,Electronics,East,3,15000,0.0,45000.0,31499.999999999996,13500.000000000004,30.00000000000001,2025-01,Tuesday
ORD_03768,2024-04-20,CUST_0381,Keyboard,Office,South,9,2000,0.1,16200.0,11340.0,4860.0,30.0,2024-04,Saturday
ORD_03769,2025-09-05,CUST_0077,Laptop,Accessories,North,5,60000,0.05,285000.0,199500.0,85500.0,30.0,2025-09,Friday
ORD_03770,2024-01-17,CUST_0259,Mouse,Accessories,West,5,800,0.2,3200.0,2240.0,960.0,30.0,2024-01,Wednesday
ORD_03771,2024-06-30,CUST_0437,Printer,Accessories,South,4,15000,0.0,60000.0,42000.0,18000.0,30.0,2024-06,Sunday
ORD_03772,2025-06-19,CUST_0092,Laptop,Accessories,East,3,60000,0.1,162000.0,113400.0,48600.0,30.0,2025-06,Thursday
ORD_03773,2025-06-24,CUST_0422,Laptop,Electronics,West,5,60000,0.2,240000.0,168000.0,72000.0,30.0,2025-06,Tuesday
ORD_03774,2024-06-19,CUST_0435,Keyboard,Electronics,North,4,2000,0.1,7200.0,5040.0,2160.0,30.0,2024-06,Wednesday
ORD_03775,2025-02-12,CUST_0399,Mouse,Electronics,South,8,800,0.1,5760.0,4031.9999999999995,1728.0000000000005,30.00000000000001,2025-02,Wednesday
ORD_03776,2025-01-12,CUST_0100,Mouse,Electronics,West,4,800,0.2,2560.0,1792.0,768.0,30.0,2025-01,Sunday
ORD_03777,2024-07-06,CUST_0383,Printer,Electronics,West,8,15000,0.15,102000.0,71400.0,30600.0,30.0,2024-07,Saturday
ORD_03778,2024-08-17,CUST_0195,Printer,Accessories,South,6,15000,0.1,81000.0,56700.0,24300.0,30.0,2024-08,Saturday
ORD_03779,2024-04-28,CUST_0192,Laptop,Electronics,East,5,60000,0.15,255000.0,178500.0,76500.0,30.0,2024-04,Sunday
ORD_03780,2024-06-04,CUST_0068,Mouse,Electronics,East,4,800,0.1,2880.0,2015.9999999999998,864.0000000000002,30.00000000000001,2024-06,Tuesday
ORD_03781,2025-11-17,CUST_0389,Mouse,Electronics,West,4,800,0.2,2560.0,1792.0,768.0,30.0,2025-11,Monday
ORD_03782,2025-04-09,CUST_0242,Printer,Accessories,East,4,15000,0.1,54000.0,37800.0,16200.0,30.0,2025-04,Wednesday
ORD_03783,2024-04-13,CUST_0090,Monitor,Accessories,East,9,20000,0.05,171000.0,119699.99999999999,51300.000000000015,30.00000000000001,2024-04,Saturday
ORD_03784,2025-08-26,CUST_0345,Laptop,Accessories,South,4,60000,0.05,228000.0,159600.0,68400.0,30.0,2025-08,Tuesday
ORD_03785,2025-11-28,CUST_0010,Mouse,Accessories,East,9,800,0.1,6480.0,4536.0,1944.0,30.0,2025-11,Friday
ORD_03786,2025-05-16,CUST_0264,Keyboard,Electronics,East,6,2000,0.2,9600.0,6720.0,2880.0,30.0,2025-05,Friday
ORD_03787,2025-11-23,CUST_0268,Keyboard,Electronics,South,7,2000,0.2,11200.0,7839.999999999999,3360.000000000001,30.00000000000001,2025-11,Sunday
ORD_03788,2025-11-12,CUST_0320,Monitor,Office,West,3,20000,0.0,60000.0,42000.0,18000.0,30.0,2025-11,Wednesday
ORD_03789,2025-11-29,CUST_0118,Printer,Electronics,West,8,15000,0.2,96000.0,67200.0,28800.0,30.0,2025-11,Saturday
ORD_03790,2024-06-23,CUST_0250,Printer,Accessories,South,3,15000,0.15,38250.0,26775.0,11475.0,30.0,2024-06,Sunday
ORD_03791,2025-11-04,CUST_0059,Printer,Accessories,North,1,15000,0.1,13500.0,9450.0,4050.0,30.0,2025-11,Tuesday
ORD_03792,2025-02-24,CUST_0195,Keyboard,Electronics,South,5,2000,0.05,9500.0,6650.0,2850.0,30.0,2025-02,Monday
ORD_03793,2024-05-13,CUST_0475,Printer,Office,North,2,15000,0.2,24000.0,16800.0,7200.0,30.0,2024-05,Monday
ORD_03794,2025-01-25,CUST_0050,Keyboard,Accessories,East,6,2000,0.05,11400.0,7979.999999999999,3420.000000000001,30.00000000000001,2025-01,Saturday
ORD_03795,2025-05-15,CUST_0407,Monitor,Office,West,9,20000,0.0,180000.0,125999.99999999999,54000.000000000015,30.00000000000001,2025-05,Thursday
ORD_03796,2025-10-26,CUST_0296,Laptop,Accessories,North,1,60000,0.1,54000.0,37800.0,16200.0,30.0,2025-10,Sunday
ORD_03797,2024-02-02,CUST_0378,Mouse,Accessories,North,4,800,0.2,2560.0,1792.0,768.0,30.0,2024-02,Friday
ORD_03798,2024-02-24,CUST_0097,Monitor,Electronics,East,1,20000,0.05,19000.0,13300.0,5700.0,30.0,2024-02,Saturday
ORD_03799,2025-06-02,CUST_0462,Keyboard,Accessories,West,1,2000,0.2,1600.0,1120.0,480.0,30.0,2025-06,Monday
ORD_03800,2025-09-29,CUST_0127,Monitor,Office,East,8,20000,0.0,160000.0,112000.0,48000.0,30.0,2025-09,Monday
ORD_03801,2024-01-12,CUST_0246,Mouse,Office,West,2,800,0.05,1520.0,1064.0,456.0,30.0,2024-01,Friday
ORD_03802,2025-06-11,CUST_0087,Laptop,Electronics,West,1,60000,0.05,57000.0,39900.0,17100.0,30.0,2025-06,Wednesday
ORD_03803,2025-12-20,CUST_0479,Mouse,Accessories,East,8,800,0.1,5760.0,4031.9999999999995,1728.0000000000005,30.00000000000001,2025-12,Saturday
ORD_03804,2025-07-08,CUST_0077,Keyboard,Office,North,4,2000,0.1,7200.0,5040.0,2160.0,30.0,2025-07,Tuesday
ORD_03805,2025-01-07,CUST_0377,Mouse,Electronics,South,3,800,0.05,2280.0,1596.0,684.0,30.0,2025-01,Tuesday
ORD_03806,2025-04-28,CUST_0204,Monitor,Office,West,4,20000,0.1,72000.0,50400.0,21600.0,30.0,2025-04,Monday
ORD_03807,2025-10-08,CUST_0483,Printer,Electronics,West,5,15000,0.05,71250.0,49875.0,21375.0,30.0,2025-10,Wednesday
ORD_03808,2024-08-15,CUST_0146,Monitor,Office,South,1,20000,0.15,17000.0,11900.0,5100.0,30.0,2024-08,Thursday
ORD_03809,2025-09-14,CUST_0149,Keyboard,Accessories,South,1,2000,0.2,1600.0,1120.0,480.0,30.0,2025-09,Sunday
ORD_03810,2024-11-02,CUST_0493,Laptop,Office,East,3,60000,0.15,153000.0,107100.0,45900.0,30.0,2024-11,Saturday
ORD_03811,2025-04-01,CUST_0111,Mouse,Office,West,6,800,0.15,4080.0,2856.0,1224.0,30.0,2025-04,Tuesday
ORD_03812,2024-06-08,CUST_0490,Laptop,Electronics,East,1,60000,0.2,48000.0,33600.0,14400.0,30.0,2024-06,Saturday
ORD_03813,2024-11-26,CUST_0129,Keyboard,Electronics,South,2,2000,0.05,3800.0,2660.0,1140.0,30.0,2024-11,Tuesday
ORD_03814,2024-08-12,CUST_0253,Mouse,Electronics,East,7,800,0.05,5320.0,3723.9999999999995,1596.0000000000005,30.00000000000001,2024-08,Monday
ORD_03815,2025-12-29,CUST_0166,Monitor,Office,West,1,20000,0.1,18000.0,12600.0,5400.0,30.0,2025-12,Monday
ORD_03816,2025-05-18,CUST_0297,Monitor,Electronics,North,7,20000,0.0,140000.0,98000.0,42000.0,30.0,2025-05,Sunday
ORD_03817,2025-03-31,CUST_0426,Keyboard,Accessories,North,4,2000,0.05,7600.0,5320.0,2280.0,30.0,2025-03,Monday
ORD_03818,2024-02-14,CUST_0495,Mouse,Electronics,West,6,800,0.2,3840.0,2688.0,1152.0,30.0,2024-02,Wednesday
ORD_03819,2024-08-01,CUST_0137,Monitor,Electronics,East,8,20000,0.0,160000.0,112000.0,48000.0,30.0,2024-08,Thursday
ORD_03820,2024-02-28,CUST_0279,Keyboard,Accessories,South,9,2000,0.2,14400.0,10080.0,4320.0,30.0,2024-02,Wednesday
ORD_03821,2025-10-05,CUST_0334,Keyboard,Electronics,South,6,2000,0.2,9600.0,6720.0,2880.0,30.0,2025-10,Sunday
ORD_03822,2025-09-07,CUST_0011,Laptop,Electronics,North,9,60000,0.2,432000.0,302400.0,129600.0,30.0,2025-09,Sunday
ORD_03823,2024-07-13,CUST_0071,Monitor,Office,East,4,20000,0.0,80000.0,56000.0,24000.0,30.0,2024-07,Saturday
ORD_03824,2025-05-03,CUST_0159,Mouse,Office,South,6,800,0.15,4080.0,2856.0,1224.0,30.0,2025-05,Saturday
ORD_03825,2024-06-05,CUST_0216,Monitor,Electronics,South,8,20000,0.2,128000.0,89600.0,38400.0,30.0,2024-06,Wednesday
ORD_03826,2025-09-01,CUST_0026,Monitor,Accessories,West,9,20000,0.1,162000.0,113400.0,48600.0,30.0,2025-09,Monday
ORD_03827,2024-08-13,CUST_0286,Monitor,Electronics,East,3,20000,0.05,57000.0,39900.0,17100.0,30.0,2024-08,Tuesday
ORD_03828,2025-02-15,CUST_0162,Keyboard,Electronics,East,2,2000,0.05,3800.0,2660.0,1140.0,30.0,2025-02,Saturday
ORD_03829,2024-07-23,CUST_0430,Printer,Electronics,South,6,15000,0.05,85500.0,59849.99999999999,25650.000000000007,30.00000000000001,2024-07,Tuesday
ORD_03830,2024-03-19,CUST_0102,Printer,Office,East,4,15000,0.0,60000.0,42000.0,18000.0,30.0,2024-03,Tuesday
ORD_03831,2024-05-03,CUST_0069,Laptop,Accessories,East,1,60000,0.1,54000.0,37800.0,16200.0,30.0,2024-05,Friday
ORD_03832,2025-04-15,CUST_0133,Monitor,Accessories,East,8,20000,0.1,144000.0,100800.0,43200.0,30.0,2025-04,Tuesday
ORD_03833,2024-08-05,CUST_0189,Printer,Accessories,West,9,15000,0.1,121500.0,85050.0,36450.0,30.0,2024-08,Monday
ORD_03834,2025-05-30,CUST_0211,Laptop,Office,South,9,60000,0.1,486000.0,340200.0,145800.0,30.0,2025-05,Friday
ORD_03835,2025-08-24,CUST_0243,Keyboard,Office,North,2,2000,0.1,3600.0,2520.0,1080.0,30.0,2025-08,Sunday
ORD_03836,2024-04-13,CUST_0166,Monitor,Electronics,East,9,20000,0.15,153000.0,107100.0,45900.0,30.0,2024-04,Saturday
ORD_03837,2025-01-27,CUST_0412,Mouse,Office,South,7,800,0.1,5040.0,3528.0,1512.0,30.0,2025-01,Monday
ORD_03838,2025-09-22,CUST_0410,Keyboard,Electronics,North,5,2000,0.1,9000.0,6300.0,2700.0,30.0,2025-09,Monday
ORD_03839,2025-10-06,CUST_0061,Laptop,Office,West,7,60000,0.0,420000.0,294000.0,126000.0,30.0,2025-10,Monday
ORD_03840,2025-08-30,CUST_0362,Keyboard,Electronics,South,9,2000,0.0,18000.0,12600.0,5400.0,30.0,2025-08,Saturday
ORD_03841,2025-03-09,CUST_0279,Mouse,Office,West,8,800,0.1,5760.0,4031.9999999999995,1728.0000000000005,30.00000000000001,2025-03,Sunday
ORD_03842,2024-11-26,CUST_0430,Keyboard,Accessories,South,6,2000,0.15,10200.0,7140.0,3060.0,30.0,2024-11,Tuesday
ORD_03843,2024-05-22,CUST_0113,Laptop,Electronics,West,4,60000,0.1,216000.0,151200.0,64800.0,30.0,2024-05,Wednesday
ORD_03844,2025-06-23,CUST_0030,Mouse,Office,South,1,800,0.1,720.0,503.99999999999994,216.00000000000006,30.00000000000001,2025-06,Monday
ORD_03845,2024-10-04,CUST_0323,Mouse,Office,West,6,800,0.1,4320.0,3024.0,1296.0,30.0,2024-10,Friday
ORD_03846,2024-08-20,CUST_0476,Keyboard,Electronics,North,3,2000,0.2,4800.0,3360.0,1440.0,30.0,2024-08,Tuesday
ORD_03847,2025-06-12,CUST_0161,Mouse,Office,South,6,800,0.15,4080.0,2856.0,1224.0,30.0,2025-06,Thursday
ORD_03848,2025-07-24,CUST_0234,Keyboard,Accessories,North,6,2000,0.05,11400.0,7979.999999999999,3420.000000000001,30.00000000000001,2025-07,Thursday
ORD_03849,2024-03-30,CUST_0387,Monitor,Electronics,East,4,20000,0.1,72000.0,50400.0,21600.0,30.0,2024-03,Saturday
ORD_03850,2025-05-06,CUST_0453,Mouse,Electronics,North,2,800,0.05,1520.0,1064.0,456.0,30.0,2025-05,Tuesday
ORD_03851,2024-07-17,CUST_0377,Keyboard,Electronics,South,9,2000,0.15,15300.0,10710.0,4590.0,30.0,2024-07,Wednesday
ORD_03852,2024-12-27,CUST_0339,Monitor,Electronics,North,2,20000,0.1,36000.0,25200.0,10800.0,30.0,2024-12,Friday
ORD_03853,2025-03-16,CUST_0170,Mouse,Electronics,South,3,800,0.05,2280.0,1596.0,684.0,30.0,2025-03,Sunday
ORD_03854,2024-01-26,CUST_0318,Monitor,Accessories,West,1,20000,0.05,19000.0,13300.0,5700.0,30.0,2024-01,Friday
ORD_03855,2024-01-25,CUST_0186,Mouse,Electronics,East,7,800,0.15,4760.0,3332.0,1428.0,30.0,2024-01,Thursday
ORD_03856,2025-01-28,CUST_0057,Laptop,Accessories,North,1,60000,0.1,54000.0,37800.0,16200.0,30.0,2025-01,Tuesday
ORD_03857,2025-05-21,CUST_0240,Laptop,Accessories,East,9,60000,0.2,432000.0,302400.0,129600.0,30.0,2025-05,Wednesday
ORD_03858,2024-10-27,CUST_0257,Keyboard,Accessories,North,1,2000,0.15,1700.0,1190.0,510.0,30.0,2024-10,Sunday
ORD_03859,2024-12-04,CUST_0358,Printer,Electronics,South,5,15000,0.2,60000.0,42000.0,18000.0,30.0,2024-12,Wednesday
ORD_03860,2024-09-23,CUST_0201,Laptop,Accessories,North,7,60000,0.1,378000.0,264600.0,113400.0,30.0,2024-09,Monday
ORD_03861,2025-04-05,CUST_0444,Printer,Electronics,East,3,15000,0.05,42750.0,29924.999999999996,12825.000000000004,30.00000000000001,2025-04,Saturday
ORD_03862,2025-11-23,CUST_0325,Monitor,Accessories,North,9,20000,0.15,153000.0,107100.0,45900.0,30.0,2025-11,Sunday
ORD_03863,2025-03-31,CUST_0315,Monitor,Electronics,East,8,20000,0.15,136000.0,95200.0,40800.0,30.0,2025-03,Monday
ORD_03864,2024-12-25,CUST_0302,Printer,Office,East,3,15000,0.15,38250.0,26775.0,11475.0,30.0,2024-12,Wednesday
ORD_03865,2024-03-08,CUST_0106,Keyboard,Office,South,5,2000,0.0,10000.0,7000.0,3000.0,30.0,2024-03,Friday
ORD_03866,2025-02-15,CUST_0290,Mouse,Accessories,West,7,800,0.1,5040.0,3528.0,1512.0,30.0,2025-02,Saturday
ORD_03867,2025-05-05,CUST_0101,Printer,Office,West,4,15000,0.0,60000.0,42000.0,18000.0,30.0,2025-05,Monday
ORD_03868,2024-02-18,CUST_0097,Printer,Accessories,North,5,15000,0.15,63750.0,44625.0,19125.0,30.0,2024-02,Sunday
ORD_03869,2025-11-17,CUST_0153,Printer,Accessories,East,3,15000,0.15,38250.0,26775.0,11475.0,30.0,2025-11,Monday
ORD_03870,2025-07-17,CUST_0426,Printer,Accessories,South,9,15000,0.2,108000.0,75600.0,32400.0,30.0,2025-07,Thursday
ORD_03871,2024-04-11,CUST_0029,Printer,Office,West,9,15000,0.0,135000.0,94500.0,40500.0,30.0,2024-04,Thursday
ORD_03872,2024-08-03,CUST_0153,Keyboard,Accessories,South,7,2000,0.05,13300.0,9310.0,3990.0,30.0,2024-08,Saturday
ORD_03873,2025-03-13,CUST_0438,Laptop,Office,South,2,60000,0.1,108000.0,75600.0,32400.0,30.0,2025-03,Thursday
ORD_03874,2025-11-30,CUST_0379,Mouse,Office,East,7,800,0.05,5320.0,3723.9999999999995,1596.0000000000005,30.00000000000001,2025-11,Sunday
ORD_03875,2025-07-22,CUST_0073,Laptop,Electronics,North,7,60000,0.05,399000.0,279300.0,119700.0,30.0,2025-07,Tuesday
ORD_03876,2025-07-12,CUST_0254,Printer,Office,East,5,15000,0.1,67500.0,47250.0,20250.0,30.0,2025-07,Saturday
ORD_03877,2024-06-07,CUST_0451,Laptop,Electronics,West,9,60000,0.15,459000.0,321300.0,137700.0,30.0,2024-06,Friday
ORD_03878,2025-05-03,CUST_0399,Keyboard,Accessories,West,3,2000,0.2,4800.0,3360.0,1440.0,30.0,2025-05,Saturday
ORD_03879,2025-11-16,CUST_0004,Monitor,Accessories,South,4,20000,0.15,68000.0,47600.0,20400.0,30.0,2025-11,Sunday
ORD_03880,2024-08-29,CUST_0237,Laptop,Electronics,East,1,60000,0.15,51000.0,35700.0,15300.0,30.0,2024-08,Thursday
ORD_03881,2024-01-05,CUST_0038,Mouse,Accessories,East,6,800,0.0,4800.0,3360.0,1440.0,30.0,2024-01,Friday
ORD_03882,2025-08-18,CUST_0020,Keyboard,Electronics,South,4,2000,0.05,7600.0,5320.0,2280.0,30.0,2025-08,Monday
ORD_03883,2024-12-26,CUST_0113,Monitor,Electronics,North,1,20000,0.05,19000.0,13300.0,5700.0,30.0,2024-12,Thursday
ORD_03884,2025-04-03,CUST_0023,Keyboard,Accessories,South,2,2000,0.05,3800.0,2660.0,1140.0,30.0,2025-04,Thursday
ORD_03885,2024-09-04,CUST_0421,Printer,Electronics,South,3,15000,0.2,36000.0,25200.0,10800.0,30.0,2024-09,Wednesday
ORD_03886,2025-07-19,CUST_0446,Monitor,Electronics,West,9,20000,0.2,144000.0,100800.0,43200.0,30.0,2025-07,Saturday
ORD_03887,2025-11-03,CUST_0367,Mouse,Electronics,East,8,800,0.2,5120.0,3584.0,1536.0,30.0,2025-11,Monday
ORD_03888,2025-02-25,CUST_0136,Monitor,Accessories,West,7,20000,0.1,126000.0,88200.0,37800.0,30.0,2025-02,Tuesday
ORD_03889,2024-01-15,CUST_0421,Mouse,Accessories,South,4,800,0.2,2560.0,1792.0,768.0,30.0,2024-01,Monday
ORD_03890,2025-07-26,CUST_0248,Printer,Accessories,East,1,15000,0.0,15000.0,10500.0,4500.0,30.0,2025-07,Saturday
ORD_03891,2024-05-01,CUST_0301,Mouse,Accessories,South,8,800,0.0,6400.0,4480.0,1920.0,30.0,2024-05,Wednesday
ORD_03892,2024-10-03,CUST_0097,Keyboard,Accessories,South,4,2000,0.15,6800.0,4760.0,2040.0,30.0,2024-10,Thursday
ORD_03893,2025-07-11,CUST_0033,Laptop,Office,North,3,60000,0.15,153000.0,107100.0,45900.0,30.0,2025-07,Friday
ORD_03894,2025-03-28,CUST_0135,Keyboard,Office,West,9,2000,0.15,15300.0,10710.0,4590.0,30.0,2025-03,Friday
ORD_03895,2025-01-24,CUST_0255,Keyboard,Electronics,West,4,2000,0.15,6800.0,4760.0,2040.0,30.0,2025-01,Friday
ORD_03896,2024-10-20,CUST_0278,Monitor,Office,South,4,20000,0.0,80000.0,56000.0,24000.0,30.0,2024-10,Sunday
ORD_03897,2025-07-27,CUST_0133,Printer,Accessories,North,9,15000,0.15,114750.0,80325.0,34425.0,30.0,2025-07,Sunday
ORD_03898,2025-08-20,CUST_0238,Laptop,Accessories,South,2,60000,0.0,120000.0,84000.0,36000.0,30.0,2025-08,Wednesday
ORD_03899,2025-03-21,CUST_0015,Mouse,Accessories,South,5,800,0.2,3200.0,2240.0,960.0,30.0,2025-03,Friday
ORD_03900,2024-07-28,CUST_0277,Monitor,Electronics,South,4,20000,0.2,64000.0,44800.0,19200.0,30.0,2024-07,Sunday
ORD_03901,2025-08-12,CUST_0126,Printer,Electronics,North,9,15000,0.1,121500.0,85050.0,36450.0,30.0,2025-08,Tuesday
ORD_03902,2025-12-14,CUST_0345,Laptop,Electronics,East,5,60000,0.15,255000.0,178500.0,76500.0,30.0,2025-12,Sunday
ORD_03903,2024-10-28,CUST_0017,Keyboard,Electronics,North,9,2000,0.2,14400.0,10080.0,4320.0,30.0,2024-10,Monday
ORD_03904,2024-08-10,CUST_0312,Printer,Electronics,South,9,15000,0.2,108000.0,75600.0,32400.0,30.0,2024-08,Saturday
ORD_03905,2024-01-03,CUST_0050,Printer,Electronics,East,2,15000,0.05,28500.0,19950.0,8550.0,30.0,2024-01,Wednesday
ORD_03906,2025-06-01,CUST_0135,Printer,Office,South,9,15000,0.05,128250.0,89775.0,38475.0,30.0,2025-06,Sunday
ORD_03907,2024-04-02,CUST_0118,Keyboard,Accessories,North,3,2000,0.0,6000.0,4200.0,1800.0,30.0,2024-04,Tuesday
ORD_03908,2025-06-03,CUST_0378,Mouse,Office,North,4,800,0.1,2880.0,2015.9999999999998,864.0000000000002,30.00000000000001,2025-06,Tuesday
ORD_03909,2025-03-03,CUST_0306,Monitor,Electronics,East,1,20000,0.05,19000.0,13300.0,5700.0,30.0,2025-03,Monday
ORD_03910,2025-05-07,CUST_0060,Mouse,Accessories,North,1,800,0.1,720.0,503.99999999999994,216.00000000000006,30.00000000000001,2025-05,Wednesday
ORD_03911,2024-08-22,CUST_0125,Laptop,Accessories,South,1,60000,0.2,48000.0,33600.0,14400.0,30.0,2024-08,Thursday
ORD_03912,2025-09-11,CUST_0467,Monitor,Accessories,East,9,20000,0.0,180000.0,125999.99999999999,54000.000000000015,30.00000000000001,2025-09,Thursday
ORD_03913,2024-06-09,CUST_0116,Laptop,Office,West,8,60000,0.1,432000.0,302400.0,129600.0,30.0,2024-06,Sunday
ORD_03914,2025-12-21,CUST_0391,Keyboard,Accessories,South,5,2000,0.05,9500.0,6650.0,2850.0,30.0,2025-12,Sunday
ORD_03915,2024-11-26,CUST_0424,Mouse,Electronics,West,5,800,0.2,3200.0,2240.0,960.0,30.0,2024-11,Tuesday
ORD_03916,2024-11-28,CUST_0173,Printer,Electronics,East,9,15000,0.15,114750.0,80325.0,34425.0,30.0,2024-11,Thursday
ORD_03917,2024-02-19,CUST_0187,Monitor,Office,East,3,20000,0.2,48000.0,33600.0,14400.0,30.0,2024-02,Monday
ORD_03918,2025-06-06,CUST_0498,Printer,Office,South,3,15000,0.05,42750.0,29924.999999999996,12825.000000000004,30.00000000000001,2025-06,Friday
ORD_03919,2025-10-29,CUST_0088,Laptop,Electronics,North,7,60000,0.05,399000.0,279300.0,119700.0,30.0,2025-10,Wednesday
ORD_03920,2025-05-06,CUST_0203,Printer,Office,South,9,15000,0.15,114750.0,80325.0,34425.0,30.0,2025-05,Tuesday
ORD_03921,2025-08-04,CUST_0361,Printer,Accessories,North,6,15000,0.2,72000.0,50400.0,21600.0,30.0,2025-08,Monday
ORD_03922,2025-11-11,CUST_0311,Keyboard,Office,North,2,2000,0.1,3600.0,2520.0,1080.0,30.0,2025-11,Tuesday
ORD_03923,2024-09-28,CUST_0320,Keyboard,Accessories,South,1,2000,0.1,1800.0,1260.0,540.0,30.0,2024-09,Saturday
ORD_03924,2025-08-02,CUST_0449,Mouse,Accessories,East,2,800,0.2,1280.0,896.0,384.0,30.0,2025-08,Saturday
ORD_03925,2024-09-08,CUST_0182,Laptop,Accessories,South,1,60000,0.1,54000.0,37800.0,16200.0,30.0,2024-09,Sunday
ORD_03926,2025-07-13,CUST_0352,Keyboard,Accessories,West,9,2000,0.2,14400.0,10080.0,4320.0,30.0,2025-07,Sunday
ORD_03927,2025-11-26,CUST_0168,Keyboard,Accessories,East,8,2000,0.2,12800.0,8960.0,3840.0,30.0,2025-11,Wednesday
ORD_03928,2025-11-29,CUST_0181,Mouse,Electronics,North,7,800,0.05,5320.0,3723.9999999999995,1596.0000000000005,30.00000000000001,2025-11,Saturday
ORD_03929,2024-03-30,CUST_0300,Monitor,Electronics,East,3,20000,0.0,60000.0,42000.0,18000.0,30.0,2024-03,Saturday
ORD_03930,2025-03-21,CUST_0447,Mouse,Electronics,South,8,800,0.05,6080.0,4256.0,1824.0,30.0,2025-03,Friday
ORD_03931,2024-11-27,CUST_0130,Printer,Accessories,East,2,15000,0.1,27000.0,18900.0,8100.0,30.0,2024-11,Wednesday
ORD_03932,2024-05-18,CUST_0463,Printer,Office,North,2,15000,0.0,30000.0,21000.0,9000.0,30.0,2024-05,Saturday
ORD_03933,2024-12-22,CUST_0149,Keyboard,Office,North,3,2000,0.2,4800.0,3360.0,1440.0,30.0,2024-12,Sunday
ORD_03934,2025-08-23,CUST_0472,Keyboard,Accessories,East,7,2000,0.1,12600.0,8820.0,3780.0,30.0,2025-08,Saturday
ORD_03935,2024-09-30,CUST_0306,Mouse,Office,West,1,800,0.15,680.0,475.99999999999994,204.00000000000006,30.00000000000001,2024-09,Monday
ORD_03936,2024-01-19,CUST_0209,Mouse,Accessories,North,8,800,0.1,5760.0,4031.9999999999995,1728.0000000000005,30.00000000000001,2024-01,Friday
ORD_03937,2024-11-06,CUST_0111,Laptop,Office,West,7,60000,0.0,420000.0,294000.0,126000.0,30.0,2024-11,Wednesday
ORD_03938,2024-06-02,CUST_0436,Printer,Accessories,North,4,15000,0.0,60000.0,42000.0,18000.0,30.0,2024-06,Sunday
ORD_03939,2025-01-24,CUST_0500,Mouse,Office,East,5,800,0.2,3200.0,2240.0,960.0,30.0,2025-01,Friday
ORD_03940,2024-09-16,CUST_0137,Monitor,Office,North,1,20000,0.15,17000.0,11900.0,5100.0,30.0,2024-09,Monday
ORD_03941,2025-09-11,CUST_0355,Laptop,Electronics,West,4,60000,0.2,192000.0,134400.0,57600.0,30.0,2025-09,Thursday
ORD_03942,2025-07-24,CUST_0404,Mouse,Office,West,1,800,0.15,680.0,475.99999999999994,204.00000000000006,30.00000000000001,2025-07,Thursday
ORD_03943,2024-05-04,CUST_0211,Keyboard,Office,East,1,2000,0.15,1700.0,1190.0,510.0,30.0,2024-05,Saturday
ORD_03944,2024-12-19,CUST_0146,Mouse,Accessories,West,1,800,0.2,640.0,448.0,192.0,30.0,2024-12,Thursday
ORD_03945,2024-09-29,CUST_0084,Keyboard,Office,West,7,2000,0.1,12600.0,8820.0,3780.0,30.0,2024-09,Sunday
ORD_03946,2025-09-10,CUST_0030,Keyboard,Office,East,7,2000,0.05,13300.0,9310.0,3990.0,30.0,2025-09,Wednesday
ORD_03947,2024-09-01,CUST_0488,Printer,Office,North,4,15000,0.15,51000.0,35700.0,15300.0,30.0,2024-09,Sunday
ORD_03948,2025-03-25,CUST_0065,Printer,Office,East,2,15000,0.0,30000.0,21000.0,9000.0,30.0,2025-03,Tuesday
ORD_03949,2024-09-03,CUST_0024,Mouse,Office,North,3,800,0.2,1920.0,1344.0,576.0,30.0,2024-09,Tuesday
ORD_03950,2025-06-03,CUST_0472,Mouse,Electronics,North,8,800,0.1,5760.0,4031.9999999999995,1728.0000000000005,30.00000000000001,2025-06,Tuesday
ORD_03951,2024-05-20,CUST_0431,Monitor,Office,North,8,20000,0.15,136000.0,95200.0,40800.0,30.0,2024-05,Monday
ORD_03952,2024-12-27,CUST_0211,Laptop,Accessories,South,6,60000,0.1,324000.0,226800.0,97200.0,30.0,2024-12,Friday
ORD_03953,2024-01-08,CUST_0222,Laptop,Accessories,North,9,60000,0.2,432000.0,302400.0,129600.0,30.0,2024-01,Monday
ORD_03954,2025-04-22,CUST_0090,Mouse,Office,East,9,800,0.0,7200.0,5040.0,2160.0,30.0,2025-04,Tuesday
ORD_03955,2024-12-17,CUST_0106,Printer,Office,East,4,15000,0.15,51000.0,35700.0,15300.0,30.0,2024-12,Tuesday
ORD_03956,2025-05-09,CUST_0172,Monitor,Office,East,1,20000,0.15,17000.0,11900.0,5100.0,30.0,2025-05,Friday
ORD_03957,2025-08-28,CUST_0230,Laptop,Electronics,South,1,60000,0.1,54000.0,37800.0,16200.0,30.0,2025-08,Thursday
ORD_03958,2025-03-02,CUST_0413,Mouse,Accessories,West,5,800,0.2,3200.0,2240.0,960.0,30.0,2025-03,Sunday
ORD_03959,2024-02-08,CUST_0077,Printer,Electronics,South,2,15000,0.05,28500.0,19950.0,8550.0,30.0,2024-02,Thursday
ORD_03960,2025-08-15,CUST_0068,Printer,Electronics,East,6,15000,0.15,76500.0,53550.0,22950.0,30.0,2025-08,Friday
ORD_03961,2024-07-05,CUST_0365,Printer,Office,East,7,15000,0.0,105000.0,73500.0,31500.0,30.0,2024-07,Friday
ORD_03962,2025-08-18,CUST_0401,Keyboard,Office,West,1,2000,0.15,1700.0,1190.0,510.0,30.0,2025-08,Monday
ORD_03963,2025-08-22,CUST_0353,Printer,Accessories,South,6,15000,0.15,76500.0,53550.0,22950.0,30.0,2025-08,Friday
ORD_03964,2024-04-02,CUST_0389,Mouse,Office,East,8,800,0.05,6080.0,4256.0,1824.0,30.0,2024-04,Tuesday
ORD_03965,2024-03-26,CUST_0092,Monitor,Accessories,North,5,20000,0.05,95000.0,66500.0,28500.0,30.0,2024-03,Tuesday
ORD_03966,2024-02-13,CUST_0088,Mouse,Electronics,North,7,800,0.2,4480.0,3136.0,1344.0,30.0,2024-02,Tuesday
ORD_03967,2024-05-16,CUST_0465,Printer,Accessories,East,6,15000,0.15,76500.0,53550.0,22950.0,30.0,2024-05,Thursday
ORD_03968,2025-02-24,CUST_0050,Monitor,Accessories,North,4,20000,0.15,68000.0,47600.0,20400.0,30.0,2025-02,Monday
ORD_03969,2024-03-14,CUST_0103,Laptop,Accessories,West,7,60000,0.1,378000.0,264600.0,113400.0,30.0,2024-03,Thursday
ORD_03970,2025-07-01,CUST_0368,Laptop,Electronics,East,9,60000,0.1,486000.0,340200.0,145800.0,30.0,2025-07,Tuesday
ORD_03971,2025-09-04,CUST_0424,Mouse,Electronics,South,7,800,0.0,5600.0,3919.9999999999995,1680.0000000000005,30.00000000000001,2025-09,Thursday
ORD_03972,2025-05-26,CUST_0492,Monitor,Office,East,5,20000,0.0,100000.0,70000.0,30000.0,30.0,2025-05,Monday
ORD_03973,2024-06-04,CUST_0046,Mouse,Office,West,7,800,0.1,5040.0,3528.0,1512.0,30.0,2024-06,Tuesday
ORD_03974,2024-09-11,CUST_0179,Monitor,Accessories,South,3,20000,0.0,60000.0,42000.0,18000.0,30.0,2024-09,Wednesday
ORD_03975,2024-06-19,CUST_0267,Monitor,Accessories,West,2,20000,0.15,34000.0,23800.0,10200.0,30.0,2024-06,Wednesday
ORD_03976,2025-12-28,CUST_0268,Mouse,Electronics,North,5,800,0.05,3800.0,2660.0,1140.0,30.0,2025-12,Sunday
ORD_03977,2024-06-18,CUST_0397,Monitor,Electronics,North,4,20000,0.15,68000.0,47600.0,20400.0,30.0,2024-06,Tuesday
ORD_03978,2024-11-17,CUST_0320,Printer,Electronics,North,5,15000,0.1,67500.0,47250.0,20250.0,30.0,2024-11,Sunday
ORD_03979,2025-07-20,CUST_0008,Monitor,Accessories,West,8,20000,0.2,128000.0,89600.0,38400.0,30.0,2025-07,Sunday
ORD_03980,2025-03-31,CUST_0449,Monitor,Accessories,West,4,20000,0.2,64000.0,44800.0,19200.0,30.0,2025-03,Monday
ORD_03981,2025-08-25,CUST_0265,Mouse,Electronics,East,9,800,0.1,6480.0,4536.0,1944.0,30.0,2025-08,Monday
ORD_03982,2025-09-04,CUST_0476,Laptop,Accessories,South,7,60000,0.15,357000.0,249899.99999999997,107100.00000000003,30.00000000000001,2025-09,Thursday
ORD_03983,2024-06-03,CUST_0386,Keyboard,Electronics,South,7,2000,0.0,14000.0,9800.0,4200.0,30.0,2024-06,Monday
ORD_03984,2024-12-14,CUST_0078,Monitor,Office,West,8,20000,0.0,160000.0,112000.0,48000.0,30.0,2024-12,Saturday
ORD_03985,2025-03-26,CUST_0397,Keyboard,Electronics,West,6,2000,0.2,9600.0,6720.0,2880.0,30.0,2025-03,Wednesday
ORD_03986,2025-10-14,CUST_0240,Monitor,Accessories,North,8,20000,0.1,144000.0,100800.0,43200.0,30.0,2025-10,Tuesday
ORD_03987,2024-06-21,CUST_0258,Mouse,Accessories,West,3,800,0.1,2160.0,1512.0,648.0,30.0,2024-06,Friday
ORD_03988,2024-01-10,CUST_0196,Mouse,Accessories,North,1,800,0.05,760.0,532.0,228.0,30.0,2024-01,Wednesday
ORD_03989,2024-09-21,CUST_0460,Monitor,Accessories,West,6,20000,0.2,96000.0,67200.0,28800.0,30.0,2024-09,Saturday
ORD_03990,2025-03-13,CUST_0432,Mouse,Electronics,South,1,800,0.1,720.0,503.99999999999994,216.00000000000006,30.00000000000001,2025-03,Thursday
ORD_03991,2024-09-03,CUST_0330,Mouse,Electronics,East,9,800,0.05,6840.0,4788.0,2052.0,30.0,2024-09,Tuesday
ORD_03992,2025-10-28,CUST_0131,Monitor,Office,West,2,20000,0.0,40000.0,28000.0,12000.0,30.0,2025-10,Tuesday
ORD_03993,2025-06-29,CUST_0452,Laptop,Electronics,North,2,60000,0.2,96000.0,67200.0,28800.0,30.0,2025-06,Sunday
ORD_03994,2025-05-13,CUST_0390,Monitor,Office,East,7,20000,0.2,112000.0,78400.0,33600.0,30.0,2025-05,Tuesday
ORD_03995,2024-05-08,CUST_0343,Laptop,Electronics,North,2,60000,0.1,108000.0,75600.0,32400.0,30.0,2024-05,Wednesday
ORD_03996,2025-11-02,CUST_0261,Mouse,Electronics,North,8,800,0.1,5760.0,4031.9999999999995,1728.0000000000005,30.00000000000001,2025-11,Sunday
ORD_03997,2025-08-23,CUST_0242,Laptop,Accessories,East,6,60000,0.15,306000.0,214200.0,91800.0,30.0,2025-08,Saturday
ORD_03998,2025-08-27,CUST_0387,Mouse,Office,East,7,800,0.0,5600.0,3919.9999999999995,1680.0000000000005,30.00000000000001,2025-08,Wednesday
ORD_03999,2024-11-22,CUST_0394,Laptop,Accessories,East,7,60000,0.0,420000.0,294000.0,126000.0,30.0,2024-11,Friday
ORD_04000,2025-02-07,CUST_0171,Laptop,Accessories,West,6,60000,0.05,342000.0,239399.99999999997,102600.00000000003,30.00000000000001,2025-02,Friday
ORD_04001,2025-09-20,CUST_0147,Monitor,Electronics,East,9,20000,0.05,171000.0,119699.99999999999,51300.000000000015,30.00000000000001,2025-09,Saturday
ORD_04002,2025-08-28,CUST_0270,Laptop,Electronics,West,9,60000,0.15,459000.0,321300.0,137700.0,30.0,2025-08,Thursday
ORD_04003,2025-11-05,CUST_0149,Mouse,Office,South,7,800,0.0,5600.0,3919.9999999999995,1680.0000000000005,30.00000000000001,2025-11,Wednesday
ORD_04004,2025-09-02,CUST_0380,Monitor,Office,South,9,20000,0.05,171000.0,119699.99999999999,51300.000000000015,30.00000000000001,2025-09,Tuesday
ORD_04005,2025-09-16,CUST_0299,Laptop,Electronics,North,3,60000,0.0,180000.0,125999.99999999999,54000.000000000015,30.00000000000001,2025-09,Tuesday
ORD_04006,2024-12-24,CUST_0028,Monitor,Office,North,3,20000,0.0,60000.0,42000.0,18000.0,30.0,2024-12,Tuesday
ORD_04007,2025-08-25,CUST_0149,Keyboard,Electronics,West,1,2000,0.05,1900.0,1330.0,570.0,30.0,2025-08,Monday
ORD_04008,2025-12-18,CUST_0420,Monitor,Electronics,North,5,20000,0.1,90000.0,62999.99999999999,27000.000000000007,30.00000000000001,2025-12,Thursday
ORD_04009,2024-01-17,CUST_0280,Keyboard,Electronics,South,4,2000,0.1,7200.0,5040.0,2160.0,30.0,2024-01,Wednesday
ORD_04010,2024-09-30,CUST_0182,Keyboard,Office,West,2,2000,0.05,3800.0,2660.0,1140.0,30.0,2024-09,Monday
ORD_04011,2025-11-15,CUST_0166,Monitor,Accessories,West,9,20000,0.15,153000.0,107100.0,45900.0,30.0,2025-11,Saturday
ORD_04012,2024-04-25,CUST_0017,Mouse,Office,East,3,800,0.2,1920.0,1344.0,576.0,30.0,2024-04,Thursday
ORD_04013,2025-11-23,CUST_0150,Mouse,Accessories,West,8,800,0.0,6400.0,4480.0,1920.0,30.0,2025-11,Sunday
ORD_04014,2024-03-31,CUST_0339,Mouse,Office,North,6,800,0.2,3840.0,2688.0,1152.0,30.0,2024-03,Sunday
ORD_04015,2024-03-22,CUST_0045,Printer,Accessories,South,5,15000,0.05,71250.0,49875.0,21375.0,30.0,2024-03,Friday
ORD_04016,2024-11-19,CUST_0330,Keyboard,Accessories,North,1,2000,0.0,2000.0,1400.0,600.0,30.0,2024-11,Tuesday
ORD_04017,2024-04-23,CUST_0189,Monitor,Office,South,4,20000,0.2,64000.0,44800.0,19200.0,30.0,2024-04,Tuesday
ORD_04018,2024-02-27,CUST_0139,Mouse,Office,East,3,800,0.1,2160.0,1512.0,648.0,30.0,2024-02,Tuesday
ORD_04019,2024-06-02,CUST_0061,Mouse,Accessories,South,1,800,0.15,680.0,475.99999999999994,204.00000000000006,30.00000000000001,2024-06,Sunday
ORD_04020,2025-02-07,CUST_0294,Monitor,Electronics,East,5,20000,0.2,80000.0,56000.0,24000.0,30.0,2025-02,Friday
ORD_04021,2025-09-19,CUST_0322,Keyboard,Accessories,North,6,2000,0.15,10200.0,7140.0,3060.0,30.0,2025-09,Friday
ORD_04022,2024-09-22,CUST_0033,Monitor,Accessories,East,2,20000,0.1,36000.0,25200.0,10800.0,30.0,2024-09,Sunday
ORD_04023,2024-11-10,CUST_0299,Printer,Electronics,West,3,15000,0.2,36000.0,25200.0,10800.0,30.0,2024-11,Sunday
ORD_04024,2025-12-15,CUST_0415,Printer,Accessories,West,6,15000,0.05,85500.0,59849.99999999999,25650.000000000007,30.00000000000001,2025-12,Monday
ORD_04025,2024-02-10,CUST_0112,Monitor,Electronics,South,4,20000,0.0,80000.0,56000.0,24000.0,30.0,2024-02,Saturday
ORD_04026,2024-04-14,CUST_0291,Keyboard,Electronics,North,9,2000,0.1,16200.0,11340.0,4860.0,30.0,2024-04,Sunday
ORD_04027,2024-07-11,CUST_0037,Mouse,Office,North,5,800,0.15,3400.0,2380.0,1020.0,30.0,2024-07,Thursday
ORD_04028,2025-02-04,CUST_0431,Printer,Accessories,South,4,15000,0.15,51000.0,35700.0,15300.0,30.0,2025-02,Tuesday
ORD_04029,2024-10-04,CUST_0495,Printer,Accessories,West,2,15000,0.1,27000.0,18900.0,8100.0,30.0,2024-10,Friday
ORD_04030,2024-12-19,CUST_0100,Keyboard,Electronics,East,6,2000,0.05,11400.0,7979.999999999999,3420.000000000001,30.00000000000001,2024-12,Thursday
ORD_04031,2025-08-02,CUST_0023,Printer,Accessories,South,2,15000,0.05,28500.0,19950.0,8550.0,30.0,2025-08,Saturday
ORD_04032,2025-12-09,CUST_0420,Printer,Electronics,East,7,15000,0.15,89250.0,62474.99999999999,26775.000000000007,30.00000000000001,2025-12,Tuesday
ORD_04033,2024-09-12,CUST_0424,Keyboard,Accessories,East,3,2000,0.1,5400.0,3779.9999999999995,1620.0000000000005,30.00000000000001,2024-09,Thursday
ORD_04034,2025-10-12,CUST_0487,Monitor,Accessories,North,9,20000,0.1,162000.0,113400.0,48600.0,30.0,2025-10,Sunday
ORD_04035,2025-10-22,CUST_0218,Mouse,Electronics,West,5,800,0.0,4000.0,2800.0,1200.0,30.0,2025-10,Wednesday
ORD_04036,2024-04-08,CUST_0089,Mouse,Electronics,East,8,800,0.15,5440.0,3807.9999999999995,1632.0000000000005,30.00000000000001,2024-04,Monday
ORD_04037,2025-08-10,CUST_0209,Printer,Accessories,West,6,15000,0.05,85500.0,59849.99999999999,25650.000000000007,30.00000000000001,2025-08,Sunday
ORD_04038,2024-10-08,CUST_0271,Mouse,Accessories,North,8,800,0.2,5120.0,3584.0,1536.0,30.0,2024-10,Tuesday
ORD_04039,2025-02-06,CUST_0421,Monitor,Electronics,South,3,20000,0.05,57000.0,39900.0,17100.0,30.0,2025-02,Thursday
ORD_04040,2024-04-18,CUST_0237,Printer,Office,South,3,15000,0.05,42750.0,29924.999999999996,12825.000000000004,30.00000000000001,2024-04,Thursday
ORD_04041,2025-11-30,CUST_0388,Mouse,Office,North,5,800,0.2,3200.0,2240.0,960.0,30.0,2025-11,Sunday
ORD_04042,2024-07-17,CUST_0406,Laptop,Accessories,North,3,60000,0.15,153000.0,107100.0,45900.0,30.0,2024-07,Wednesday
ORD_04043,2024-10-29,CUST_0209,Laptop,Accessories,East,8,60000,0.0,480000.0,336000.0,144000.0,30.0,2024-10,Tuesday
ORD_04044,2024-11-22,CUST_0278,Laptop,Accessories,North,8,60000,0.05,456000.0,319200.0,136800.0,30.0,2024-11,Friday
ORD_04045,2024-06-02,CUST_0465,Laptop,Electronics,South,2,60000,0.05,114000.0,79800.0,34200.0,30.0,2024-06,Sunday
ORD_04046,2025-07-05,CUST_0206,Laptop,Accessories,West,4,60000,0.15,204000.0,142800.0,61200.0,30.0,2025-07,Saturday
ORD_04047,2025-10-06,CUST_0078,Printer,Accessories,West,1,15000,0.15,12750.0,8925.0,3825.0,30.0,2025-10,Monday
ORD_04048,2025-02-08,CUST_0401,Keyboard,Accessories,West,4,2000,0.1,7200.0,5040.0,2160.0,30.0,2025-02,Saturday
ORD_04049,2025-04-06,CUST_0328,Keyboard,Office,West,4,2000,0.15,6800.0,4760.0,2040.0,30.0,2025-04,Sunday
ORD_04050,2024-05-11,CUST_0098,Printer,Accessories,North,9,15000,0.15,114750.0,80325.0,34425.0,30.0,2024-05,Saturday
ORD_04051,2024-03-24,CUST_0346,Printer,Accessories,North,3,15000,0.05,42750.0,29924.999999999996,12825.000000000004,30.00000000000001,2024-03,Sunday
ORD_04052,2025-02-02,CUST_0365,Monitor,Electronics,West,2,20000,0.0,40000.0,28000.0,12000.0,30.0,2025-02,Sunday
ORD_04053,2025-09-19,CUST_0350,Keyboard,Office,North,9,2000,0.05,17100.0,11970.0,5130.0,30.0,2025-09,Friday
ORD_04054,2024-04-18,CUST_0470,Laptop,Electronics,East,9,60000,0.15,459000.0,321300.0,137700.0,30.0,2024-04,Thursday
ORD_04055,2024-08-08,CUST_0336,Printer,Accessories,North,1,15000,0.1,13500.0,9450.0,4050.0,30.0,2024-08,Thursday
ORD_04056,2025-07-06,CUST_0094,Laptop,Accessories,East,6,60000,0.0,360000.0,251999.99999999997,108000.00000000003,30.00000000000001,2025-07,Sunday
ORD_04057,2025-01-02,CUST_0080,Keyboard,Accessories,East,8,2000,0.1,14400.0,10080.0,4320.0,30.0,2025-01,Thursday
ORD_04058,2024-05-26,CUST_0038,Mouse,Accessories,North,3,800,0.2,1920.0,1344.0,576.0,30.0,2024-05,Sunday
ORD_04059,2024-04-21,CUST_0408,Mouse,Accessories,West,9,800,0.1,6480.0,4536.0,1944.0,30.0,2024-04,Sunday
ORD_04060,2025-09-06,CUST_0228,Printer,Electronics,East,2,15000,0.1,27000.0,18900.0,8100.0,30.0,2025-09,Saturday
ORD_04061,2025-07-11,CUST_0483,Monitor,Accessories,North,6,20000,0.15,102000.0,71400.0,30600.0,30.0,2025-07,Friday
ORD_04062,2025-05-08,CUST_0134,Laptop,Accessories,South,1,60000,0.15,51000.0,35700.0,15300.0,30.0,2025-05,Thursday
ORD_04063,2025-05-19,CUST_0196,Printer,Office,West,7,15000,0.15,89250.0,62474.99999999999,26775.000000000007,30.00000000000001,2025-05,Monday
ORD_04064,2025-04-19,CUST_0466,Monitor,Office,South,3,20000,0.15,51000.0,35700.0,15300.0,30.0,2025-04,Saturday
ORD_04065,2024-09-27,CUST_0390,Laptop,Accessories,East,7,60000,0.15,357000.0,249899.99999999997,107100.00000000003,30.00000000000001,2024-09,Friday
ORD_04066,2025-02-24,CUST_0282,Keyboard,Accessories,South,4,2000,0.1,7200.0,5040.0,2160.0,30.0,2025-02,Monday
ORD_04067,2025-12-07,CUST_0101,Mouse,Accessories,North,9,800,0.2,5760.0,4031.9999999999995,1728.0000000000005,30.00000000000001,2025-12,Sunday
ORD_04068,2025-01-01,CUST_0475,Monitor,Accessories,West,5,20000,0.15,85000.0,59499.99999999999,25500.000000000007,30.00000000000001,2025-01,Wednesday
ORD_04069,2024-10-06,CUST_0425,Laptop,Accessories,East,3,60000,0.2,144000.0,100800.0,43200.0,30.0,2024-10,Sunday
ORD_04070,2024-10-09,CUST_0075,Printer,Accessories,North,8,15000,0.2,96000.0,67200.0,28800.0,30.0,2024-10,Wednesday
ORD_04071,2024-02-09,CUST_0294,Laptop,Electronics,West,6,60000,0.05,342000.0,239399.99999999997,102600.00000000003,30.00000000000001,2024-02,Friday
ORD_04072,2024-07-07,CUST_0208,Printer,Electronics,East,2,15000,0.05,28500.0,19950.0,8550.0,30.0,2024-07,Sunday
ORD_04073,2024-06-12,CUST_0083,Mouse,Electronics,East,3,800,0.0,2400.0,1680.0,720.0,30.0,2024-06,Wednesday
ORD_04074,2025-06-19,CUST_0427,Mouse,Office,East,8,800,0.05,6080.0,4256.0,1824.0,30.0,2025-06,Thursday
ORD_04075,2025-06-19,CUST_0437,Laptop,Accessories,East,7,60000,0.15,357000.0,249899.99999999997,107100.00000000003,30.00000000000001,2025-06,Thursday
ORD_04076,2024-01-04,CUST_0143,Laptop,Office,South,6,60000,0.2,288000.0,201600.0,86400.0,30.0,2024-01,Thursday
ORD_04077,2024-10-16,CUST_0474,Printer,Office,South,1,15000,0.0,15000.0,10500.0,4500.0,30.0,2024-10,Wednesday
ORD_04078,2025-03-08,CUST_0056,Printer,Office,South,9,15000,0.05,128250.0,89775.0,38475.0,30.0,2025-03,Saturday
ORD_04079,2025-04-15,CUST_0361,Monitor,Electronics,East,3,20000,0.1,54000.0,37800.0,16200.0,30.0,2025-04,Tuesday
ORD_04080,2024-06-29,CUST_0440,Monitor,Accessories,South,5,20000,0.0,100000.0,70000.0,30000.0,30.0,2024-06,Saturday
ORD_04081,2024-09-04,CUST_0287,Monitor,Accessories,West,7,20000,0.15,119000.0,83300.0,35700.0,30.0,2024-09,Wednesday
ORD_04082,2025-09-19,CUST_0211,Laptop,Office,East,7,60000,0.2,336000.0,235199.99999999997,100800.00000000003,30.00000000000001,2025-09,Friday
ORD_04083,2024-10-05,CUST_0441,Monitor,Electronics,West,3,20000,0.15,51000.0,35700.0,15300.0,30.0,2024-10,Saturday
ORD_04084,2025-08-03,CUST_0179,Laptop,Office,West,4,60000,0.15,204000.0,142800.0,61200.0,30.0,2025-08,Sunday
ORD_04085,2024-09-10,CUST_0408,Mouse,Office,South,7,800,0.1,5040.0,3528.0,1512.0,30.0,2024-09,Tuesday
ORD_04086,2024-06-29,CUST_0058,Keyboard,Accessories,East,8,2000,0.1,14400.0,10080.0,4320.0,30.0,2024-06,Saturday
ORD_04087,2025-11-11,CUST_0073,Mouse,Electronics,South,2,800,0.2,1280.0,896.0,384.0,30.0,2025-11,Tuesday
ORD_04088,2025-05-23,CUST_0215,Laptop,Accessories,South,9,60000,0.05,513000.0,359100.0,153900.0,30.0,2025-05,Friday
ORD_04089,2025-11-30,CUST_0388,Laptop,Office,South,7,60000,0.15,357000.0,249899.99999999997,107100.00000000003,30.00000000000001,2025-11,Sunday
ORD_04090,2025-07-19,CUST_0266,Keyboard,Accessories,East,8,2000,0.05,15200.0,10640.0,4560.0,30.0,2025-07,Saturday
ORD_04091,2024-11-21,CUST_0447,Printer,Office,East,6,15000,0.2,72000.0,50400.0,21600.0,30.0,2024-11,Thursday
ORD_04092,2024-12-22,CUST_0073,Printer,Electronics,South,6,15000,0.15,76500.0,53550.0,22950.0,30.0,2024-12,Sunday
ORD_04093,2025-10-11,CUST_0467,Printer,Accessories,West,9,15000,0.05,128250.0,89775.0,38475.0,30.0,2025-10,Saturday
ORD_04094,2025-11-10,CUST_0271,Monitor,Accessories,West,4,20000,0.15,68000.0,47600.0,20400.0,30.0,2025-11,Monday
ORD_04095,2025-01-25,CUST_0499,Printer,Accessories,East,5,15000,0.1,67500.0,47250.0,20250.0,30.0,2025-01,Saturday
ORD_04096,2025-09-06,CUST_0354,Monitor,Accessories,North,9,20000,0.1,162000.0,113400.0,48600.0,30.0,2025-09,Saturday
ORD_04097,2024-03-25,CUST_0234,Monitor,Accessories,South,1,20000,0.0,20000.0,14000.0,6000.0,30.0,2024-03,Monday
ORD_04098,2024-11-12,CUST_0319,Printer,Electronics,South,4,15000,0.2,48000.0,33600.0,14400.0,30.0,2024-11,Tuesday
ORD_04099,2024-07-30,CUST_0019,Printer,Electronics,North,7,15000,0.05,99750.0,69825.0,29925.0,30.0,2024-07,Tuesday
ORD_04100,2025-05-29,CUST_0113,Keyboard,Accessories,East,9,2000,0.15,15300.0,10710.0,4590.0,30.0,2025-05,Thursday
ORD_04101,2025-01-18,CUST_0063,Keyboard,Office,West,6,2000,0.0,12000.0,8400.0,3600.0,30.0,2025-01,Saturday
ORD_04102,2025-11-21,CUST_0372,Monitor,Office,East,8,20000,0.2,128000.0,89600.0,38400.0,30.0,2025-11,Friday
ORD_04103,2024-12-07,CUST_0184,Keyboard,Accessories,West,9,2000,0.2,14400.0,10080.0,4320.0,30.0,2024-12,Saturday
ORD_04104,2024-02-07,CUST_0277,Monitor,Accessories,West,4,20000,0.2,64000.0,44800.0,19200.0,30.0,2024-02,Wednesday
ORD_04105,2025-05-25,CUST_0162,Laptop,Electronics,East,1,60000,0.05,57000.0,39900.0,17100.0,30.0,2025-05,Sunday
ORD_04106,2025-02-23,CUST_0243,Monitor,Electronics,South,8,20000,0.1,144000.0,100800.0,43200.0,30.0,2025-02,Sunday
ORD_04107,2024-06-17,CUST_0145,Monitor,Accessories,South,2,20000,0.0,40000.0,28000.0,12000.0,30.0,2024-06,Monday
ORD_04108,2024-12-08,CUST_0146,Keyboard,Accessories,South,1,2000,0.05,1900.0,1330.0,570.0,30.0,2024-12,Sunday
ORD_04109,2024-11-01,CUST_0081,Laptop,Office,West,7,60000,0.15,357000.0,249899.99999999997,107100.00000000003,30.00000000000001,2024-11,Friday
ORD_04110,2025-06-25,CUST_0322,Mouse,Electronics,South,9,800,0.05,6840.0,4788.0,2052.0,30.0,2025-06,Wednesday
ORD_04111,2025-12-02,CUST_0435,Mouse,Accessories,West,9,800,0.15,6120.0,4284.0,1836.0,30.0,2025-12,Tuesday
ORD_04112,2025-06-20,CUST_0321,Mouse,Electronics,South,3,800,0.15,2040.0,1428.0,612.0,30.0,2025-06,Friday
ORD_04113,2024-04-21,CUST_0043,Laptop,Accessories,East,6,60000,0.2,288000.0,201600.0,86400.0,30.0,2024-04,Sunday
ORD_04114,2025-02-14,CUST_0313,Printer,Accessories,North,7,15000,0.05,99750.0,69825.0,29925.0,30.0,2025-02,Friday
ORD_04115,2024-07-24,CUST_0394,Laptop,Accessories,West,9,60000,0.1,486000.0,340200.0,145800.0,30.0,2024-07,Wednesday
ORD_04116,2024-07-03,CUST_0293,Keyboard,Accessories,East,2,2000,0.15,3400.0,2380.0,1020.0,30.0,2024-07,Wednesday
ORD_04117,2025-01-16,CUST_0176,Monitor,Office,West,8,20000,0.2,128000.0,89600.0,38400.0,30.0,2025-01,Thursday
ORD_04118,2025-05-10,CUST_0376,Monitor,Accessories,West,7,20000,0.1,126000.0,88200.0,37800.0,30.0,2025-05,Saturday
ORD_04119,2025-01-13,CUST_0069,Keyboard,Office,East,4,2000,0.05,7600.0,5320.0,2280.0,30.0,2025-01,Monday
ORD_04120,2024-02-16,CUST_0056,Keyboard,Office,South,2,2000,0.1,3600.0,2520.0,1080.0,30.0,2024-02,Friday
ORD_04121,2025-07-04,CUST_0119,Monitor,Accessories,West,8,20000,0.05,152000.0,106400.0,45600.0,30.0,2025-07,Friday
ORD_04122,2025-06-11,CUST_0204,Printer,Electronics,North,5,15000,0.15,63750.0,44625.0,19125.0,30.0,2025-06,Wednesday
ORD_04123,2025-05-18,CUST_0420,Printer,Electronics,North,6,15000,0.0,90000.0,62999.99999999999,27000.000000000007,30.00000000000001,2025-05,Sunday
ORD_04124,2024-01-22,CUST_0415,Printer,Accessories,East,7,15000,0.0,105000.0,73500.0,31500.0,30.0,2024-01,Monday
ORD_04125,2024-07-31,CUST_0055,Keyboard,Accessories,North,1,2000,0.15,1700.0,1190.0,510.0,30.0,2024-07,Wednesday
ORD_04126,2024-11-05,CUST_0038,Monitor,Accessories,East,8,20000,0.1,144000.0,100800.0,43200.0,30.0,2024-11,Tuesday
ORD_04127,2025-10-22,CUST_0243,Monitor,Electronics,East,4,20000,0.05,76000.0,53200.0,22800.0,30.0,2025-10,Wednesday
ORD_04128,2024-09-28,CUST_0201,Monitor,Electronics,West,9,20000,0.0,180000.0,125999.99999999999,54000.000000000015,30.00000000000001,2024-09,Saturday
ORD_04129,2025-07-24,CUST_0236,Laptop,Accessories,East,1,60000,0.05,57000.0,39900.0,17100.0,30.0,2025-07,Thursday
ORD_04130,2024-07-20,CUST_0474,Laptop,Electronics,East,2,60000,0.15,102000.0,71400.0,30600.0,30.0,2024-07,Saturday
ORD_04131,2024-02-01,CUST_0015,Mouse,Office,South,6,800,0.1,4320.0,3024.0,1296.0,30.0,2024-02,Thursday
ORD_04132,2025-03-18,CUST_0144,Laptop,Electronics,West,1,60000,0.05,57000.0,39900.0,17100.0,30.0,2025-03,Tuesday
ORD_04133,2024-06-10,CUST_0077,Printer,Electronics,North,4,15000,0.1,54000.0,37800.0,16200.0,30.0,2024-06,Monday
ORD_04134,2024-09-10,CUST_0473,Printer,Accessories,South,8,15000,0.0,120000.0,84000.0,36000.0,30.0,2024-09,Tuesday
ORD_04135,2025-06-04,CUST_0478,Printer,Office,South,5,15000,0.05,71250.0,49875.0,21375.0,30.0,2025-06,Wednesday
ORD_04136,2025-10-12,CUST_0309,Printer,Accessories,West,9,15000,0.2,108000.0,75600.0,32400.0,30.0,2025-10,Sunday
ORD_04137,2025-04-24,CUST_0440,Mouse,Electronics,West,6,800,0.0,4800.0,3360.0,1440.0,30.0,2025-04,Thursday
ORD_04138,2024-01-10,CUST_0263,Printer,Office,South,1,15000,0.1,13500.0,9450.0,4050.0,30.0,2024-01,Wednesday
ORD_04139,2025-12-26,CUST_0185,Keyboard,Accessories,West,6,2000,0.15,10200.0,7140.0,3060.0,30.0,2025-12,Friday
ORD_04140,2025-05-19,CUST_0055,Keyboard,Electronics,West,6,2000,0.2,9600.0,6720.0,2880.0,30.0,2025-05,Monday
ORD_04141,2025-07-13,CUST_0308,Keyboard,Office,East,6,2000,0.05,11400.0,7979.999999999999,3420.000000000001,30.00000000000001,2025-07,Sunday
ORD_04142,2025-03-11,CUST_0004,Laptop,Accessories,West,8,60000,0.0,480000.0,336000.0,144000.0,30.0,2025-03,Tuesday
ORD_04143,2024-04-20,CUST_0299,Monitor,Office,East,6,20000,0.05,114000.0,79800.0,34200.0,30.0,2024-04,Saturday
ORD_04144,2024-06-01,CUST_0040,Mouse,Electronics,South,5,800,0.05,3800.0,2660.0,1140.0,30.0,2024-06,Saturday
ORD_04145,2025-09-26,CUST_0230,Keyboard,Accessories,South,2,2000,0.2,3200.0,2240.0,960.0,30.0,2025-09,Friday
ORD_04146,2024-04-11,CUST_0377,Keyboard,Electronics,North,4,2000,0.2,6400.0,4480.0,1920.0,30.0,2024-04,Thursday
ORD_04147,2024-07-09,CUST_0286,Printer,Office,West,5,15000,0.2,60000.0,42000.0,18000.0,30.0,2024-07,Tuesday
ORD_04148,2025-12-29,CUST_0138,Keyboard,Electronics,South,4,2000,0.2,6400.0,4480.0,1920.0,30.0,2025-12,Monday
ORD_04149,2025-07-16,CUST_0478,Printer,Office,East,2,15000,0.15,25500.0,17850.0,7650.0,30.0,2025-07,Wednesday
ORD_04150,2024-03-21,CUST_0103,Printer,Accessories,South,7,15000,0.1,94500.0,66150.0,28350.0,30.0,2024-03,Thursday
ORD_04151,2025-05-03,CUST_0007,Monitor,Electronics,West,2,20000,0.2,32000.0,22400.0,9600.0,30.0,2025-05,Saturday
ORD_04152,2024-03-28,CUST_0164,Laptop,Accessories,North,1,60000,0.0,60000.0,42000.0,18000.0,30.0,2024-03,Thursday
ORD_04153,2024-07-12,CUST_0419,Printer,Accessories,North,5,15000,0.05,71250.0,49875.0,21375.0,30.0,2024-07,Friday
ORD_04154,2024-04-13,CUST_0472,Printer,Accessories,South,1,15000,0.2,12000.0,8400.0,3600.0,30.0,2024-04,Saturday
ORD_04155,2024-04-05,CUST_0423,Monitor,Accessories,North,1,20000,0.0,20000.0,14000.0,6000.0,30.0,2024-04,Friday
ORD_04156,2025-02-26,CUST_0420,Printer,Electronics,West,1,15000,0.15,12750.0,8925.0,3825.0,30.0,2025-02,Wednesday
ORD_04157,2024-07-16,CUST_0365,Mouse,Electronics,West,6,800,0.0,4800.0,3360.0,1440.0,30.0,2024-07,Tuesday
ORD_04158,2024-01-01,CUST_0276,Laptop,Accessories,North,9,60000,0.0,540000.0,378000.0,162000.0,30.0,2024-01,Monday
ORD_04159,2025-02-10,CUST_0049,Mouse,Accessories,East,1,800,0.15,680.0,475.99999999999994,204.00000000000006,30.00000000000001,2025-02,Monday
ORD_04160,2025-01-12,CUST_0096,Keyboard,Office,North,5,2000,0.15,8500.0,5950.0,2550.0,30.0,2025-01,Sunday
ORD_04161,2024-06-15,CUST_0059,Laptop,Accessories,North,9,60000,0.05,513000.0,359100.0,153900.0,30.0,2024-06,Saturday
ORD_04162,2025-05-23,CUST_0231,Keyboard,Office,South,9,2000,0.2,14400.0,10080.0,4320.0,30.0,2025-05,Friday
ORD_04163,2025-09-29,CUST_0177,Printer,Office,East,1,15000,0.0,15000.0,10500.0,4500.0,30.0,2025-09,Monday
ORD_04164,2024-11-08,CUST_0090,Monitor,Accessories,North,8,20000,0.1,144000.0,100800.0,43200.0,30.0,2024-11,Friday
ORD_04165,2025-08-15,CUST_0282,Mouse,Electronics,South,1,800,0.1,720.0,503.99999999999994,216.00000000000006,30.00000000000001,2025-08,Friday
ORD_04166,2025-02-21,CUST_0036,Keyboard,Office,South,8,2000,0.05,15200.0,10640.0,4560.0,30.0,2025-02,Friday
ORD_04167,2025-11-11,CUST_0171,Printer,Electronics,South,1,15000,0.1,13500.0,9450.0,4050.0,30.0,2025-11,Tuesday
ORD_04168,2025-04-21,CUST_0126,Mouse,Accessories,West,5,800,0.05,3800.0,2660.0,1140.0,30.0,2025-04,Monday
ORD_04169,2024-03-13,CUST_0483,Mouse,Accessories,South,8,800,0.2,5120.0,3584.0,1536.0,30.0,2024-03,Wednesday
ORD_04170,2024-05-20,CUST_0299,Keyboard,Accessories,South,6,2000,0.05,11400.0,7979.999999999999,3420.000000000001,30.00000000000001,2024-05,Monday
ORD_04171,2025-08-04,CUST_0355,Printer,Accessories,West,9,15000,0.15,114750.0,80325.0,34425.0,30.0,2025-08,Monday
ORD_04172,2024-09-18,CUST_0204,Monitor,Office,West,1,20000,0.15,17000.0,11900.0,5100.0,30.0,2024-09,Wednesday
ORD_04173,2024-12-05,CUST_0289,Keyboard,Office,South,9,2000,0.15,15300.0,10710.0,4590.0,30.0,2024-12,Thursday
ORD_04174,2024-11-03,CUST_0356,Mouse,Electronics,North,1,800,0.15,680.0,475.99999999999994,204.00000000000006,30.00000000000001,2024-11,Sunday
ORD_04175,2024-09-01,CUST_0462,Mouse,Electronics,East,3,800,0.15,2040.0,1428.0,612.0,30.0,2024-09,Sunday
ORD_04176,2025-05-29,CUST_0097,Laptop,Office,West,1,60000,0.15,51000.0,35700.0,15300.0,30.0,2025-05,Thursday
ORD_04177,2024-12-02,CUST_0238,Printer,Accessories,East,3,15000,0.15,38250.0,26775.0,11475.0,30.0,2024-12,Monday
ORD_04178,2025-07-28,CUST_0173,Laptop,Electronics,West,2,60000,0.15,102000.0,71400.0,30600.0,30.0,2025-07,Monday
ORD_04179,2025-07-14,CUST_0301,Monitor,Office,South,2,20000,0.15,34000.0,23800.0,10200.0,30.0,2025-07,Monday
ORD_04180,2024-03-16,CUST_0088,Keyboard,Electronics,West,9,2000,0.2,14400.0,10080.0,4320.0,30.0,2024-03,Saturday
ORD_04181,2024-06-23,CUST_0399,Mouse,Office,South,8,800,0.15,5440.0,3807.9999999999995,1632.0000000000005,30.00000000000001,2024-06,Sunday
ORD_04182,2024-04-18,CUST_0351,Printer,Accessories,East,1,15000,0.05,14250.0,9975.0,4275.0,30.0,2024-04,Thursday
ORD_04183,2024-07-01,CUST_0017,Mouse,Office,North,4,800,0.2,2560.0,1792.0,768.0,30.0,2024-07,Monday
ORD_04184,2024-07-10,CUST_0140,Laptop,Electronics,South,1,60000,0.1,54000.0,37800.0,16200.0,30.0,2024-07,Wednesday
ORD_04185,2024-03-05,CUST_0254,Laptop,Office,East,1,60000,0.0,60000.0,42000.0,18000.0,30.0,2024-03,Tuesday
ORD_04186,2025-04-18,CUST_0278,Keyboard,Electronics,East,4,2000,0.2,6400.0,4480.0,1920.0,30.0,2025-04,Friday
ORD_04187,2024-04-09,CUST_0151,Printer,Electronics,West,2,15000,0.15,25500.0,17850.0,7650.0,30.0,2024-04,Tuesday
ORD_04188,2025-06-27,CUST_0346,Printer,Electronics,South,3,15000,0.2,36000.0,25200.0,10800.0,30.0,2025-06,Friday
ORD_04189,2024-05-07,CUST_0334,Keyboard,Accessories,East,9,2000,0.0,18000.0,12600.0,5400.0,30.0,2024-05,Tuesday
ORD_04190,2025-03-27,CUST_0140,Laptop,Accessories,North,2,60000,0.0,120000.0,84000.0,36000.0,30.0,2025-03,Thursday
ORD_04191,2025-01-03,CUST_0114,Laptop,Office,West,4,60000,0.15,204000.0,142800.0,61200.0,30.0,2025-01,Friday
ORD_04192,2024-02-12,CUST_0068,Laptop,Office,West,1,60000,0.15,51000.0,35700.0,15300.0,30.0,2024-02,Monday
ORD_04193,2025-02-22,CUST_0366,Mouse,Electronics,East,2,800,0.05,1520.0,1064.0,456.0,30.0,2025-02,Saturday
ORD_04194,2025-05-02,CUST_0179,Monitor,Accessories,South,5,20000,0.0,100000.0,70000.0,30000.0,30.0,2025-05,Friday
ORD_04195,2024-03-18,CUST_0125,Laptop,Office,West,1,60000,0.15,51000.0,35700.0,15300.0,30.0,2024-03,Monday
ORD_04196,2024-09-26,CUST_0397,Monitor,Office,South,7,20000,0.0,140000.0,98000.0,42000.0,30.0,2024-09,Thursday
ORD_04197,2025-11-04,CUST_0313,Monitor,Accessories,East,4,20000,0.05,76000.0,53200.0,22800.0,30.0,2025-11,Tuesday
ORD_04198,2025-12-01,CUST_0311,Printer,Electronics,East,6,15000,0.1,81000.0,56700.0,24300.0,30.0,2025-12,Monday
ORD_04199,2025-12-28,CUST_0338,Keyboard,Office,South,8,2000,0.0,16000.0,11200.0,4800.0,30.0,2025-12,Sunday
ORD_04200,2024-11-10,CUST_0363,Mouse,Electronics,North,6,800,0.05,4560.0,3192.0,1368.0,30.0,2024-11,Sunday
ORD_04201,2024-06-16,CUST_0412,Monitor,Accessories,West,2,20000,0.05,38000.0,26600.0,11400.0,30.0,2024-06,Sunday
ORD_04202,2024-12-04,CUST_0358,Mouse,Accessories,East,1,800,0.05,760.0,532.0,228.0,30.0,2024-12,Wednesday
ORD_04203,2024-07-11,CUST_0233,Printer,Office,North,8,15000,0.2,96000.0,67200.0,28800.0,30.0,2024-07,Thursday
ORD_04204,2025-03-28,CUST_0428,Laptop,Office,North,8,60000,0.15,408000.0,285600.0,122400.0,30.0,2025-03,Friday
ORD_04205,2024-10-09,CUST_0147,Monitor,Accessories,South,9,20000,0.0,180000.0,125999.99999999999,54000.000000000015,30.00000000000001,2024-10,Wednesday
ORD_04206,2024-12-01,CUST_0430,Keyboard,Electronics,South,6,2000,0.2,9600.0,6720.0,2880.0,30.0,2024-12,Sunday
ORD_04207,2025-01-24,CUST_0111,Printer,Electronics,South,1,15000,0.0,15000.0,10500.0,4500.0,30.0,2025-01,Friday
ORD_04208,2025-06-08,CUST_0363,Mouse,Accessories,North,9,800,0.2,5760.0,4031.9999999999995,1728.0000000000005,30.00000000000001,2025-06,Sunday
ORD_04209,2024-08-27,CUST_0358,Laptop,Office,West,3,60000,0.15,153000.0,107100.0,45900.0,30.0,2024-08,Tuesday
ORD_04210,2025-04-27,CUST_0238,Mouse,Accessories,South,6,800,0.05,4560.0,3192.0,1368.0,30.0,2025-04,Sunday
ORD_04211,2025-10-20,CUST_0003,Keyboard,Office,West,9,2000,0.0,18000.0,12600.0,5400.0,30.0,2025-10,Monday
ORD_04212,2025-12-16,CUST_0211,Monitor,Electronics,South,3,20000,0.05,57000.0,39900.0,17100.0,30.0,2025-12,Tuesday
ORD_04213,2025-08-14,CUST_0404,Keyboard,Office,North,5,2000,0.15,8500.0,5950.0,2550.0,30.0,2025-08,Thursday
ORD_04214,2025-07-08,CUST_0025,Mouse,Electronics,West,5,800,0.0,4000.0,2800.0,1200.0,30.0,2025-07,Tuesday
ORD_04215,2025-04-02,CUST_0331,Mouse,Accessories,West,7,800,0.1,5040.0,3528.0,1512.0,30.0,2025-04,Wednesday
ORD_04216,2024-03-29,CUST_0184,Keyboard,Office,North,4,2000,0.1,7200.0,5040.0,2160.0,30.0,2024-03,Friday
ORD_04217,2025-10-21,CUST_0465,Keyboard,Electronics,West,4,2000,0.1,7200.0,5040.0,2160.0,30.0,2025-10,Tuesday
ORD_04218,2024-04-04,CUST_0061,Keyboard,Office,North,7,2000,0.15,11900.0,8330.0,3570.0,30.0,2024-04,Thursday
ORD_04219,2025-03-27,CUST_0123,Laptop,Electronics,North,9,60000,0.1,486000.0,340200.0,145800.0,30.0,2025-03,Thursday
ORD_04220,2025-03-03,CUST_0497,Mouse,Electronics,East,4,800,0.0,3200.0,2240.0,960.0,30.0,2025-03,Monday
ORD_04221,2024-05-30,CUST_0055,Printer,Accessories,South,4,15000,0.1,54000.0,37800.0,16200.0,30.0,2024-05,Thursday
ORD_04222,2025-05-28,CUST_0163,Laptop,Accessories,East,6,60000,0.0,360000.0,251999.99999999997,108000.00000000003,30.00000000000001,2025-05,Wednesday
ORD_04223,2025-01-10,CUST_0462,Laptop,Office,North,6,60000,0.15,306000.0,214200.0,91800.0,30.0,2025-01,Friday
ORD_04224,2024-01-22,CUST_0187,Laptop,Electronics,North,7,60000,0.05,399000.0,279300.0,119700.0,30.0,2024-01,Monday
ORD_04225,2024-11-08,CUST_0039,Printer,Accessories,West,1,15000,0.2,12000.0,8400.0,3600.0,30.0,2024-11,Friday
ORD_04226,2025-06-02,CUST_0185,Keyboard,Office,North,3,2000,0.1,5400.0,3779.9999999999995,1620.0000000000005,30.00000000000001,2025-06,Monday
ORD_04227,2024-07-24,CUST_0083,Mouse,Accessories,North,9,800,0.2,5760.0,4031.9999999999995,1728.0000000000005,30.00000000000001,2024-07,Wednesday
ORD_04228,2025-01-09,CUST_0195,Monitor,Office,North,6,20000,0.05,114000.0,79800.0,34200.0,30.0,2025-01,Thursday
ORD_04229,2025-03-26,CUST_0034,Monitor,Accessories,South,6,20000,0.15,102000.0,71400.0,30600.0,30.0,2025-03,Wednesday
ORD_04230,2025-09-17,CUST_0113,Mouse,Accessories,East,5,800,0.15,3400.0,2380.0,1020.0,30.0,2025-09,Wednesday
ORD_04231,2025-08-17,CUST_0425,Printer,Electronics,East,3,15000,0.05,42750.0,29924.999999999996,12825.000000000004,30.00000000000001,2025-08,Sunday
ORD_04232,2024-06-27,CUST_0406,Monitor,Electronics,South,5,20000,0.2,80000.0,56000.0,24000.0,30.0,2024-06,Thursday
ORD_04233,2024-07-28,CUST_0230,Laptop,Accessories,South,1,60000,0.1,54000.0,37800.0,16200.0,30.0,2024-07,Sunday
ORD_04234,2025-05-14,CUST_0283,Monitor,Electronics,South,3,20000,0.0,60000.0,42000.0,18000.0,30.0,2025-05,Wednesday
ORD_04235,2025-04-08,CUST_0405,Mouse,Accessories,East,4,800,0.15,2720.0,1903.9999999999998,816.0000000000002,30.00000000000001,2025-04,Tuesday
ORD_04236,2024-05-03,CUST_0425,Laptop,Office,East,5,60000,0.05,285000.0,199500.0,85500.0,30.0,2024-05,Friday
ORD_04237,2024-04-22,CUST_0287,Monitor,Accessories,North,9,20000,0.2,144000.0,100800.0,43200.0,30.0,2024-04,Monday
ORD_04238,2024-01-12,CUST_0155,Mouse,Accessories,East,4,800,0.1,2880.0,2015.9999999999998,864.0000000000002,30.00000000000001,2024-01,Friday
ORD_04239,2024-05-05,CUST_0165,Printer,Office,West,3,15000,0.2,36000.0,25200.0,10800.0,30.0,2024-05,Sunday
ORD_04240,2025-07-18,CUST_0450,Mouse,Office,East,1,800,0.1,720.0,503.99999999999994,216.00000000000006,30.00000000000001,2025-07,Friday
ORD_04241,2024-11-26,CUST_0182,Printer,Electronics,South,6,15000,0.0,90000.0,62999.99999999999,27000.000000000007,30.00000000000001,2024-11,Tuesday
ORD_04242,2024-10-09,CUST_0239,Laptop,Office,East,7,60000,0.0,420000.0,294000.0,126000.0,30.0,2024-10,Wednesday
ORD_04243,2024-05-19,CUST_0137,Mouse,Electronics,North,8,800,0.05,6080.0,4256.0,1824.0,30.0,2024-05,Sunday
ORD_04244,2025-02-04,CUST_0339,Keyboard,Accessories,East,1,2000,0.05,1900.0,1330.0,570.0,30.0,2025-02,Tuesday
ORD_04245,2024-04-06,CUST_0426,Keyboard,Office,South,4,2000,0.1,7200.0,5040.0,2160.0,30.0,2024-04,Saturday
ORD_04246,2025-05-31,CUST_0420,Keyboard,Accessories,West,5,2000,0.1,9000.0,6300.0,2700.0,30.0,2025-05,Saturday
ORD_04247,2025-07-22,CUST_0266,Keyboard,Electronics,South,2,2000,0.1,3600.0,2520.0,1080.0,30.0,2025-07,Tuesday
ORD_04248,2024-03-09,CUST_0187,Keyboard,Office,West,1,2000,0.1,1800.0,1260.0,540.0,30.0,2024-03,Saturday
ORD_04249,2024-04-27,CUST_0040,Printer,Electronics,North,8,15000,0.0,120000.0,84000.0,36000.0,30.0,2024-04,Saturday
ORD_04250,2024-02-28,CUST_0310,Mouse,Electronics,North,6,800,0.05,4560.0,3192.0,1368.0,30.0,2024-02,Wednesday
ORD_04251,2024-02-02,CUST_0493,Laptop,Office,East,5,60000,0.05,285000.0,199500.0,85500.0,30.0,2024-02,Friday
ORD_04252,2024-11-13,CUST_0167,Keyboard,Office,North,9,2000,0.15,15300.0,10710.0,4590.0,30.0,2024-11,Wednesday
ORD_04253,2024-02-19,CUST_0391,Keyboard,Electronics,North,2,2000,0.05,3800.0,2660.0,1140.0,30.0,2024-02,Monday
ORD_04254,2025-05-03,CUST_0260,Laptop,Office,South,8,60000,0.05,456000.0,319200.0,136800.0,30.0,2025-05,Saturday
ORD_04255,2024-01-19,CUST_0143,Laptop,Electronics,South,9,60000,0.2,432000.0,302400.0,129600.0,30.0,2024-01,Friday
ORD_04256,2025-12-26,CUST_0204,Keyboard,Accessories,East,1,2000,0.2,1600.0,1120.0,480.0,30.0,2025-12,Friday
ORD_04257,2024-07-15,CUST_0176,Printer,Accessories,East,7,15000,0.15,89250.0,62474.99999999999,26775.000000000007,30.00000000000001,2024-07,Monday
ORD_04258,2025-03-25,CUST_0262,Laptop,Office,East,8,60000,0.1,432000.0,302400.0,129600.0,30.0,2025-03,Tuesday
ORD_04259,2025-07-12,CUST_0252,Mouse,Office,East,3,800,0.15,2040.0,1428.0,612.0,30.0,2025-07,Saturday
ORD_04260,2025-11-09,CUST_0329,Mouse,Accessories,South,4,800,0.15,2720.0,1903.9999999999998,816.0000000000002,30.00000000000001,2025-11,Sunday
ORD_04261,2025-03-27,CUST_0419,Printer,Electronics,East,3,15000,0.0,45000.0,31499.999999999996,13500.000000000004,30.00000000000001,2025-03,Thursday
ORD_04262,2024-10-15,CUST_0200,Monitor,Electronics,East,7,20000,0.05,133000.0,93100.0,39900.0,30.0,2024-10,Tuesday
ORD_04263,2024-05-20,CUST_0199,Printer,Electronics,North,9,15000,0.0,135000.0,94500.0,40500.0,30.0,2024-05,Monday
ORD_04264,2024-03-24,CUST_0196,Keyboard,Office,East,3,2000,0.05,5700.0,3989.9999999999995,1710.0000000000005,30.00000000000001,2024-03,Sunday
ORD_04265,2025-11-24,CUST_0314,Monitor,Electronics,West,6,20000,0.15,102000.0,71400.0,30600.0,30.0,2025-11,Monday
ORD_04266,2025-01-25,CUST_0077,Keyboard,Office,North,8,2000,0.05,15200.0,10640.0,4560.0,30.0,2025-01,Saturday
ORD_04267,2025-08-13,CUST_0019,Mouse,Office,South,6,800,0.1,4320.0,3024.0,1296.0,30.0,2025-08,Wednesday
ORD_04268,2024-08-02,CUST_0062,Laptop,Office,West,2,60000,0.1,108000.0,75600.0,32400.0,30.0,2024-08,Friday
ORD_04269,2025-06-09,CUST_0327,Keyboard,Accessories,East,7,2000,0.15,11900.0,8330.0,3570.0,30.0,2025-06,Monday
ORD_04270,2024-08-02,CUST_0394,Mouse,Electronics,North,2,800,0.2,1280.0,896.0,384.0,30.0,2024-08,Friday
ORD_04271,2025-02-06,CUST_0281,Printer,Office,East,2,15000,0.1,27000.0,18900.0,8100.0,30.0,2025-02,Thursday
ORD_04272,2024-05-07,CUST_0428,Keyboard,Electronics,North,2,2000,0.15,3400.0,2380.0,1020.0,30.0,2024-05,Tuesday
ORD_04273,2025-04-21,CUST_0250,Mouse,Accessories,East,1,800,0.0,800.0,560.0,240.0,30.0,2025-04,Monday
ORD_04274,2025-02-07,CUST_0227,Laptop,Electronics,West,1,60000,0.2,48000.0,33600.0,14400.0,30.0,2025-02,Friday
ORD_04275,2024-01-29,CUST_0127,Keyboard,Accessories,South,7,2000,0.1,12600.0,8820.0,3780.0,30.0,2024-01,Monday
ORD_04276,2024-12-03,CUST_0058,Mouse,Office,West,5,800,0.15,3400.0,2380.0,1020.0,30.0,2024-12,Tuesday
ORD_04277,2025-12-14,CUST_0409,Keyboard,Office,West,3,2000,0.15,5100.0,3570.0,1530.0,30.0,2025-12,Sunday
ORD_04278,2024-12-26,CUST_0477,Laptop,Accessories,South,1,60000,0.0,60000.0,42000.0,18000.0,30.0,2024-12,Thursday
ORD_04279,2025-07-22,CUST_0376,Keyboard,Office,North,6,2000,0.0,12000.0,8400.0,3600.0,30.0,2025-07,Tuesday
ORD_04280,2025-01-26,CUST_0204,Keyboard,Electronics,North,1,2000,0.2,1600.0,1120.0,480.0,30.0,2025-01,Sunday
ORD_04281,2024-08-05,CUST_0243,Mouse,Electronics,South,9,800,0.1,6480.0,4536.0,1944.0,30.0,2024-08,Monday
ORD_04282,2025-07-27,CUST_0367,Monitor,Accessories,East,2,20000,0.15,34000.0,23800.0,10200.0,30.0,2025-07,Sunday
ORD_04283,2025-10-30,CUST_0424,Keyboard,Electronics,North,1,2000,0.2,1600.0,1120.0,480.0,30.0,2025-10,Thursday
ORD_04284,2024-07-20,CUST_0332,Monitor,Office,West,7,20000,0.2,112000.0,78400.0,33600.0,30.0,2024-07,Saturday
ORD_04285,2024-01-17,CUST_0500,Printer,Office,South,6,15000,0.0,90000.0,62999.99999999999,27000.000000000007,30.00000000000001,2024-01,Wednesday
ORD_04286,2024-11-17,CUST_0326,Keyboard,Office,West,6,2000,0.15,10200.0,7140.0,3060.0,30.0,2024-11,Sunday
ORD_04287,2025-06-01,CUST_0252,Monitor,Electronics,North,5,20000,0.05,95000.0,66500.0,28500.0,30.0,2025-06,Sunday
ORD_04288,2025-07-23,CUST_0394,Printer,Office,South,4,15000,0.0,60000.0,42000.0,18000.0,30.0,2025-07,Wednesday
ORD_04289,2024-11-20,CUST_0322,Mouse,Electronics,South,4,800,0.15,2720.0,1903.9999999999998,816.0000000000002,30.00000000000001,2024-11,Wednesday
ORD_04290,2025-02-15,CUST_0376,Keyboard,Accessories,North,3,2000,0.2,4800.0,3360.0,1440.0,30.0,2025-02,Saturday
ORD_04291,2024-11-13,CUST_0493,Mouse,Office,North,8,800,0.2,5120.0,3584.0,1536.0,30.0,2024-11,Wednesday
ORD_04292,2025-11-11,CUST_0409,Printer,Accessories,South,7,15000,0.1,94500.0,66150.0,28350.0,30.0,2025-11,Tuesday
ORD_04293,2024-03-22,CUST_0199,Mouse,Electronics,East,9,800,0.05,6840.0,4788.0,2052.0,30.0,2024-03,Friday
ORD_04294,2025-04-18,CUST_0488,Mouse,Electronics,South,1,800,0.0,800.0,560.0,240.0,30.0,2025-04,Friday
ORD_04295,2025-04-12,CUST_0343,Laptop,Accessories,East,7,60000,0.1,378000.0,264600.0,113400.0,30.0,2025-04,Saturday
ORD_04296,2025-02-28,CUST_0240,Printer,Office,West,4,15000,0.1,54000.0,37800.0,16200.0,30.0,2025-02,Friday
ORD_04297,2025-11-19,CUST_0139,Mouse,Office,East,7,800,0.05,5320.0,3723.9999999999995,1596.0000000000005,30.00000000000001,2025-11,Wednesday
ORD_04298,2024-07-22,CUST_0122,Monitor,Office,East,1,20000,0.0,20000.0,14000.0,6000.0,30.0,2024-07,Monday
ORD_04299,2025-08-05,CUST_0420,Printer,Accessories,North,5,15000,0.0,75000.0,52500.0,22500.0,30.0,2025-08,Tuesday
ORD_04300,2025-01-21,CUST_0049,Laptop,Electronics,South,3,60000,0.2,144000.0,100800.0,43200.0,30.0,2025-01,Tuesday
ORD_04301,2024-04-07,CUST_0304,Keyboard,Accessories,West,5,2000,0.0,10000.0,7000.0,3000.0,30.0,2024-04,Sunday
ORD_04302,2024-12-10,CUST_0115,Mouse,Electronics,South,4,800,0.1,2880.0,2015.9999999999998,864.0000000000002,30.00000000000001,2024-12,Tuesday
ORD_04303,2024-07-26,CUST_0343,Monitor,Office,East,2,20000,0.2,32000.0,22400.0,9600.0,30.0,2024-07,Friday
ORD_04304,2025-05-28,CUST_0251,Laptop,Office,East,4,60000,0.0,240000.0,168000.0,72000.0,30.0,2025-05,Wednesday
ORD_04305,2025-09-27,CUST_0491,Printer,Electronics,East,3,15000,0.05,42750.0,29924.999999999996,12825.000000000004,30.00000000000001,2025-09,Saturday
ORD_04306,2025-08-08,CUST_0007,Mouse,Office,South,1,800,0.1,720.0,503.99999999999994,216.00000000000006,30.00000000000001,2025-08,Friday
ORD_04307,2024-06-14,CUST_0219,Laptop,Accessories,East,8,60000,0.15,408000.0,285600.0,122400.0,30.0,2024-06,Friday
ORD_04308,2024-01-22,CUST_0077,Laptop,Electronics,South,5,60000,0.05,285000.0,199500.0,85500.0,30.0,2024-01,Monday
ORD_04309,2024-06-02,CUST_0179,Monitor,Office,West,4,20000,0.05,76000.0,53200.0,22800.0,30.0,2024-06,Sunday
ORD_04310,2025-03-14,CUST_0145,Keyboard,Office,West,5,2000,0.0,10000.0,7000.0,3000.0,30.0,2025-03,Friday
ORD_04311,2024-10-21,CUST_0416,Keyboard,Office,South,4,2000,0.2,6400.0,4480.0,1920.0,30.0,2024-10,Monday
ORD_04312,2024-08-06,CUST_0154,Keyboard,Office,West,3,2000,0.2,4800.0,3360.0,1440.0,30.0,2024-08,Tuesday
ORD_04313,2025-10-30,CUST_0121,Printer,Electronics,North,5,15000,0.1,67500.0,47250.0,20250.0,30.0,2025-10,Thursday
ORD_04314,2025-05-09,CUST_0124,Laptop,Electronics,East,4,60000,0.0,240000.0,168000.0,72000.0,30.0,2025-05,Friday
ORD_04315,2024-08-17,CUST_0150,Printer,Office,East,1,15000,0.2,12000.0,8400.0,3600.0,30.0,2024-08,Saturday
ORD_04316,2024-01-20,CUST_0397,Laptop,Accessories,East,3,60000,0.15,153000.0,107100.0,45900.0,30.0,2024-01,Saturday
ORD_04317,2025-07-06,CUST_0381,Monitor,Accessories,North,8,20000,0.0,160000.0,112000.0,48000.0,30.0,2025-07,Sunday
ORD_04318,2024-05-27,CUST_0268,Monitor,Accessories,East,7,20000,0.0,140000.0,98000.0,42000.0,30.0,2024-05,Monday
ORD_04319,2024-04-17,CUST_0327,Printer,Accessories,South,2,15000,0.2,24000.0,16800.0,7200.0,30.0,2024-04,Wednesday
ORD_04320,2025-02-06,CUST_0001,Printer,Electronics,East,1,15000,0.05,14250.0,9975.0,4275.0,30.0,2025-02,Thursday
ORD_04321,2025-08-18,CUST_0161,Monitor,Electronics,South,3,20000,0.0,60000.0,42000.0,18000.0,30.0,2025-08,Monday
ORD_04322,2025-04-27,CUST_0244,Mouse,Accessories,West,5,800,0.05,3800.0,2660.0,1140.0,30.0,2025-04,Sunday
ORD_04323,2025-01-01,CUST_0375,Keyboard,Electronics,South,1,2000,0.1,1800.0,1260.0,540.0,30.0,2025-01,Wednesday
ORD_04324,2025-02-17,CUST_0398,Keyboard,Accessories,South,3,2000,0.1,5400.0,3779.9999999999995,1620.0000000000005,30.00000000000001,2025-02,Monday
ORD_04325,2024-11-04,CUST_0251,Monitor,Office,South,3,20000,0.2,48000.0,33600.0,14400.0,30.0,2024-11,Monday
ORD_04326,2024-05-13,CUST_0367,Keyboard,Office,East,5,2000,0.1,9000.0,6300.0,2700.0,30.0,2024-05,Monday
ORD_04327,2025-12-19,CUST_0064,Mouse,Accessories,North,3,800,0.2,1920.0,1344.0,576.0,30.0,2025-12,Friday
ORD_04328,2024-10-09,CUST_0299,Mouse,Electronics,North,9,800,0.2,5760.0,4031.9999999999995,1728.0000000000005,30.00000000000001,2024-10,Wednesday
ORD_04329,2024-03-13,CUST_0248,Laptop,Accessories,South,1,60000,0.05,57000.0,39900.0,17100.0,30.0,2024-03,Wednesday
ORD_04330,2025-04-25,CUST_0442,Printer,Electronics,East,4,15000,0.05,57000.0,39900.0,17100.0,30.0,2025-04,Friday
ORD_04331,2024-12-17,CUST_0297,Keyboard,Office,North,4,2000,0.1,7200.0,5040.0,2160.0,30.0,2024-12,Tuesday
ORD_04332,2025-07-13,CUST_0465,Mouse,Electronics,West,1,800,0.05,760.0,532.0,228.0,30.0,2025-07,Sunday
ORD_04333,2024-11-21,CUST_0452,Printer,Accessories,West,2,15000,0.0,30000.0,21000.0,9000.0,30.0,2024-11,Thursday
ORD_04334,2025-03-18,CUST_0500,Printer,Office,East,1,15000,0.15,12750.0,8925.0,3825.0,30.0,2025-03,Tuesday
ORD_04335,2024-04-09,CUST_0115,Laptop,Office,West,6,60000,0.0,360000.0,251999.99999999997,108000.00000000003,30.00000000000001,2024-04,Tuesday
ORD_04336,2024-02-28,CUST_0295,Printer,Electronics,West,3,15000,0.0,45000.0,31499.999999999996,13500.000000000004,30.00000000000001,2024-02,Wednesday
ORD_04337,2025-05-22,CUST_0001,Printer,Office,West,7,15000,0.2,84000.0,58799.99999999999,25200.000000000007,30.00000000000001,2025-05,Thursday
ORD_04338,2024-09-14,CUST_0041,Monitor,Office,North,5,20000,0.15,85000.0,59499.99999999999,25500.000000000007,30.00000000000001,2024-09,Saturday
ORD_04339,2025-02-16,CUST_0173,Laptop,Electronics,West,9,60000,0.2,432000.0,302400.0,129600.0,30.0,2025-02,Sunday
ORD_04340,2025-03-27,CUST_0088,Laptop,Office,South,7,60000,0.05,399000.0,279300.0,119700.0,30.0,2025-03,Thursday
ORD_04341,2024-03-05,CUST_0482,Keyboard,Accessories,South,4,2000,0.05,7600.0,5320.0,2280.0,30.0,2024-03,Tuesday
ORD_04342,2025-08-17,CUST_0098,Printer,Electronics,West,5,15000,0.15,63750.0,44625.0,19125.0,30.0,2025-08,Sunday
ORD_04343,2024-06-02,CUST_0088,Keyboard,Electronics,South,5,2000,0.1,9000.0,6300.0,2700.0,30.0,2024-06,Sunday
ORD_04344,2024-09-22,CUST_0251,Mouse,Electronics,North,5,800,0.05,3800.0,2660.0,1140.0,30.0,2024-09,Sunday
ORD_04345,2024-03-19,CUST_0335,Printer,Electronics,East,9,15000,0.0,135000.0,94500.0,40500.0,30.0,2024-03,Tuesday
ORD_04346,2024-11-10,CUST_0465,Mouse,Accessories,South,3,800,0.15,2040.0,1428.0,612.0,30.0,2024-11,Sunday
ORD_04347,2025-10-23,CUST_0141,Monitor,Electronics,West,6,20000,0.15,102000.0,71400.0,30600.0,30.0,2025-10,Thursday
ORD_04348,2025-07-13,CUST_0071,Printer,Accessories,East,8,15000,0.05,114000.0,79800.0,34200.0,30.0,2025-07,Sunday
ORD_04349,2024-09-04,CUST_0137,Keyboard,Electronics,East,9,2000,0.05,17100.0,11970.0,5130.0,30.0,2024-09,Wednesday
ORD_04350,2025-09-01,CUST_0492,Keyboard,Electronics,West,7,2000,0.2,11200.0,7839.999999999999,3360.000000000001,30.00000000000001,2025-09,Monday
ORD_04351,2025-02-17,CUST_0447,Printer,Office,South,3,15000,0.2,36000.0,25200.0,10800.0,30.0,2025-02,Monday
ORD_04352,2024-01-25,CUST_0099,Keyboard,Office,North,1,2000,0.0,2000.0,1400.0,600.0,30.0,2024-01,Thursday
ORD_04353,2024-10-10,CUST_0151,Printer,Accessories,South,4,15000,0.15,51000.0,35700.0,15300.0,30.0,2024-10,Thursday
ORD_04354,2025-03-24,CUST_0438,Laptop,Office,South,6,60000,0.1,324000.0,226800.0,97200.0,30.0,2025-03,Monday
ORD_04355,2024-10-27,CUST_0175,Keyboard,Electronics,North,3,2000,0.1,5400.0,3779.9999999999995,1620.0000000000005,30.00000000000001,2024-10,Sunday
ORD_04356,2024-03-08,CUST_0167,Printer,Accessories,East,1,15000,0.15,12750.0,8925.0,3825.0,30.0,2024-03,Friday
ORD_04357,2024-01-07,CUST_0343,Printer,Office,North,6,15000,0.0,90000.0,62999.99999999999,27000.000000000007,30.00000000000001,2024-01,Sunday
ORD_04358,2024-05-16,CUST_0410,Keyboard,Electronics,North,1,2000,0.2,1600.0,1120.0,480.0,30.0,2024-05,Thursday
ORD_04359,2024-06-12,CUST_0257,Laptop,Office,West,9,60000,0.2,432000.0,302400.0,129600.0,30.0,2024-06,Wednesday
ORD_04360,2024-03-23,CUST_0398,Keyboard,Office,West,1,2000,0.2,1600.0,1120.0,480.0,30.0,2024-03,Saturday
ORD_04361,2025-10-11,CUST_0224,Printer,Office,South,6,15000,0.1,81000.0,56700.0,24300.0,30.0,2025-10,Saturday
ORD_04362,2025-02-23,CUST_0499,Laptop,Office,West,1,60000,0.1,54000.0,37800.0,16200.0,30.0,2025-02,Sunday
ORD_04363,2024-03-13,CUST_0368,Mouse,Electronics,North,7,800,0.0,5600.0,3919.9999999999995,1680.0000000000005,30.00000000000001,2024-03,Wednesday
ORD_04364,2024-08-24,CUST_0330,Monitor,Office,North,3,20000,0.1,54000.0,37800.0,16200.0,30.0,2024-08,Saturday
ORD_04365,2024-02-15,CUST_0065,Keyboard,Accessories,West,6,2000,0.05,11400.0,7979.999999999999,3420.000000000001,30.00000000000001,2024-02,Thursday
ORD_04366,2025-09-09,CUST_0069,Printer,Accessories,West,7,15000,0.1,94500.0,66150.0,28350.0,30.0,2025-09,Tuesday
ORD_04367,2024-09-18,CUST_0067,Laptop,Office,West,1,60000,0.2,48000.0,33600.0,14400.0,30.0,2024-09,Wednesday
ORD_04368,2024-06-24,CUST_0433,Laptop,Accessories,North,1,60000,0.0,60000.0,42000.0,18000.0,30.0,2024-06,Monday
ORD_04369,2024-06-14,CUST_0050,Mouse,Office,East,5,800,0.15,3400.0,2380.0,1020.0,30.0,2024-06,Friday
ORD_04370,2025-10-18,CUST_0314,Keyboard,Electronics,East,6,2000,0.15,10200.0,7140.0,3060.0,30.0,2025-10,Saturday
ORD_04371,2025-01-04,CUST_0309,Laptop,Electronics,West,9,60000,0.0,540000.0,378000.0,162000.0,30.0,2025-01,Saturday
ORD_04372,2024-02-23,CUST_0091,Mouse,Accessories,South,1,800,0.05,760.0,532.0,228.0,30.0,2024-02,Friday
ORD_04373,2025-11-20,CUST_0115,Printer,Accessories,South,4,15000,0.15,51000.0,35700.0,15300.0,30.0,2025-11,Thursday
ORD_04374,2025-02-22,CUST_0374,Mouse,Office,East,8,800,0.2,5120.0,3584.0,1536.0,30.0,2025-02,Saturday
ORD_04375,2025-05-21,CUST_0057,Keyboard,Office,West,9,2000,0.15,15300.0,10710.0,4590.0,30.0,2025-05,Wednesday
ORD_04376,2024-12-06,CUST_0342,Mouse,Office,North,3,800,0.15,2040.0,1428.0,612.0,30.0,2024-12,Friday
ORD_04377,2024-05-06,CUST_0018,Laptop,Electronics,South,2,60000,0.2,96000.0,67200.0,28800.0,30.0,2024-05,Monday
ORD_04378,2025-02-12,CUST_0272,Laptop,Office,South,4,60000,0.1,216000.0,151200.0,64800.0,30.0,2025-02,Wednesday
ORD_04379,2025-01-01,CUST_0130,Monitor,Electronics,North,2,20000,0.05,38000.0,26600.0,11400.0,30.0,2025-01,Wednesday
ORD_04380,2024-09-27,CUST_0495,Mouse,Accessories,North,1,800,0.2,640.0,448.0,192.0,30.0,2024-09,Friday
ORD_04381,2025-10-05,CUST_0269,Printer,Electronics,West,3,15000,0.2,36000.0,25200.0,10800.0,30.0,2025-10,Sunday
ORD_04382,2025-08-27,CUST_0429,Keyboard,Accessories,North,7,2000,0.0,14000.0,9800.0,4200.0,30.0,2025-08,Wednesday
ORD_04383,2025-01-13,CUST_0080,Monitor,Electronics,North,1,20000,0.05,19000.0,13300.0,5700.0,30.0,2025-01,Monday
ORD_04384,2024-03-13,CUST_0456,Mouse,Electronics,North,2,800,0.1,1440.0,1007.9999999999999,432.0000000000001,30.00000000000001,2024-03,Wednesday
ORD_04385,2024-09-04,CUST_0299,Printer,Office,East,1,15000,0.2,12000.0,8400.0,3600.0,30.0,2024-09,Wednesday
ORD_04386,2024-02-12,CUST_0456,Monitor,Accessories,North,8,20000,0.1,144000.0,100800.0,43200.0,30.0,2024-02,Monday
ORD_04387,2025-01-11,CUST_0310,Laptop,Electronics,South,5,60000,0.2,240000.0,168000.0,72000.0,30.0,2025-01,Saturday
ORD_04388,2024-02-10,CUST_0202,Keyboard,Electronics,West,8,2000,0.2,12800.0,8960.0,3840.0,30.0,2024-02,Saturday
ORD_04389,2024-06-18,CUST_0225,Mouse,Accessories,West,3,800,0.0,2400.0,1680.0,720.0,30.0,2024-06,Tuesday
ORD_04390,2024-07-30,CUST_0159,Printer,Electronics,West,7,15000,0.15,89250.0,62474.99999999999,26775.000000000007,30.00000000000001,2024-07,Tuesday
ORD_04391,2025-05-07,CUST_0204,Laptop,Accessories,East,8,60000,0.05,456000.0,319200.0,136800.0,30.0,2025-05,Wednesday
ORD_04392,2025-11-10,CUST_0137,Monitor,Accessories,South,6,20000,0.0,120000.0,84000.0,36000.0,30.0,2025-11,Monday
ORD_04393,2024-02-08,CUST_0485,Keyboard,Accessories,North,7,2000,0.1,12600.0,8820.0,3780.0,30.0,2024-02,Thursday
ORD_04394,2025-01-03,CUST_0073,Monitor,Electronics,South,2,20000,0.2,32000.0,22400.0,9600.0,30.0,2025-01,Friday
ORD_04395,2024-05-30,CUST_0048,Monitor,Electronics,West,8,20000,0.2,128000.0,89600.0,38400.0,30.0,2024-05,Thursday
ORD_04396,2024-04-20,CUST_0018,Printer,Office,North,5,15000,0.05,71250.0,49875.0,21375.0,30.0,2024-04,Saturday
ORD_04397,2025-04-24,CUST_0478,Laptop,Accessories,West,7,60000,0.0,420000.0,294000.0,126000.0,30.0,2025-04,Thursday
ORD_04398,2025-03-11,CUST_0480,Mouse,Electronics,West,1,800,0.0,800.0,560.0,240.0,30.0,2025-03,Tuesday
ORD_04399,2024-02-16,CUST_0488,Printer,Electronics,West,5,15000,0.1,67500.0,47250.0,20250.0,30.0,2024-02,Friday
ORD_04400,2025-07-28,CUST_0471,Keyboard,Accessories,South,1,2000,0.0,2000.0,1400.0,600.0,30.0,2025-07,Monday
ORD_04401,2024-12-31,CUST_0267,Monitor,Accessories,South,8,20000,0.0,160000.0,112000.0,48000.0,30.0,2024-12,Tuesday
ORD_04402,2024-03-09,CUST_0446,Keyboard,Accessories,West,4,2000,0.15,6800.0,4760.0,2040.0,30.0,2024-03,Saturday
ORD_04403,2024-10-25,CUST_0340,Printer,Office,West,4,15000,0.05,57000.0,39900.0,17100.0,30.0,2024-10,Friday
ORD_04404,2024-10-22,CUST_0019,Printer,Office,North,2,15000,0.0,30000.0,21000.0,9000.0,30.0,2024-10,Tuesday
ORD_04405,2024-07-21,CUST_0100,Mouse,Office,West,5,800,0.1,3600.0,2520.0,1080.0,30.0,2024-07,Sunday
ORD_04406,2024-03-01,CUST_0116,Monitor,Accessories,West,1,20000,0.2,16000.0,11200.0,4800.0,30.0,2024-03,Friday
ORD_04407,2024-11-09,CUST_0346,Printer,Electronics,West,9,15000,0.0,135000.0,94500.0,40500.0,30.0,2024-11,Saturday
ORD_04408,2024-06-09,CUST_0074,Keyboard,Accessories,West,5,2000,0.0,10000.0,7000.0,3000.0,30.0,2024-06,Sunday
ORD_04409,2024-11-26,CUST_0280,Mouse,Electronics,South,6,800,0.2,3840.0,2688.0,1152.0,30.0,2024-11,Tuesday
ORD_04410,2025-06-11,CUST_0269,Keyboard,Office,West,2,2000,0.15,3400.0,2380.0,1020.0,30.0,2025-06,Wednesday
ORD_04411,2024-12-03,CUST_0125,Monitor,Office,East,1,20000,0.05,19000.0,13300.0,5700.0,30.0,2024-12,Tuesday
ORD_04412,2025-08-28,CUST_0116,Mouse,Office,West,4,800,0.15,2720.0,1903.9999999999998,816.0000000000002,30.00000000000001,2025-08,Thursday
ORD_04413,2024-10-30,CUST_0174,Mouse,Electronics,South,7,800,0.1,5040.0,3528.0,1512.0,30.0,2024-10,Wednesday
ORD_04414,2025-05-17,CUST_0181,Mouse,Electronics,East,6,800,0.0,4800.0,3360.0,1440.0,30.0,2025-05,Saturday
ORD_04415,2025-10-11,CUST_0226,Laptop,Accessories,East,1,60000,0.15,51000.0,35700.0,15300.0,30.0,2025-10,Saturday
ORD_04416,2024-12-03,CUST_0157,Mouse,Accessories,West,1,800,0.05,760.0,532.0,228.0,30.0,2024-12,Tuesday
ORD_04417,2025-07-03,CUST_0164,Keyboard,Accessories,West,8,2000,0.1,14400.0,10080.0,4320.0,30.0,2025-07,Thursday
ORD_04418,2025-09-30,CUST_0071,Keyboard,Office,South,4,2000,0.15,6800.0,4760.0,2040.0,30.0,2025-09,Tuesday
ORD_04419,2024-10-01,CUST_0499,Monitor,Accessories,East,5,20000,0.0,100000.0,70000.0,30000.0,30.0,2024-10,Tuesday
ORD_04420,2024-06-12,CUST_0222,Printer,Office,East,7,15000,0.05,99750.0,69825.0,29925.0,30.0,2024-06,Wednesday
ORD_04421,2025-03-18,CUST_0126,Printer,Electronics,South,8,15000,0.0,120000.0,84000.0,36000.0,30.0,2025-03,Tuesday
ORD_04422,2024-11-14,CUST_0145,Laptop,Office,West,7,60000,0.0,420000.0,294000.0,126000.0,30.0,2024-11,Thursday
ORD_04423,2025-08-11,CUST_0176,Mouse,Office,North,2,800,0.1,1440.0,1007.9999999999999,432.0000000000001,30.00000000000001,2025-08,Monday
ORD_04424,2025-05-18,CUST_0461,Laptop,Office,North,4,60000,0.05,228000.0,159600.0,68400.0,30.0,2025-05,Sunday
ORD_04425,2025-11-16,CUST_0152,Monitor,Electronics,East,1,20000,0.2,16000.0,11200.0,4800.0,30.0,2025-11,Sunday
ORD_04426,2025-01-21,CUST_0182,Monitor,Electronics,East,9,20000,0.0,180000.0,125999.99999999999,54000.000000000015,30.00000000000001,2025-01,Tuesday
ORD_04427,2025-08-25,CUST_0375,Printer,Accessories,West,3,15000,0.05,42750.0,29924.999999999996,12825.000000000004,30.00000000000001,2025-08,Monday
ORD_04428,2025-11-21,CUST_0479,Monitor,Accessories,North,3,20000,0.0,60000.0,42000.0,18000.0,30.0,2025-11,Friday
ORD_04429,2025-05-08,CUST_0347,Mouse,Accessories,East,9,800,0.15,6120.0,4284.0,1836.0,30.0,2025-05,Thursday
ORD_04430,2025-05-04,CUST_0498,Keyboard,Electronics,West,3,2000,0.15,5100.0,3570.0,1530.0,30.0,2025-05,Sunday
ORD_04431,2025-12-21,CUST_0085,Monitor,Electronics,North,8,20000,0.05,152000.0,106400.0,45600.0,30.0,2025-12,Sunday
ORD_04432,2024-03-13,CUST_0364,Laptop,Electronics,South,2,60000,0.1,108000.0,75600.0,32400.0,30.0,2024-03,Wednesday
ORD_04433,2025-05-23,CUST_0383,Mouse,Electronics,East,3,800,0.2,1920.0,1344.0,576.0,30.0,2025-05,Friday
ORD_04434,2025-01-24,CUST_0121,Monitor,Electronics,South,2,20000,0.15,34000.0,23800.0,10200.0,30.0,2025-01,Friday
ORD_04435,2025-09-10,CUST_0129,Monitor,Office,North,1,20000,0.1,18000.0,12600.0,5400.0,30.0,2025-09,Wednesday
ORD_04436,2024-10-21,CUST_0463,Mouse,Accessories,West,2,800,0.2,1280.0,896.0,384.0,30.0,2024-10,Monday
ORD_04437,2025-01-03,CUST_0451,Monitor,Office,West,8,20000,0.15,136000.0,95200.0,40800.0,30.0,2025-01,Friday
ORD_04438,2025-11-24,CUST_0006,Keyboard,Accessories,North,9,2000,0.2,14400.0,10080.0,4320.0,30.0,2025-11,Monday
ORD_04439,2025-07-02,CUST_0334,Printer,Office,South,2,15000,0.0,30000.0,21000.0,9000.0,30.0,2025-07,Wednesday
ORD_04440,2025-10-10,CUST_0183,Mouse,Electronics,West,7,800,0.05,5320.0,3723.9999999999995,1596.0000000000005,30.00000000000001,2025-10,Friday
ORD_04441,2025-07-21,CUST_0038,Laptop,Accessories,East,5,60000,0.15,255000.0,178500.0,76500.0,30.0,2025-07,Monday
ORD_04442,2024-07-05,CUST_0417,Monitor,Office,South,3,20000,0.15,51000.0,35700.0,15300.0,30.0,2024-07,Friday
ORD_04443,2025-03-20,CUST_0116,Printer,Accessories,South,9,15000,0.0,135000.0,94500.0,40500.0,30.0,2025-03,Thursday
ORD_04444,2025-07-23,CUST_0102,Laptop,Electronics,East,6,60000,0.15,306000.0,214200.0,91800.0,30.0,2025-07,Wednesday
ORD_04445,2024-12-28,CUST_0008,Laptop,Electronics,North,1,60000,0.15,51000.0,35700.0,15300.0,30.0,2024-12,Saturday
ORD_04446,2024-05-02,CUST_0218,Keyboard,Accessories,West,5,2000,0.15,8500.0,5950.0,2550.0,30.0,2024-05,Thursday
ORD_04447,2024-07-06,CUST_0207,Printer,Accessories,South,7,15000,0.15,89250.0,62474.99999999999,26775.000000000007,30.00000000000001,2024-07,Saturday
ORD_04448,2025-11-10,CUST_0078,Mouse,Electronics,West,4,800,0.15,2720.0,1903.9999999999998,816.0000000000002,30.00000000000001,2025-11,Monday
ORD_04449,2025-02-23,CUST_0368,Printer,Electronics,West,8,15000,0.1,108000.0,75600.0,32400.0,30.0,2025-02,Sunday
ORD_04450,2025-09-17,CUST_0404,Printer,Electronics,South,5,15000,0.15,63750.0,44625.0,19125.0,30.0,2025-09,Wednesday
ORD_04451,2024-09-08,CUST_0055,Laptop,Office,North,9,60000,0.0,540000.0,378000.0,162000.0,30.0,2024-09,Sunday
ORD_04452,2025-09-10,CUST_0304,Keyboard,Accessories,South,9,2000,0.15,15300.0,10710.0,4590.0,30.0,2025-09,Wednesday
ORD_04453,2025-07-02,CUST_0467,Keyboard,Electronics,North,9,2000,0.2,14400.0,10080.0,4320.0,30.0,2025-07,Wednesday
ORD_04454,2024-11-30,CUST_0440,Printer,Accessories,East,1,15000,0.2,12000.0,8400.0,3600.0,30.0,2024-11,Saturday
ORD_04455,2024-04-01,CUST_0481,Printer,Office,North,2,15000,0.0,30000.0,21000.0,9000.0,30.0,2024-04,Monday
ORD_04456,2025-06-13,CUST_0228,Monitor,Office,North,3,20000,0.1,54000.0,37800.0,16200.0,30.0,2025-06,Friday
ORD_04457,2024-03-03,CUST_0088,Laptop,Electronics,South,4,60000,0.0,240000.0,168000.0,72000.0,30.0,2024-03,Sunday
ORD_04458,2025-10-23,CUST_0010,Mouse,Accessories,West,9,800,0.1,6480.0,4536.0,1944.0,30.0,2025-10,Thursday
ORD_04459,2025-05-26,CUST_0308,Mouse,Office,West,6,800,0.05,4560.0,3192.0,1368.0,30.0,2025-05,Monday
ORD_04460,2024-05-18,CUST_0434,Keyboard,Accessories,North,1,2000,0.2,1600.0,1120.0,480.0,30.0,2024-05,Saturday
ORD_04461,2025-11-28,CUST_0290,Laptop,Accessories,North,9,60000,0.2,432000.0,302400.0,129600.0,30.0,2025-11,Friday
ORD_04462,2024-07-03,CUST_0164,Keyboard,Electronics,South,6,2000,0.2,9600.0,6720.0,2880.0,30.0,2024-07,Wednesday
ORD_04463,2024-07-23,CUST_0239,Mouse,Office,North,4,800,0.1,2880.0,2015.9999999999998,864.0000000000002,30.00000000000001,2024-07,Tuesday
ORD_04464,2024-08-01,CUST_0317,Printer,Office,South,4,15000,0.0,60000.0,42000.0,18000.0,30.0,2024-08,Thursday
ORD_04465,2024-09-12,CUST_0484,Laptop,Office,East,3,60000,0.1,162000.0,113400.0,48600.0,30.0,2024-09,Thursday
ORD_04466,2024-05-14,CUST_0144,Laptop,Accessories,North,7,60000,0.2,336000.0,235199.99999999997,100800.00000000003,30.00000000000001,2024-05,Tuesday
ORD_04467,2025-07-26,CUST_0335,Monitor,Office,East,3,20000,0.2,48000.0,33600.0,14400.0,30.0,2025-07,Saturday
ORD_04468,2024-03-28,CUST_0018,Printer,Office,North,2,15000,0.2,24000.0,16800.0,7200.0,30.0,2024-03,Thursday
ORD_04469,2024-07-25,CUST_0071,Printer,Accessories,North,8,15000,0.2,96000.0,67200.0,28800.0,30.0,2024-07,Thursday
ORD_04470,2024-05-08,CUST_0175,Keyboard,Office,East,4,2000,0.05,7600.0,5320.0,2280.0,30.0,2024-05,Wednesday
ORD_04471,2024-01-03,CUST_0342,Laptop,Office,East,8,60000,0.2,384000.0,268800.0,115200.0,30.0,2024-01,Wednesday
ORD_04472,2024-04-30,CUST_0288,Keyboard,Accessories,South,1,2000,0.1,1800.0,1260.0,540.0,30.0,2024-04,Tuesday
ORD_04473,2025-01-19,CUST_0299,Printer,Office,South,5,15000,0.2,60000.0,42000.0,18000.0,30.0,2025-01,Sunday
ORD_04474,2025-09-05,CUST_0339,Monitor,Electronics,East,9,20000,0.15,153000.0,107100.0,45900.0,30.0,2025-09,Friday
ORD_04475,2024-02-07,CUST_0424,Laptop,Accessories,North,1,60000,0.05,57000.0,39900.0,17100.0,30.0,2024-02,Wednesday
ORD_04476,2024-12-06,CUST_0248,Printer,Office,South,4,15000,0.2,48000.0,33600.0,14400.0,30.0,2024-12,Friday
ORD_04477,2025-10-06,CUST_0193,Monitor,Electronics,North,6,20000,0.15,102000.0,71400.0,30600.0,30.0,2025-10,Monday
ORD_04478,2025-12-14,CUST_0419,Mouse,Accessories,West,8,800,0.1,5760.0,4031.9999999999995,1728.0000000000005,30.00000000000001,2025-12,Sunday
ORD_04479,2024-01-21,CUST_0325,Printer,Office,South,3,15000,0.05,42750.0,29924.999999999996,12825.000000000004,30.00000000000001,2024-01,Sunday
ORD_04480,2024-08-29,CUST_0306,Mouse,Accessories,South,5,800,0.2,3200.0,2240.0,960.0,30.0,2024-08,Thursday
ORD_04481,2025-03-30,CUST_0268,Keyboard,Electronics,South,7,2000,0.1,12600.0,8820.0,3780.0,30.0,2025-03,Sunday
ORD_04482,2025-09-12,CUST_0204,Mouse,Accessories,West,1,800,0.15,680.0,475.99999999999994,204.00000000000006,30.00000000000001,2025-09,Friday
ORD_04483,2024-10-29,CUST_0341,Printer,Office,East,7,15000,0.05,99750.0,69825.0,29925.0,30.0,2024-10,Tuesday
ORD_04484,2025-08-18,CUST_0123,Mouse,Electronics,North,8,800,0.2,5120.0,3584.0,1536.0,30.0,2025-08,Monday
ORD_04485,2025-08-17,CUST_0058,Laptop,Accessories,West,8,60000,0.1,432000.0,302400.0,129600.0,30.0,2025-08,Sunday
ORD_04486,2024-03-09,CUST_0339,Printer,Office,East,9,15000,0.05,128250.0,89775.0,38475.0,30.0,2024-03,Saturday
ORD_04487,2024-05-08,CUST_0447,Monitor,Office,South,6,20000,0.15,102000.0,71400.0,30600.0,30.0,2024-05,Wednesday
ORD_04488,2024-07-14,CUST_0201,Mouse,Electronics,East,6,800,0.2,3840.0,2688.0,1152.0,30.0,2024-07,Sunday
ORD_04489,2024-05-19,CUST_0491,Laptop,Electronics,East,2,60000,0.05,114000.0,79800.0,34200.0,30.0,2024-05,Sunday
ORD_04490,2025-03-19,CUST_0433,Keyboard,Accessories,East,3,2000,0.15,5100.0,3570.0,1530.0,30.0,2025-03,Wednesday
ORD_04491,2024-10-09,CUST_0112,Keyboard,Office,North,4,2000,0.15,6800.0,4760.0,2040.0,30.0,2024-10,Wednesday
ORD_04492,2024-11-07,CUST_0128,Mouse,Electronics,East,4,800,0.1,2880.0,2015.9999999999998,864.0000000000002,30.00000000000001,2024-11,Thursday
ORD_04493,2025-06-18,CUST_0036,Keyboard,Office,East,8,2000,0.15,13600.0,9520.0,4080.0,30.0,2025-06,Wednesday
ORD_04494,2025-10-26,CUST_0234,Monitor,Accessories,East,1,20000,0.15,17000.0,11900.0,5100.0,30.0,2025-10,Sunday
ORD_04495,2024-10-03,CUST_0310,Printer,Electronics,East,4,15000,0.0,60000.0,42000.0,18000.0,30.0,2024-10,Thursday
ORD_04496,2024-03-01,CUST_0047,Laptop,Accessories,West,4,60000,0.15,204000.0,142800.0,61200.0,30.0,2024-03,Friday
ORD_04497,2024-11-14,CUST_0115,Mouse,Accessories,West,1,800,0.2,640.0,448.0,192.0,30.0,2024-11,Thursday
ORD_04498,2024-02-21,CUST_0416,Keyboard,Electronics,East,3,2000,0.05,5700.0,3989.9999999999995,1710.0000000000005,30.00000000000001,2024-02,Wednesday
ORD_04499,2024-06-01,CUST_0255,Printer,Accessories,East,5,15000,0.2,60000.0,42000.0,18000.0,30.0,2024-06,Saturday
ORD_04500,2024-11-06,CUST_0483,Monitor,Office,East,6,20000,0.2,96000.0,67200.0,28800.0,30.0,2024-11,Wednesday
ORD_04501,2025-06-27,CUST_0223,Keyboard,Electronics,South,9,2000,0.1,16200.0,11340.0,4860.0,30.0,2025-06,Friday
ORD_04502,2025-07-20,CUST_0124,Keyboard,Office,East,9,2000,0.0,18000.0,12600.0,5400.0,30.0,2025-07,Sunday
ORD_04503,2025-01-23,CUST_0437,Laptop,Accessories,East,9,60000,0.0,540000.0,378000.0,162000.0,30.0,2025-01,Thursday
ORD_04504,2025-07-01,CUST_0160,Monitor,Electronics,West,1,20000,0.2,16000.0,11200.0,4800.0,30.0,2025-07,Tuesday
ORD_04505,2025-09-13,CUST_0446,Monitor,Office,West,9,20000,0.05,171000.0,119699.99999999999,51300.000000000015,30.00000000000001,2025-09,Saturday
ORD_04506,2024-06-25,CUST_0421,Mouse,Office,West,8,800,0.0,6400.0,4480.0,1920.0,30.0,2024-06,Tuesday
ORD_04507,2024-12-27,CUST_0096,Laptop,Office,North,2,60000,0.0,120000.0,84000.0,36000.0,30.0,2024-12,Friday
ORD_04508,2024-11-09,CUST_0107,Mouse,Office,South,1,800,0.2,640.0,448.0,192.0,30.0,2024-11,Saturday
ORD_04509,2024-04-06,CUST_0120,Laptop,Office,East,1,60000,0.0,60000.0,42000.0,18000.0,30.0,2024-04,Saturday
ORD_04510,2024-07-31,CUST_0101,Monitor,Accessories,West,6,20000,0.1,108000.0,75600.0,32400.0,30.0,2024-07,Wednesday
ORD_04511,2024-05-16,CUST_0103,Laptop,Accessories,North,9,60000,0.2,432000.0,302400.0,129600.0,30.0,2024-05,Thursday
ORD_04512,2024-01-06,CUST_0166,Laptop,Accessories,East,7,60000,0.0,420000.0,294000.0,126000.0,30.0,2024-01,Saturday
ORD_04513,2024-04-18,CUST_0414,Laptop,Accessories,East,5,60000,0.0,300000.0,210000.0,90000.0,30.0,2024-04,Thursday
ORD_04514,2025-06-30,CUST_0186,Printer,Accessories,West,2,15000,0.0,30000.0,21000.0,9000.0,30.0,2025-06,Monday
ORD_04515,2024-02-08,CUST_0032,Printer,Accessories,East,1,15000,0.2,12000.0,8400.0,3600.0,30.0,2024-02,Thursday
ORD_04516,2025-10-23,CUST_0493,Monitor,Accessories,East,2,20000,0.05,38000.0,26600.0,11400.0,30.0,2025-10,Thursday
ORD_04517,2025-02-28,CUST_0066,Laptop,Office,East,1,60000,0.15,51000.0,35700.0,15300.0,30.0,2025-02,Friday
ORD_04518,2025-09-21,CUST_0179,Monitor,Accessories,West,3,20000,0.0,60000.0,42000.0,18000.0,30.0,2025-09,Sunday
ORD_04519,2024-09-17,CUST_0267,Printer,Office,North,6,15000,0.15,76500.0,53550.0,22950.0,30.0,2024-09,Tuesday
ORD_04520,2025-03-01,CUST_0443,Laptop,Electronics,East,8,60000,0.15,408000.0,285600.0,122400.0,30.0,2025-03,Saturday
ORD_04521,2024-03-27,CUST_0404,Mouse,Accessories,North,3,800,0.0,2400.0,1680.0,720.0,30.0,2024-03,Wednesday
ORD_04522,2025-04-09,CUST_0037,Printer,Office,East,9,15000,0.0,135000.0,94500.0,40500.0,30.0,2025-04,Wednesday
ORD_04523,2024-03-16,CUST_0201,Printer,Electronics,West,5,15000,0.15,63750.0,44625.0,19125.0,30.0,2024-03,Saturday
ORD_04524,2025-04-15,CUST_0358,Printer,Electronics,North,7,15000,0.05,99750.0,69825.0,29925.0,30.0,2025-04,Tuesday
ORD_04525,2025-02-17,CUST_0049,Laptop,Office,West,8,60000,0.15,408000.0,285600.0,122400.0,30.0,2025-02,Monday
ORD_04526,2025-12-26,CUST_0275,Keyboard,Office,South,3,2000,0.05,5700.0,3989.9999999999995,1710.0000000000005,30.00000000000001,2025-12,Friday
ORD_04527,2025-04-01,CUST_0439,Mouse,Office,East,2,800,0.1,1440.0,1007.9999999999999,432.0000000000001,30.00000000000001,2025-04,Tuesday
ORD_04528,2024-10-11,CUST_0168,Mouse,Accessories,South,2,800,0.05,1520.0,1064.0,456.0,30.0,2024-10,Friday
ORD_04529,2024-08-26,CUST_0263,Monitor,Electronics,South,5,20000,0.2,80000.0,56000.0,24000.0,30.0,2024-08,Monday
ORD_04530,2025-11-07,CUST_0133,Laptop,Accessories,South,1,60000,0.0,60000.0,42000.0,18000.0,30.0,2025-11,Friday
ORD_04531,2025-08-21,CUST_0495,Printer,Accessories,East,2,15000,0.1,27000.0,18900.0,8100.0,30.0,2025-08,Thursday
ORD_04532,2025-10-14,CUST_0298,Keyboard,Accessories,West,9,2000,0.15,15300.0,10710.0,4590.0,30.0,2025-10,Tuesday
ORD_04533,2025-11-02,CUST_0344,Laptop,Electronics,South,7,60000,0.05,399000.0,279300.0,119700.0,30.0,2025-11,Sunday
ORD_04534,2025-07-11,CUST_0176,Laptop,Electronics,North,6,60000,0.1,324000.0,226800.0,97200.0,30.0,2025-07,Friday
ORD_04535,2025-01-06,CUST_0489,Keyboard,Electronics,East,9,2000,0.2,14400.0,10080.0,4320.0,30.0,2025-01,Monday
ORD_04536,2025-05-09,CUST_0391,Printer,Office,West,7,15000,0.05,99750.0,69825.0,29925.0,30.0,2025-05,Friday
ORD_04537,2025-09-15,CUST_0011,Laptop,Accessories,West,5,60000,0.15,255000.0,178500.0,76500.0,30.0,2025-09,Monday
ORD_04538,2024-02-14,CUST_0201,Mouse,Office,South,9,800,0.15,6120.0,4284.0,1836.0,30.0,2024-02,Wednesday
ORD_04539,2025-02-04,CUST_0433,Mouse,Office,East,6,800,0.05,4560.0,3192.0,1368.0,30.0,2025-02,Tuesday
ORD_04540,2024-09-03,CUST_0414,Keyboard,Accessories,South,6,2000,0.2,9600.0,6720.0,2880.0,30.0,2024-09,Tuesday
ORD_04541,2025-09-07,CUST_0297,Printer,Electronics,North,4,15000,0.0,60000.0,42000.0,18000.0,30.0,2025-09,Sunday
ORD_04542,2025-08-19,CUST_0003,Keyboard,Accessories,West,1,2000,0.0,2000.0,1400.0,600.0,30.0,2025-08,Tuesday
ORD_04543,2025-03-25,CUST_0214,Laptop,Office,West,5,60000,0.15,255000.0,178500.0,76500.0,30.0,2025-03,Tuesday
ORD_04544,2025-04-29,CUST_0296,Mouse,Electronics,East,9,800,0.2,5760.0,4031.9999999999995,1728.0000000000005,30.00000000000001,2025-04,Tuesday
ORD_04545,2025-10-07,CUST_0307,Monitor,Electronics,West,8,20000,0.15,136000.0,95200.0,40800.0,30.0,2025-10,Tuesday
ORD_04546,2025-09-11,CUST_0468,Keyboard,Office,East,8,2000,0.0,16000.0,11200.0,4800.0,30.0,2025-09,Thursday
ORD_04547,2024-01-18,CUST_0032,Monitor,Electronics,South,5,20000,0.15,85000.0,59499.99999999999,25500.000000000007,30.00000000000001,2024-01,Thursday
ORD_04548,2025-08-28,CUST_0048,Monitor,Electronics,North,9,20000,0.05,171000.0,119699.99999999999,51300.000000000015,30.00000000000001,2025-08,Thursday
ORD_04549,2025-10-23,CUST_0327,Mouse,Accessories,East,3,800,0.05,2280.0,1596.0,684.0,30.0,2025-10,Thursday
ORD_04550,2024-10-15,CUST_0252,Keyboard,Accessories,South,3,2000,0.2,4800.0,3360.0,1440.0,30.0,2024-10,Tuesday
ORD_04551,2025-02-17,CUST_0199,Monitor,Office,North,1,20000,0.0,20000.0,14000.0,6000.0,30.0,2025-02,Monday
ORD_04552,2025-12-21,CUST_0404,Laptop,Office,West,9,60000,0.2,432000.0,302400.0,129600.0,30.0,2025-12,Sunday
ORD_04553,2025-09-29,CUST_0089,Printer,Office,North,6,15000,0.2,72000.0,50400.0,21600.0,30.0,2025-09,Monday
ORD_04554,2024-08-22,CUST_0109,Printer,Electronics,North,2,15000,0.0,30000.0,21000.0,9000.0,30.0,2024-08,Thursday
ORD_04555,2025-02-19,CUST_0291,Mouse,Office,North,8,800,0.1,5760.0,4031.9999999999995,1728.0000000000005,30.00000000000001,2025-02,Wednesday
ORD_04556,2025-05-13,CUST_0108,Keyboard,Accessories,West,9,2000,0.1,16200.0,11340.0,4860.0,30.0,2025-05,Tuesday
ORD_04557,2025-09-25,CUST_0408,Keyboard,Electronics,East,9,2000,0.15,15300.0,10710.0,4590.0,30.0,2025-09,Thursday
ORD_04558,2025-10-11,CUST_0040,Printer,Office,East,2,15000,0.1,27000.0,18900.0,8100.0,30.0,2025-10,Saturday
ORD_04559,2024-04-24,CUST_0461,Laptop,Electronics,North,2,60000,0.05,114000.0,79800.0,34200.0,30.0,2024-04,Wednesday
ORD_04560,2025-11-04,CUST_0052,Printer,Electronics,South,7,15000,0.2,84000.0,58799.99999999999,25200.000000000007,30.00000000000001,2025-11,Tuesday
ORD_04561,2025-12-13,CUST_0112,Printer,Electronics,South,4,15000,0.15,51000.0,35700.0,15300.0,30.0,2025-12,Saturday
ORD_04562,2024-08-21,CUST_0295,Keyboard,Office,North,1,2000,0.2,1600.0,1120.0,480.0,30.0,2024-08,Wednesday
ORD_04563,2025-06-23,CUST_0068,Monitor,Electronics,North,8,20000,0.0,160000.0,112000.0,48000.0,30.0,2025-06,Monday
ORD_04564,2024-01-11,CUST_0189,Laptop,Electronics,South,2,60000,0.1,108000.0,75600.0,32400.0,30.0,2024-01,Thursday
ORD_04565,2024-07-24,CUST_0332,Keyboard,Electronics,North,3,2000,0.0,6000.0,4200.0,1800.0,30.0,2024-07,Wednesday
ORD_04566,2025-11-09,CUST_0209,Printer,Accessories,North,5,15000,0.15,63750.0,44625.0,19125.0,30.0,2025-11,Sunday
ORD_04567,2024-09-03,CUST_0065,Monitor,Office,East,3,20000,0.05,57000.0,39900.0,17100.0,30.0,2024-09,Tuesday
ORD_04568,2025-07-12,CUST_0062,Laptop,Accessories,East,7,60000,0.1,378000.0,264600.0,113400.0,30.0,2025-07,Saturday
ORD_04569,2024-05-06,CUST_0465,Mouse,Electronics,North,7,800,0.0,5600.0,3919.9999999999995,1680.0000000000005,30.00000000000001,2024-05,Monday
ORD_04570,2024-05-26,CUST_0258,Laptop,Electronics,North,2,60000,0.1,108000.0,75600.0,32400.0,30.0,2024-05,Sunday
ORD_04571,2024-04-27,CUST_0134,Laptop,Accessories,West,7,60000,0.2,336000.0,235199.99999999997,100800.00000000003,30.00000000000001,2024-04,Saturday
ORD_04572,2025-01-16,CUST_0492,Printer,Electronics,East,6,15000,0.05,85500.0,59849.99999999999,25650.000000000007,30.00000000000001,2025-01,Thursday
ORD_04573,2025-02-15,CUST_0122,Printer,Accessories,North,9,15000,0.1,121500.0,85050.0,36450.0,30.0,2025-02,Saturday
ORD_04574,2025-10-25,CUST_0331,Mouse,Electronics,West,9,800,0.05,6840.0,4788.0,2052.0,30.0,2025-10,Saturday
ORD_04575,2025-08-06,CUST_0171,Mouse,Electronics,West,2,800,0.2,1280.0,896.0,384.0,30.0,2025-08,Wednesday
ORD_04576,2024-12-28,CUST_0210,Mouse,Electronics,West,7,800,0.2,4480.0,3136.0,1344.0,30.0,2024-12,Saturday
ORD_04577,2025-05-23,CUST_0296,Keyboard,Electronics,West,5,2000,0.0,10000.0,7000.0,3000.0,30.0,2025-05,Friday
ORD_04578,2024-05-16,CUST_0089,Keyboard,Office,East,6,2000,0.15,10200.0,7140.0,3060.0,30.0,2024-05,Thursday
ORD_04579,2024-06-23,CUST_0167,Printer,Office,West,1,15000,0.0,15000.0,10500.0,4500.0,30.0,2024-06,Sunday
ORD_04580,2024-10-15,CUST_0028,Printer,Office,East,7,15000,0.05,99750.0,69825.0,29925.0,30.0,2024-10,Tuesday
ORD_04581,2025-04-25,CUST_0238,Mouse,Accessories,West,6,800,0.0,4800.0,3360.0,1440.0,30.0,2025-04,Friday
ORD_04582,2024-01-19,CUST_0336,Keyboard,Accessories,West,4,2000,0.1,7200.0,5040.0,2160.0,30.0,2024-01,Friday
ORD_04583,2024-07-13,CUST_0063,Monitor,Accessories,South,1,20000,0.0,20000.0,14000.0,6000.0,30.0,2024-07,Saturday
ORD_04584,2024-11-25,CUST_0448,Keyboard,Accessories,East,9,2000,0.15,15300.0,10710.0,4590.0,30.0,2024-11,Monday
ORD_04585,2024-06-23,CUST_0255,Printer,Office,South,4,15000,0.15,51000.0,35700.0,15300.0,30.0,2024-06,Sunday
ORD_04586,2025-03-24,CUST_0396,Keyboard,Accessories,South,2,2000,0.05,3800.0,2660.0,1140.0,30.0,2025-03,Monday
ORD_04587,2024-12-19,CUST_0041,Printer,Accessories,West,8,15000,0.2,96000.0,67200.0,28800.0,30.0,2024-12,Thursday
ORD_04588,2025-05-13,CUST_0500,Mouse,Accessories,East,2,800,0.15,1360.0,951.9999999999999,408.0000000000001,30.00000000000001,2025-05,Tuesday
ORD_04589,2024-05-20,CUST_0029,Mouse,Electronics,North,5,800,0.05,3800.0,2660.0,1140.0,30.0,2024-05,Monday
ORD_04590,2024-04-02,CUST_0279,Mouse,Accessories,West,6,800,0.15,4080.0,2856.0,1224.0,30.0,2024-04,Tuesday
ORD_04591,2024-08-26,CUST_0469,Monitor,Electronics,East,8,20000,0.15,136000.0,95200.0,40800.0,30.0,2024-08,Monday
ORD_04592,2024-07-23,CUST_0080,Monitor,Accessories,South,1,20000,0.2,16000.0,11200.0,4800.0,30.0,2024-07,Tuesday
ORD_04593,2025-07-13,CUST_0051,Printer,Accessories,East,1,15000,0.1,13500.0,9450.0,4050.0,30.0,2025-07,Sunday
ORD_04594,2025-03-08,CUST_0112,Laptop,Electronics,West,4,60000,0.05,228000.0,159600.0,68400.0,30.0,2025-03,Saturday
ORD_04595,2024-09-01,CUST_0361,Monitor,Accessories,East,5,20000,0.15,85000.0,59499.99999999999,25500.000000000007,30.00000000000001,2024-09,Sunday
ORD_04596,2024-11-12,CUST_0301,Printer,Electronics,South,9,15000,0.15,114750.0,80325.0,34425.0,30.0,2024-11,Tuesday
ORD_04597,2024-10-21,CUST_0090,Keyboard,Accessories,East,7,2000,0.0,14000.0,9800.0,4200.0,30.0,2024-10,Monday
ORD_04598,2025-10-01,CUST_0229,Mouse,Accessories,East,7,800,0.1,5040.0,3528.0,1512.0,30.0,2025-10,Wednesday
ORD_04599,2024-10-08,CUST_0150,Mouse,Electronics,South,8,800,0.2,5120.0,3584.0,1536.0,30.0,2024-10,Tuesday
ORD_04600,2024-01-17,CUST_0243,Mouse,Office,West,5,800,0.05,3800.0,2660.0,1140.0,30.0,2024-01,Wednesday
ORD_04601,2024-03-11,CUST_0138,Printer,Electronics,North,5,15000,0.15,63750.0,44625.0,19125.0,30.0,2024-03,Monday
ORD_04602,2024-09-25,CUST_0135,Mouse,Office,South,1,800,0.05,760.0,532.0,228.0,30.0,2024-09,Wednesday
ORD_04603,2024-11-20,CUST_0457,Monitor,Electronics,South,9,20000,0.2,144000.0,100800.0,43200.0,30.0,2024-11,Wednesday
ORD_04604,2024-10-31,CUST_0089,Keyboard,Office,West,6,2000,0.1,10800.0,7559.999999999999,3240.000000000001,30.00000000000001,2024-10,Thursday
ORD_04605,2025-03-26,CUST_0494,Mouse,Accessories,West,9,800,0.0,7200.0,5040.0,2160.0,30.0,2025-03,Wednesday
ORD_04606,2024-01-07,CUST_0015,Printer,Office,East,3,15000,0.1,40500.0,28350.0,12150.0,30.0,2024-01,Sunday
ORD_04607,2024-11-09,CUST_0333,Keyboard,Accessories,South,5,2000,0.0,10000.0,7000.0,3000.0,30.0,2024-11,Saturday
ORD_04608,2024-04-12,CUST_0362,Mouse,Electronics,East,2,800,0.05,1520.0,1064.0,456.0,30.0,2024-04,Friday
ORD_04609,2024-07-11,CUST_0174,Laptop,Office,East,5,60000,0.1,270000.0,189000.0,81000.0,30.0,2024-07,Thursday
ORD_04610,2025-07-27,CUST_0090,Mouse,Accessories,West,8,800,0.1,5760.0,4031.9999999999995,1728.0000000000005,30.00000000000001,2025-07,Sunday
ORD_04611,2025-06-12,CUST_0213,Monitor,Electronics,West,2,20000,0.1,36000.0,25200.0,10800.0,30.0,2025-06,Thursday
ORD_04612,2024-06-19,CUST_0343,Keyboard,Office,East,8,2000,0.2,12800.0,8960.0,3840.0,30.0,2024-06,Wednesday
ORD_04613,2025-06-20,CUST_0061,Monitor,Accessories,South,4,20000,0.05,76000.0,53200.0,22800.0,30.0,2025-06,Friday
ORD_04614,2024-09-07,CUST_0364,Laptop,Office,South,1,60000,0.0,60000.0,42000.0,18000.0,30.0,2024-09,Saturday
ORD_04615,2025-01-21,CUST_0220,Laptop,Office,East,5,60000,0.1,270000.0,189000.0,81000.0,30.0,2025-01,Tuesday
ORD_04616,2024-07-25,CUST_0061,Monitor,Accessories,North,1,20000,0.05,19000.0,13300.0,5700.0,30.0,2024-07,Thursday
ORD_04617,2025-06-24,CUST_0307,Keyboard,Accessories,North,7,2000,0.2,11200.0,7839.999999999999,3360.000000000001,30.00000000000001,2025-06,Tuesday
ORD_04618,2025-09-20,CUST_0166,Laptop,Electronics,West,8,60000,0.2,384000.0,268800.0,115200.0,30.0,2025-09,Saturday
ORD_04619,2025-02-19,CUST_0012,Laptop,Accessories,South,3,60000,0.05,171000.0,119699.99999999999,51300.000000000015,30.00000000000001,2025-02,Wednesday
ORD_04620,2025-01-14,CUST_0216,Mouse,Accessories,East,3,800,0.0,2400.0,1680.0,720.0,30.0,2025-01,Tuesday
ORD_04621,2024-05-23,CUST_0077,Printer,Office,East,7,15000,0.05,99750.0,69825.0,29925.0,30.0,2024-05,Thursday
ORD_04622,2024-01-25,CUST_0232,Laptop,Accessories,South,4,60000,0.05,228000.0,159600.0,68400.0,30.0,2024-01,Thursday
ORD_04623,2025-10-29,CUST_0112,Keyboard,Office,West,3,2000,0.15,5100.0,3570.0,1530.0,30.0,2025-10,Wednesday
ORD_04624,2024-03-13,CUST_0066,Keyboard,Office,West,8,2000,0.2,12800.0,8960.0,3840.0,30.0,2024-03,Wednesday
ORD_04625,2025-09-23,CUST_0182,Mouse,Accessories,North,3,800,0.0,2400.0,1680.0,720.0,30.0,2025-09,Tuesday
ORD_04626,2024-04-02,CUST_0423,Keyboard,Accessories,South,7,2000,0.15,11900.0,8330.0,3570.0,30.0,2024-04,Tuesday
ORD_04627,2025-05-19,CUST_0204,Mouse,Accessories,South,2,800,0.05,1520.0,1064.0,456.0,30.0,2025-05,Monday
ORD_04628,2025-08-20,CUST_0423,Laptop,Accessories,East,1,60000,0.2,48000.0,33600.0,14400.0,30.0,2025-08,Wednesday
ORD_04629,2024-12-01,CUST_0371,Laptop,Electronics,South,6,60000,0.15,306000.0,214200.0,91800.0,30.0,2024-12,Sunday
ORD_04630,2025-02-28,CUST_0206,Laptop,Office,North,8,60000,0.15,408000.0,285600.0,122400.0,30.0,2025-02,Friday
ORD_04631,2025-05-13,CUST_0286,Laptop,Electronics,South,1,60000,0.0,60000.0,42000.0,18000.0,30.0,2025-05,Tuesday
ORD_04632,2024-12-29,CUST_0105,Printer,Electronics,East,9,15000,0.05,128250.0,89775.0,38475.0,30.0,2024-12,Sunday
ORD_04633,2025-09-21,CUST_0242,Printer,Office,North,3,15000,0.0,45000.0,31499.999999999996,13500.000000000004,30.00000000000001,2025-09,Sunday
ORD_04634,2024-07-17,CUST_0235,Laptop,Electronics,East,3,60000,0.15,153000.0,107100.0,45900.0,30.0,2024-07,Wednesday
ORD_04635,2025-12-18,CUST_0176,Keyboard,Accessories,South,4,2000,0.15,6800.0,4760.0,2040.0,30.0,2025-12,Thursday
ORD_04636,2025-02-16,CUST_0211,Mouse,Accessories,West,1,800,0.0,800.0,560.0,240.0,30.0,2025-02,Sunday
ORD_04637,2024-12-04,CUST_0031,Monitor,Accessories,South,9,20000,0.15,153000.0,107100.0,45900.0,30.0,2024-12,Wednesday
ORD_04638,2025-10-20,CUST_0235,Mouse,Accessories,South,3,800,0.1,2160.0,1512.0,648.0,30.0,2025-10,Monday
ORD_04639,2025-03-04,CUST_0242,Monitor,Office,East,4,20000,0.2,64000.0,44800.0,19200.0,30.0,2025-03,Tuesday
ORD_04640,2024-05-18,CUST_0491,Monitor,Accessories,West,1,20000,0.05,19000.0,13300.0,5700.0,30.0,2024-05,Saturday
ORD_04641,2025-11-23,CUST_0153,Laptop,Office,South,4,60000,0.2,192000.0,134400.0,57600.0,30.0,2025-11,Sunday
ORD_04642,2025-06-25,CUST_0196,Monitor,Office,North,1,20000,0.05,19000.0,13300.0,5700.0,30.0,2025-06,Wednesday
ORD_04643,2024-02-26,CUST_0498,Laptop,Office,North,5,60000,0.15,255000.0,178500.0,76500.0,30.0,2024-02,Monday
ORD_04644,2024-08-19,CUST_0435,Printer,Office,East,5,15000,0.0,75000.0,52500.0,22500.0,30.0,2024-08,Monday
ORD_04645,2025-10-19,CUST_0269,Keyboard,Electronics,East,7,2000,0.0,14000.0,9800.0,4200.0,30.0,2025-10,Sunday
ORD_04646,2025-03-10,CUST_0484,Monitor,Electronics,West,8,20000,0.15,136000.0,95200.0,40800.0,30.0,2025-03,Monday
ORD_04647,2025-01-18,CUST_0447,Keyboard,Accessories,East,4,2000,0.05,7600.0,5320.0,2280.0,30.0,2025-01,Saturday
ORD_04648,2025-07-13,CUST_0384,Laptop,Office,West,7,60000,0.15,357000.0,249899.99999999997,107100.00000000003,30.00000000000001,2025-07,Sunday
ORD_04649,2024-07-12,CUST_0170,Monitor,Accessories,South,4,20000,0.05,76000.0,53200.0,22800.0,30.0,2024-07,Friday
ORD_04650,2025-10-09,CUST_0438,Mouse,Accessories,North,3,800,0.15,2040.0,1428.0,612.0,30.0,2025-10,Thursday
ORD_04651,2025-06-17,CUST_0357,Printer,Accessories,North,6,15000,0.15,76500.0,53550.0,22950.0,30.0,2025-06,Tuesday
ORD_04652,2025-06-01,CUST_0323,Printer,Accessories,North,4,15000,0.15,51000.0,35700.0,15300.0,30.0,2025-06,Sunday
ORD_04653,2025-12-16,CUST_0336,Monitor,Office,East,3,20000,0.0,60000.0,42000.0,18000.0,30.0,2025-12,Tuesday
ORD_04654,2024-07-03,CUST_0474,Printer,Office,East,9,15000,0.05,128250.0,89775.0,38475.0,30.0,2024-07,Wednesday
ORD_04655,2024-10-18,CUST_0232,Mouse,Electronics,South,5,800,0.15,3400.0,2380.0,1020.0,30.0,2024-10,Friday
ORD_04656,2024-11-30,CUST_0184,Keyboard,Office,East,7,2000,0.2,11200.0,7839.999999999999,3360.000000000001,30.00000000000001,2024-11,Saturday
ORD_04657,2024-04-25,CUST_0359,Mouse,Office,West,6,800,0.2,3840.0,2688.0,1152.0,30.0,2024-04,Thursday
ORD_04658,2024-02-18,CUST_0275,Printer,Accessories,North,5,15000,0.0,75000.0,52500.0,22500.0,30.0,2024-02,Sunday
ORD_04659,2025-11-15,CUST_0430,Keyboard,Office,South,7,2000,0.1,12600.0,8820.0,3780.0,30.0,2025-11,Saturday
ORD_04660,2024-03-22,CUST_0399,Mouse,Accessories,West,6,800,0.0,4800.0,3360.0,1440.0,30.0,2024-03,Friday
ORD_04661,2024-11-28,CUST_0032,Laptop,Office,West,2,60000,0.1,108000.0,75600.0,32400.0,30.0,2024-11,Thursday
ORD_04662,2025-07-10,CUST_0177,Laptop,Electronics,East,3,60000,0.0,180000.0,125999.99999999999,54000.000000000015,30.00000000000001,2025-07,Thursday
ORD_04663,2024-11-30,CUST_0405,Keyboard,Accessories,East,2,2000,0.2,3200.0,2240.0,960.0,30.0,2024-11,Saturday
ORD_04664,2025-06-15,CUST_0065,Keyboard,Office,North,3,2000,0.15,5100.0,3570.0,1530.0,30.0,2025-06,Sunday
ORD_04665,2024-08-08,CUST_0198,Keyboard,Office,South,1,2000,0.05,1900.0,1330.0,570.0,30.0,2024-08,Thursday
ORD_04666,2025-09-26,CUST_0027,Laptop,Accessories,West,8,60000,0.15,408000.0,285600.0,122400.0,30.0,2025-09,Friday
ORD_04667,2024-11-18,CUST_0151,Mouse,Electronics,East,6,800,0.2,3840.0,2688.0,1152.0,30.0,2024-11,Monday
ORD_04668,2024-01-03,CUST_0303,Keyboard,Electronics,East,2,2000,0.05,3800.0,2660.0,1140.0,30.0,2024-01,Wednesday
ORD_04669,2025-11-24,CUST_0479,Laptop,Office,South,8,60000,0.1,432000.0,302400.0,129600.0,30.0,2025-11,Monday
ORD_04670,2024-07-24,CUST_0268,Keyboard,Office,South,6,2000,0.1,10800.0,7559.999999999999,3240.000000000001,30.00000000000001,2024-07,Wednesday
ORD_04671,2024-02-09,CUST_0085,Keyboard,Office,East,7,2000,0.2,11200.0,7839.999999999999,3360.000000000001,30.00000000000001,2024-02,Friday
ORD_04672,2024-02-28,CUST_0500,Keyboard,Accessories,East,1,2000,0.05,1900.0,1330.0,570.0,30.0,2024-02,Wednesday
ORD_04673,2025-07-27,CUST_0066,Laptop,Accessories,North,7,60000,0.15,357000.0,249899.99999999997,107100.00000000003,30.00000000000001,2025-07,Sunday
ORD_04674,2025-10-05,CUST_0133,Mouse,Accessories,South,3,800,0.2,1920.0,1344.0,576.0,30.0,2025-10,Sunday
ORD_04675,2025-05-21,CUST_0393,Laptop,Office,West,8,60000,0.1,432000.0,302400.0,129600.0,30.0,2025-05,Wednesday
ORD_04676,2025-07-25,CUST_0404,Laptop,Electronics,East,6,60000,0.2,288000.0,201600.0,86400.0,30.0,2025-07,Friday
ORD_04677,2024-05-01,CUST_0366,Keyboard,Accessories,East,4,2000,0.15,6800.0,4760.0,2040.0,30.0,2024-05,Wednesday
ORD_04678,2025-04-23,CUST_0082,Monitor,Electronics,East,8,20000,0.0,160000.0,112000.0,48000.0,30.0,2025-04,Wednesday
ORD_04679,2025-09-10,CUST_0381,Monitor,Office,East,9,20000,0.0,180000.0,125999.99999999999,54000.000000000015,30.00000000000001,2025-09,Wednesday
ORD_04680,2024-04-05,CUST_0319,Monitor,Accessories,North,2,20000,0.15,34000.0,23800.0,10200.0,30.0,2024-04,Friday
ORD_04681,2025-02-17,CUST_0470,Laptop,Accessories,South,6,60000,0.05,342000.0,239399.99999999997,102600.00000000003,30.00000000000001,2025-02,Monday
ORD_04682,2024-08-22,CUST_0328,Keyboard,Accessories,East,5,2000,0.2,8000.0,5600.0,2400.0,30.0,2024-08,Thursday
ORD_04683,2024-03-02,CUST_0098,Monitor,Office,South,5,20000,0.15,85000.0,59499.99999999999,25500.000000000007,30.00000000000001,2024-03,Saturday
ORD_04684,2024-09-12,CUST_0073,Printer,Office,West,3,15000,0.0,45000.0,31499.999999999996,13500.000000000004,30.00000000000001,2024-09,Thursday
ORD_04685,2025-07-14,CUST_0327,Printer,Office,West,8,15000,0.1,108000.0,75600.0,32400.0,30.0,2025-07,Monday
ORD_04686,2024-12-13,CUST_0030,Printer,Electronics,West,8,15000,0.15,102000.0,71400.0,30600.0,30.0,2024-12,Friday
ORD_04687,2025-11-01,CUST_0125,Mouse,Electronics,West,5,800,0.15,3400.0,2380.0,1020.0,30.0,2025-11,Saturday
ORD_04688,2024-05-03,CUST_0210,Keyboard,Accessories,South,8,2000,0.15,13600.0,9520.0,4080.0,30.0,2024-05,Friday
ORD_04689,2025-04-26,CUST_0475,Laptop,Accessories,West,8,60000,0.0,480000.0,336000.0,144000.0,30.0,2025-04,Saturday
ORD_04690,2024-11-12,CUST_0272,Laptop,Office,West,3,60000,0.0,180000.0,125999.99999999999,54000.000000000015,30.00000000000001,2024-11,Tuesday
ORD_04691,2025-05-18,CUST_0213,Keyboard,Office,East,2,2000,0.15,3400.0,2380.0,1020.0,30.0,2025-05,Sunday
ORD_04692,2025-12-19,CUST_0133,Mouse,Office,East,9,800,0.15,6120.0,4284.0,1836.0,30.0,2025-12,Friday
ORD_04693,2024-02-17,CUST_0157,Keyboard,Accessories,East,2,2000,0.05,3800.0,2660.0,1140.0,30.0,2024-02,Saturday
ORD_04694,2025-02-12,CUST_0047,Mouse,Office,North,9,800,0.1,6480.0,4536.0,1944.0,30.0,2025-02,Wednesday
ORD_04695,2024-05-15,CUST_0357,Monitor,Electronics,East,4,20000,0.2,64000.0,44800.0,19200.0,30.0,2024-05,Wednesday
ORD_04696,2024-07-19,CUST_0363,Monitor,Electronics,West,2,20000,0.2,32000.0,22400.0,9600.0,30.0,2024-07,Friday
ORD_04697,2024-09-06,CUST_0382,Mouse,Accessories,South,1,800,0.2,640.0,448.0,192.0,30.0,2024-09,Friday
ORD_04698,2024-11-09,CUST_0022,Keyboard,Accessories,West,4,2000,0.0,8000.0,5600.0,2400.0,30.0,2024-11,Saturday
ORD_04699,2025-01-02,CUST_0462,Monitor,Electronics,South,9,20000,0.0,180000.0,125999.99999999999,54000.000000000015,30.00000000000001,2025-01,Thursday
ORD_04700,2025-03-04,CUST_0441,Keyboard,Office,West,9,2000,0.05,17100.0,11970.0,5130.0,30.0,2025-03,Tuesday
ORD_04701,2025-04-24,CUST_0083,Monitor,Accessories,North,4,20000,0.0,80000.0,56000.0,24000.0,30.0,2025-04,Thursday
ORD_04702,2024-11-09,CUST_0419,Keyboard,Accessories,East,9,2000,0.15,15300.0,10710.0,4590.0,30.0,2024-11,Saturday
ORD_04703,2025-05-14,CUST_0472,Keyboard,Accessories,West,6,2000,0.1,10800.0,7559.999999999999,3240.000000000001,30.00000000000001,2025-05,Wednesday
ORD_04704,2025-12-21,CUST_0234,Printer,Electronics,East,1,15000,0.1,13500.0,9450.0,4050.0,30.0,2025-12,Sunday
ORD_04705,2024-12-20,CUST_0060,Mouse,Accessories,North,6,800,0.1,4320.0,3024.0,1296.0,30.0,2024-12,Friday
ORD_04706,2025-04-29,CUST_0454,Laptop,Electronics,North,9,60000,0.1,486000.0,340200.0,145800.0,30.0,2025-04,Tuesday
ORD_04707,2024-07-29,CUST_0188,Mouse,Electronics,East,2,800,0.2,1280.0,896.0,384.0,30.0,2024-07,Monday
ORD_04708,2025-12-04,CUST_0058,Keyboard,Office,East,6,2000,0.2,9600.0,6720.0,2880.0,30.0,2025-12,Thursday
ORD_04709,2024-02-13,CUST_0259,Keyboard,Office,South,2,2000,0.15,3400.0,2380.0,1020.0,30.0,2024-02,Tuesday
ORD_04710,2025-06-24,CUST_0162,Mouse,Office,East,4,800,0.05,3040.0,2128.0,912.0,30.0,2025-06,Tuesday
ORD_04711,2025-07-24,CUST_0301,Keyboard,Accessories,East,8,2000,0.0,16000.0,11200.0,4800.0,30.0,2025-07,Thursday
ORD_04712,2025-08-05,CUST_0306,Monitor,Electronics,South,7,20000,0.0,140000.0,98000.0,42000.0,30.0,2025-08,Tuesday
ORD_04713,2024-04-01,CUST_0002,Keyboard,Accessories,West,9,2000,0.2,14400.0,10080.0,4320.0,30.0,2024-04,Monday
ORD_04714,2024-09-21,CUST_0271,Mouse,Electronics,South,7,800,0.1,5040.0,3528.0,1512.0,30.0,2024-09,Saturday
ORD_04715,2024-08-07,CUST_0421,Mouse,Accessories,West,1,800,0.15,680.0,475.99999999999994,204.00000000000006,30.00000000000001,2024-08,Wednesday
ORD_04716,2025-03-17,CUST_0143,Mouse,Electronics,West,2,800,0.05,1520.0,1064.0,456.0,30.0,2025-03,Monday
ORD_04717,2025-02-04,CUST_0188,Printer,Office,West,6,15000,0.2,72000.0,50400.0,21600.0,30.0,2025-02,Tuesday
ORD_04718,2025-02-03,CUST_0352,Printer,Office,South,7,15000,0.15,89250.0,62474.99999999999,26775.000000000007,30.00000000000001,2025-02,Monday
ORD_04719,2025-12-27,CUST_0341,Printer,Accessories,South,3,15000,0.15,38250.0,26775.0,11475.0,30.0,2025-12,Saturday
ORD_04720,2025-07-29,CUST_0448,Printer,Electronics,North,9,15000,0.2,108000.0,75600.0,32400.0,30.0,2025-07,Tuesday
ORD_04721,2025-05-04,CUST_0465,Printer,Office,West,7,15000,0.15,89250.0,62474.99999999999,26775.000000000007,30.00000000000001,2025-05,Sunday
ORD_04722,2025-04-29,CUST_0482,Printer,Electronics,South,6,15000,0.1,81000.0,56700.0,24300.0,30.0,2025-04,Tuesday
ORD_04723,2025-04-14,CUST_0224,Printer,Accessories,North,6,15000,0.15,76500.0,53550.0,22950.0,30.0,2025-04,Monday
ORD_04724,2025-07-27,CUST_0498,Mouse,Office,West,1,800,0.05,760.0,532.0,228.0,30.0,2025-07,Sunday
ORD_04725,2025-11-12,CUST_0367,Laptop,Accessories,South,5,60000,0.15,255000.0,178500.0,76500.0,30.0,2025-11,Wednesday
ORD_04726,2025-03-20,CUST_0180,Printer,Accessories,South,3,15000,0.0,45000.0,31499.999999999996,13500.000000000004,30.00000000000001,2025-03,Thursday
ORD_04727,2024-09-25,CUST_0023,Mouse,Electronics,South,7,800,0.15,4760.0,3332.0,1428.0,30.0,2024-09,Wednesday
ORD_04728,2024-09-23,CUST_0355,Laptop,Accessories,East,3,60000,0.2,144000.0,100800.0,43200.0,30.0,2024-09,Monday
ORD_04729,2024-02-23,CUST_0037,Printer,Accessories,North,5,15000,0.0,75000.0,52500.0,22500.0,30.0,2024-02,Friday
ORD_04730,2025-06-11,CUST_0107,Laptop,Electronics,South,7,60000,0.2,336000.0,235199.99999999997,100800.00000000003,30.00000000000001,2025-06,Wednesday
ORD_04731,2025-06-03,CUST_0297,Laptop,Electronics,East,3,60000,0.05,171000.0,119699.99999999999,51300.000000000015,30.00000000000001,2025-06,Tuesday
ORD_04732,2025-09-07,CUST_0229,Monitor,Accessories,North,2,20000,0.1,36000.0,25200.0,10800.0,30.0,2025-09,Sunday
ORD_04733,2024-02-28,CUST_0313,Keyboard,Office,North,6,2000,0.05,11400.0,7979.999999999999,3420.000000000001,30.00000000000001,2024-02,Wednesday
ORD_04734,2024-02-09,CUST_0097,Monitor,Office,East,8,20000,0.0,160000.0,112000.0,48000.0,30.0,2024-02,Friday
ORD_04735,2024-08-24,CUST_0281,Laptop,Electronics,North,4,60000,0.1,216000.0,151200.0,64800.0,30.0,2024-08,Saturday
ORD_04736,2025-01-20,CUST_0110,Mouse,Accessories,East,9,800,0.15,6120.0,4284.0,1836.0,30.0,2025-01,Monday
ORD_04737,2025-08-28,CUST_0037,Printer,Office,West,8,15000,0.0,120000.0,84000.0,36000.0,30.0,2025-08,Thursday
ORD_04738,2025-12-16,CUST_0040,Keyboard,Electronics,South,7,2000,0.1,12600.0,8820.0,3780.0,30.0,2025-12,Tuesday
ORD_04739,2025-10-11,CUST_0085,Printer,Electronics,East,7,15000,0.2,84000.0,58799.99999999999,25200.000000000007,30.00000000000001,2025-10,Saturday
ORD_04740,2024-10-26,CUST_0302,Mouse,Electronics,North,3,800,0.1,2160.0,1512.0,648.0,30.0,2024-10,Saturday
ORD_04741,2025-01-29,CUST_0188,Keyboard,Accessories,North,6,2000,0.2,9600.0,6720.0,2880.0,30.0,2025-01,Wednesday
ORD_04742,2024-07-25,CUST_0240,Monitor,Electronics,West,5,20000,0.2,80000.0,56000.0,24000.0,30.0,2024-07,Thursday
ORD_04743,2024-12-01,CUST_0358,Laptop,Office,West,1,60000,0.1,54000.0,37800.0,16200.0,30.0,2024-12,Sunday
ORD_04744,2025-08-15,CUST_0488,Mouse,Accessories,West,3,800,0.05,2280.0,1596.0,684.0,30.0,2025-08,Friday
ORD_04745,2025-12-30,CUST_0354,Laptop,Office,West,1,60000,0.05,57000.0,39900.0,17100.0,30.0,2025-12,Tuesday
ORD_04746,2025-05-28,CUST_0019,Laptop,Office,West,4,60000,0.2,192000.0,134400.0,57600.0,30.0,2025-05,Wednesday
ORD_04747,2024-06-26,CUST_0347,Printer,Office,South,3,15000,0.0,45000.0,31499.999999999996,13500.000000000004,30.00000000000001,2024-06,Wednesday
ORD_04748,2025-01-30,CUST_0393,Mouse,Accessories,East,4,800,0.1,2880.0,2015.9999999999998,864.0000000000002,30.00000000000001,2025-01,Thursday
ORD_04749,2025-01-05,CUST_0325,Laptop,Office,West,9,60000,0.0,540000.0,378000.0,162000.0,30.0,2025-01,Sunday
ORD_04750,2025-10-19,CUST_0261,Monitor,Electronics,West,3,20000,0.05,57000.0,39900.0,17100.0,30.0,2025-10,Sunday
ORD_04751,2024-11-13,CUST_0473,Keyboard,Electronics,South,6,2000,0.0,12000.0,8400.0,3600.0,30.0,2024-11,Wednesday
ORD_04752,2025-01-03,CUST_0410,Mouse,Office,East,6,800,0.15,4080.0,2856.0,1224.0,30.0,2025-01,Friday
ORD_04753,2025-01-18,CUST_0403,Printer,Electronics,West,7,15000,0.15,89250.0,62474.99999999999,26775.000000000007,30.00000000000001,2025-01,Saturday
ORD_04754,2024-03-02,CUST_0158,Mouse,Accessories,East,9,800,0.05,6840.0,4788.0,2052.0,30.0,2024-03,Saturday
ORD_04755,2025-05-19,CUST_0484,Printer,Accessories,East,7,15000,0.0,105000.0,73500.0,31500.0,30.0,2025-05,Monday
ORD_04756,2024-08-26,CUST_0304,Keyboard,Electronics,South,1,2000,0.1,1800.0,1260.0,540.0,30.0,2024-08,Monday
ORD_04757,2024-07-13,CUST_0112,Monitor,Electronics,South,8,20000,0.05,152000.0,106400.0,45600.0,30.0,2024-07,Saturday
ORD_04758,2025-11-08,CUST_0144,Laptop,Accessories,West,5,60000,0.15,255000.0,178500.0,76500.0,30.0,2025-11,Saturday
ORD_04759,2024-08-09,CUST_0256,Mouse,Office,North,9,800,0.05,6840.0,4788.0,2052.0,30.0,2024-08,Friday
ORD_04760,2024-03-01,CUST_0455,Printer,Accessories,South,5,15000,0.0,75000.0,52500.0,22500.0,30.0,2024-03,Friday
ORD_04761,2024-05-08,CUST_0018,Keyboard,Office,East,5,2000,0.0,10000.0,7000.0,3000.0,30.0,2024-05,Wednesday
ORD_04762,2025-11-15,CUST_0184,Laptop,Electronics,East,2,60000,0.0,120000.0,84000.0,36000.0,30.0,2025-11,Saturday
ORD_04763,2024-06-04,CUST_0405,Keyboard,Electronics,West,3,2000,0.2,4800.0,3360.0,1440.0,30.0,2024-06,Tuesday
ORD_04764,2025-01-12,CUST_0287,Monitor,Office,West,9,20000,0.0,180000.0,125999.99999999999,54000.000000000015,30.00000000000001,2025-01,Sunday
ORD_04765,2025-09-13,CUST_0385,Laptop,Office,West,7,60000,0.15,357000.0,249899.99999999997,107100.00000000003,30.00000000000001,2025-09,Saturday
ORD_04766,2025-08-08,CUST_0131,Laptop,Accessories,East,1,60000,0.15,51000.0,35700.0,15300.0,30.0,2025-08,Friday
ORD_04767,2025-03-12,CUST_0479,Laptop,Office,South,3,60000,0.2,144000.0,100800.0,43200.0,30.0,2025-03,Wednesday
ORD_04768,2024-07-25,CUST_0281,Printer,Electronics,North,2,15000,0.15,25500.0,17850.0,7650.0,30.0,2024-07,Thursday
ORD_04769,2025-01-22,CUST_0245,Laptop,Electronics,South,1,60000,0.15,51000.0,35700.0,15300.0,30.0,2025-01,Wednesday
ORD_04770,2025-04-24,CUST_0008,Keyboard,Electronics,North,9,2000,0.05,17100.0,11970.0,5130.0,30.0,2025-04,Thursday
ORD_04771,2024-12-05,CUST_0193,Printer,Office,South,8,15000,0.0,120000.0,84000.0,36000.0,30.0,2024-12,Thursday
ORD_04772,2024-12-05,CUST_0318,Laptop,Office,West,5,60000,0.05,285000.0,199500.0,85500.0,30.0,2024-12,Thursday
ORD_04773,2024-07-22,CUST_0391,Keyboard,Electronics,East,2,2000,0.05,3800.0,2660.0,1140.0,30.0,2024-07,Monday
ORD_04774,2024-06-09,CUST_0007,Keyboard,Office,North,1,2000,0.15,1700.0,1190.0,510.0,30.0,2024-06,Sunday
ORD_04775,2025-06-23,CUST_0136,Mouse,Accessories,South,7,800,0.1,5040.0,3528.0,1512.0,30.0,2025-06,Monday
ORD_04776,2025-01-26,CUST_0019,Keyboard,Accessories,East,2,2000,0.0,4000.0,2800.0,1200.0,30.0,2025-01,Sunday
ORD_04777,2025-11-07,CUST_0401,Monitor,Office,North,1,20000,0.1,18000.0,12600.0,5400.0,30.0,2025-11,Friday
ORD_04778,2025-07-28,CUST_0139,Laptop,Office,North,2,60000,0.15,102000.0,71400.0,30600.0,30.0,2025-07,Monday
ORD_04779,2025-06-17,CUST_0367,Laptop,Electronics,East,7,60000,0.2,336000.0,235199.99999999997,100800.00000000003,30.00000000000001,2025-06,Tuesday
ORD_04780,2024-03-10,CUST_0489,Laptop,Office,West,7,60000,0.05,399000.0,279300.0,119700.0,30.0,2024-03,Sunday
ORD_04781,2025-02-08,CUST_0177,Keyboard,Electronics,East,6,2000,0.15,10200.0,7140.0,3060.0,30.0,2025-02,Saturday
ORD_04782,2025-08-30,CUST_0011,Keyboard,Accessories,West,5,2000,0.15,8500.0,5950.0,2550.0,30.0,2025-08,Saturday
ORD_04783,2025-11-05,CUST_0486,Laptop,Office,South,3,60000,0.1,162000.0,113400.0,48600.0,30.0,2025-11,Wednesday
ORD_04784,2025-08-13,CUST_0041,Printer,Accessories,South,3,15000,0.2,36000.0,25200.0,10800.0,30.0,2025-08,Wednesday
ORD_04785,2025-05-31,CUST_0446,Printer,Office,East,9,15000,0.05,128250.0,89775.0,38475.0,30.0,2025-05,Saturday
ORD_04786,2024-04-29,CUST_0114,Monitor,Office,West,4,20000,0.2,64000.0,44800.0,19200.0,30.0,2024-04,Monday
ORD_04787,2025-11-20,CUST_0180,Mouse,Electronics,South,9,800,0.2,5760.0,4031.9999999999995,1728.0000000000005,30.00000000000001,2025-11,Thursday
ORD_04788,2025-11-18,CUST_0194,Monitor,Electronics,West,4,20000,0.2,64000.0,44800.0,19200.0,30.0,2025-11,Tuesday
ORD_04789,2024-08-04,CUST_0196,Laptop,Office,West,2,60000,0.0,120000.0,84000.0,36000.0,30.0,2024-08,Sunday
ORD_04790,2024-02-25,CUST_0498,Laptop,Office,West,4,60000,0.2,192000.0,134400.0,57600.0,30.0,2024-02,Sunday
ORD_04791,2024-12-31,CUST_0348,Laptop,Electronics,East,6,60000,0.15,306000.0,214200.0,91800.0,30.0,2024-12,Tuesday
ORD_04792,2025-11-29,CUST_0225,Mouse,Accessories,West,6,800,0.0,4800.0,3360.0,1440.0,30.0,2025-11,Saturday
ORD_04793,2025-05-18,CUST_0331,Keyboard,Office,East,5,2000,0.0,10000.0,7000.0,3000.0,30.0,2025-05,Sunday
ORD_04794,2025-03-30,CUST_0323,Mouse,Electronics,South,1,800,0.2,640.0,448.0,192.0,30.0,2025-03,Sunday
ORD_04795,2024-04-13,CUST_0424,Monitor,Office,South,3,20000,0.15,51000.0,35700.0,15300.0,30.0,2024-04,Saturday
ORD_04796,2024-03-17,CUST_0261,Keyboard,Electronics,North,5,2000,0.05,9500.0,6650.0,2850.0,30.0,2024-03,Sunday
ORD_04797,2024-08-17,CUST_0116,Keyboard,Accessories,North,6,2000,0.2,9600.0,6720.0,2880.0,30.0,2024-08,Saturday
ORD_04798,2024-09-14,CUST_0469,Monitor,Office,South,1,20000,0.0,20000.0,14000.0,6000.0,30.0,2024-09,Saturday
ORD_04799,2024-09-20,CUST_0150,Keyboard,Office,West,9,2000,0.05,17100.0,11970.0,5130.0,30.0,2024-09,Friday
ORD_04800,2024-11-26,CUST_0118,Printer,Accessories,West,3,15000,0.05,42750.0,29924.999999999996,12825.000000000004,30.00000000000001,2024-11,Tuesday
ORD_04801,2024-06-30,CUST_0165,Monitor,Office,South,3,20000,0.0,60000.0,42000.0,18000.0,30.0,2024-06,Sunday
ORD_04802,2025-07-03,CUST_0252,Monitor,Office,South,2,20000,0.05,38000.0,26600.0,11400.0,30.0,2025-07,Thursday
ORD_04803,2025-11-18,CUST_0267,Printer,Office,North,8,15000,0.15,102000.0,71400.0,30600.0,30.0,2025-11,Tuesday
ORD_04804,2024-01-27,CUST_0044,Mouse,Electronics,West,3,800,0.15,2040.0,1428.0,612.0,30.0,2024-01,Saturday
ORD_04805,2024-10-02,CUST_0470,Mouse,Electronics,South,6,800,0.2,3840.0,2688.0,1152.0,30.0,2024-10,Wednesday
ORD_04806,2025-10-13,CUST_0489,Mouse,Office,North,2,800,0.2,1280.0,896.0,384.0,30.0,2025-10,Monday
ORD_04807,2024-10-25,CUST_0181,Keyboard,Accessories,North,7,2000,0.05,13300.0,9310.0,3990.0,30.0,2024-10,Friday
ORD_04808,2024-03-31,CUST_0077,Printer,Accessories,West,4,15000,0.0,60000.0,42000.0,18000.0,30.0,2024-03,Sunday
ORD_04809,2025-04-24,CUST_0374,Monitor,Office,North,9,20000,0.15,153000.0,107100.0,45900.0,30.0,2025-04,Thursday
ORD_04810,2025-07-26,CUST_0116,Monitor,Electronics,North,9,20000,0.1,162000.0,113400.0,48600.0,30.0,2025-07,Saturday
ORD_04811,2025-04-02,CUST_0445,Monitor,Electronics,East,7,20000,0.2,112000.0,78400.0,33600.0,30.0,2025-04,Wednesday
ORD_04812,2025-03-26,CUST_0067,Keyboard,Office,South,8,2000,0.15,13600.0,9520.0,4080.0,30.0,2025-03,Wednesday
ORD_04813,2024-12-30,CUST_0013,Keyboard,Electronics,West,3,2000,0.05,5700.0,3989.9999999999995,1710.0000000000005,30.00000000000001,2024-12,Monday
ORD_04814,2025-11-05,CUST_0092,Mouse,Electronics,South,5,800,0.15,3400.0,2380.0,1020.0,30.0,2025-11,Wednesday
ORD_04815,2024-12-16,CUST_0246,Keyboard,Accessories,East,2,2000,0.15,3400.0,2380.0,1020.0,30.0,2024-12,Monday
ORD_04816,2025-10-16,CUST_0267,Mouse,Office,West,7,800,0.05,5320.0,3723.9999999999995,1596.0000000000005,30.00000000000001,2025-10,Thursday
ORD_04817,2025-02-03,CUST_0139,Mouse,Electronics,South,8,800,0.2,5120.0,3584.0,1536.0,30.0,2025-02,Monday
ORD_04818,2024-09-09,CUST_0341,Monitor,Electronics,North,9,20000,0.2,144000.0,100800.0,43200.0,30.0,2024-09,Monday
ORD_04819,2025-04-03,CUST_0244,Keyboard,Electronics,West,7,2000,0.1,12600.0,8820.0,3780.0,30.0,2025-04,Thursday
ORD_04820,2025-11-29,CUST_0341,Mouse,Office,East,8,800,0.1,5760.0,4031.9999999999995,1728.0000000000005,30.00000000000001,2025-11,Saturday
ORD_04821,2025-05-13,CUST_0391,Printer,Office,North,9,15000,0.2,108000.0,75600.0,32400.0,30.0,2025-05,Tuesday
ORD_04822,2025-05-22,CUST_0273,Printer,Electronics,East,6,15000,0.2,72000.0,50400.0,21600.0,30.0,2025-05,Thursday
ORD_04823,2024-10-30,CUST_0304,Keyboard,Accessories,North,2,2000,0.2,3200.0,2240.0,960.0,30.0,2024-10,Wednesday
ORD_04824,2025-05-15,CUST_0398,Monitor,Accessories,South,2,20000,0.2,32000.0,22400.0,9600.0,30.0,2025-05,Thursday
ORD_04825,2025-08-20,CUST_0191,Monitor,Office,South,4,20000,0.15,68000.0,47600.0,20400.0,30.0,2025-08,Wednesday
ORD_04826,2024-06-14,CUST_0448,Mouse,Accessories,South,9,800,0.1,6480.0,4536.0,1944.0,30.0,2024-06,Friday
ORD_04827,2025-02-18,CUST_0097,Keyboard,Electronics,East,7,2000,0.05,13300.0,9310.0,3990.0,30.0,2025-02,Tuesday
ORD_04828,2025-04-06,CUST_0331,Printer,Office,West,2,15000,0.0,30000.0,21000.0,9000.0,30.0,2025-04,Sunday
ORD_04829,2024-04-23,CUST_0205,Mouse,Office,South,8,800,0.05,6080.0,4256.0,1824.0,30.0,2024-04,Tuesday
ORD_04830,2025-03-08,CUST_0449,Mouse,Accessories,East,7,800,0.0,5600.0,3919.9999999999995,1680.0000000000005,30.00000000000001,2025-03,Saturday
ORD_04831,2024-12-21,CUST_0418,Laptop,Office,North,9,60000,0.15,459000.0,321300.0,137700.0,30.0,2024-12,Saturday
ORD_04832,2025-11-25,CUST_0137,Keyboard,Accessories,South,8,2000,0.1,14400.0,10080.0,4320.0,30.0,2025-11,Tuesday
ORD_04833,2024-07-25,CUST_0077,Mouse,Accessories,North,3,800,0.0,2400.0,1680.0,720.0,30.0,2024-07,Thursday
ORD_04834,2024-08-22,CUST_0384,Printer,Electronics,South,1,15000,0.2,12000.0,8400.0,3600.0,30.0,2024-08,Thursday
ORD_04835,2025-03-17,CUST_0037,Laptop,Accessories,North,2,60000,0.15,102000.0,71400.0,30600.0,30.0,2025-03,Monday
ORD_04836,2024-12-20,CUST_0286,Printer,Accessories,East,2,15000,0.0,30000.0,21000.0,9000.0,30.0,2024-12,Friday
ORD_04837,2025-05-29,CUST_0425,Monitor,Office,South,4,20000,0.2,64000.0,44800.0,19200.0,30.0,2025-05,Thursday
ORD_04838,2024-07-26,CUST_0429,Laptop,Electronics,East,6,60000,0.15,306000.0,214200.0,91800.0,30.0,2024-07,Friday
ORD_04839,2025-12-09,CUST_0485,Laptop,Electronics,East,4,60000,0.0,240000.0,168000.0,72000.0,30.0,2025-12,Tuesday
ORD_04840,2024-05-04,CUST_0303,Mouse,Accessories,North,9,800,0.2,5760.0,4031.9999999999995,1728.0000000000005,30.00000000000001,2024-05,Saturday
ORD_04841,2024-05-17,CUST_0135,Monitor,Office,South,4,20000,0.1,72000.0,50400.0,21600.0,30.0,2024-05,Friday
ORD_04842,2024-12-04,CUST_0142,Mouse,Office,West,6,800,0.15,4080.0,2856.0,1224.0,30.0,2024-12,Wednesday
ORD_04843,2025-06-20,CUST_0254,Keyboard,Office,West,6,2000,0.0,12000.0,8400.0,3600.0,30.0,2025-06,Friday
ORD_04844,2024-03-08,CUST_0048,Printer,Electronics,East,1,15000,0.2,12000.0,8400.0,3600.0,30.0,2024-03,Friday
ORD_04845,2025-07-26,CUST_0255,Printer,Electronics,North,8,15000,0.1,108000.0,75600.0,32400.0,30.0,2025-07,Saturday
ORD_04846,2025-06-24,CUST_0134,Mouse,Accessories,North,3,800,0.2,1920.0,1344.0,576.0,30.0,2025-06,Tuesday
ORD_04847,2025-01-17,CUST_0290,Printer,Accessories,North,6,15000,0.1,81000.0,56700.0,24300.0,30.0,2025-01,Friday
ORD_04848,2024-01-19,CUST_0208,Printer,Office,South,3,15000,0.0,45000.0,31499.999999999996,13500.000000000004,30.00000000000001,2024-01,Friday
ORD_04849,2025-11-13,CUST_0499,Keyboard,Accessories,South,2,2000,0.2,3200.0,2240.0,960.0,30.0,2025-11,Thursday
ORD_04850,2025-03-25,CUST_0101,Monitor,Office,North,5,20000,0.2,80000.0,56000.0,24000.0,30.0,2025-03,Tuesday
ORD_04851,2024-03-14,CUST_0484,Laptop,Electronics,West,1,60000,0.05,57000.0,39900.0,17100.0,30.0,2024-03,Thursday
ORD_04852,2025-07-26,CUST_0046,Mouse,Accessories,West,9,800,0.15,6120.0,4284.0,1836.0,30.0,2025-07,Saturday
ORD_04853,2025-10-26,CUST_0443,Mouse,Office,South,7,800,0.2,4480.0,3136.0,1344.0,30.0,2025-10,Sunday
ORD_04854,2024-10-02,CUST_0070,Keyboard,Electronics,North,3,2000,0.1,5400.0,3779.9999999999995,1620.0000000000005,30.00000000000001,2024-10,Wednesday
ORD_04855,2024-02-17,CUST_0136,Keyboard,Office,West,4,2000,0.15,6800.0,4760.0,2040.0,30.0,2024-02,Saturday
ORD_04856,2024-07-29,CUST_0280,Laptop,Accessories,West,6,60000,0.0,360000.0,251999.99999999997,108000.00000000003,30.00000000000001,2024-07,Monday
ORD_04857,2025-10-12,CUST_0067,Monitor,Office,South,3,20000,0.15,51000.0,35700.0,15300.0,30.0,2025-10,Sunday
ORD_04858,2025-09-13,CUST_0004,Mouse,Electronics,South,7,800,0.05,5320.0,3723.9999999999995,1596.0000000000005,30.00000000000001,2025-09,Saturday
ORD_04859,2025-11-25,CUST_0224,Keyboard,Accessories,West,6,2000,0.0,12000.0,8400.0,3600.0,30.0,2025-11,Tuesday
ORD_04860,2025-06-23,CUST_0001,Mouse,Electronics,North,9,800,0.2,5760.0,4031.9999999999995,1728.0000000000005,30.00000000000001,2025-06,Monday
ORD_04861,2025-12-09,CUST_0290,Printer,Accessories,West,5,15000,0.0,75000.0,52500.0,22500.0,30.0,2025-12,Tuesday
ORD_04862,2024-07-09,CUST_0109,Mouse,Office,West,4,800,0.0,3200.0,2240.0,960.0,30.0,2024-07,Tuesday
ORD_04863,2024-11-10,CUST_0265,Monitor,Electronics,North,3,20000,0.05,57000.0,39900.0,17100.0,30.0,2024-11,Sunday
ORD_04864,2025-07-16,CUST_0063,Monitor,Electronics,South,1,20000,0.1,18000.0,12600.0,5400.0,30.0,2025-07,Wednesday
ORD_04865,2025-10-22,CUST_0460,Mouse,Office,North,3,800,0.0,2400.0,1680.0,720.0,30.0,2025-10,Wednesday
ORD_04866,2025-07-15,CUST_0266,Printer,Electronics,North,3,15000,0.1,40500.0,28350.0,12150.0,30.0,2025-07,Tuesday
ORD_04867,2024-04-22,CUST_0138,Monitor,Electronics,North,7,20000,0.15,119000.0,83300.0,35700.0,30.0,2024-04,Monday
ORD_04868,2024-06-18,CUST_0434,Keyboard,Electronics,North,7,2000,0.05,13300.0,9310.0,3990.0,30.0,2024-06,Tuesday
ORD_04869,2025-04-12,CUST_0044,Mouse,Electronics,South,1,800,0.2,640.0,448.0,192.0,30.0,2025-04,Saturday
ORD_04870,2025-11-08,CUST_0374,Printer,Office,West,3,15000,0.0,45000.0,31499.999999999996,13500.000000000004,30.00000000000001,2025-11,Saturday
ORD_04871,2024-01-14,CUST_0432,Keyboard,Electronics,East,8,2000,0.1,14400.0,10080.0,4320.0,30.0,2024-01,Sunday
ORD_04872,2025-12-15,CUST_0471,Mouse,Electronics,South,9,800,0.0,7200.0,5040.0,2160.0,30.0,2025-12,Monday
ORD_04873,2024-10-14,CUST_0262,Printer,Electronics,North,7,15000,0.05,99750.0,69825.0,29925.0,30.0,2024-10,Monday
ORD_04874,2024-07-07,CUST_0216,Keyboard,Accessories,West,7,2000,0.2,11200.0,7839.999999999999,3360.000000000001,30.00000000000001,2024-07,Sunday
ORD_04875,2024-06-03,CUST_0121,Monitor,Accessories,West,8,20000,0.15,136000.0,95200.0,40800.0,30.0,2024-06,Monday
ORD_04876,2025-07-20,CUST_0152,Mouse,Office,North,6,800,0.15,4080.0,2856.0,1224.0,30.0,2025-07,Sunday
ORD_04877,2025-11-24,CUST_0213,Mouse,Office,South,3,800,0.1,2160.0,1512.0,648.0,30.0,2025-11,Monday
ORD_04878,2025-12-22,CUST_0234,Monitor,Office,North,1,20000,0.15,17000.0,11900.0,5100.0,30.0,2025-12,Monday
ORD_04879,2025-04-15,CUST_0351,Laptop,Electronics,West,7,60000,0.1,378000.0,264600.0,113400.0,30.0,2025-04,Tuesday
ORD_04880,2024-03-15,CUST_0111,Keyboard,Accessories,West,1,2000,0.2,1600.0,1120.0,480.0,30.0,2024-03,Friday
ORD_04881,2024-10-03,CUST_0442,Monitor,Accessories,South,1,20000,0.0,20000.0,14000.0,6000.0,30.0,2024-10,Thursday
ORD_04882,2025-10-06,CUST_0361,Mouse,Office,East,9,800,0.05,6840.0,4788.0,2052.0,30.0,2025-10,Monday
ORD_04883,2024-12-08,CUST_0320,Keyboard,Accessories,North,7,2000,0.2,11200.0,7839.999999999999,3360.000000000001,30.00000000000001,2024-12,Sunday
ORD_04884,2025-02-28,CUST_0222,Keyboard,Office,East,4,2000,0.2,6400.0,4480.0,1920.0,30.0,2025-02,Friday
ORD_04885,2025-07-24,CUST_0440,Laptop,Electronics,West,6,60000,0.15,306000.0,214200.0,91800.0,30.0,2025-07,Thursday
ORD_04886,2025-05-25,CUST_0226,Mouse,Accessories,East,1,800,0.15,680.0,475.99999999999994,204.00000000000006,30.00000000000001,2025-05,Sunday
ORD_04887,2024-06-30,CUST_0210,Printer,Electronics,North,7,15000,0.05,99750.0,69825.0,29925.0,30.0,2024-06,Sunday
ORD_04888,2025-04-02,CUST_0396,Laptop,Electronics,North,6,60000,0.0,360000.0,251999.99999999997,108000.00000000003,30.00000000000001,2025-04,Wednesday
ORD_04889,2024-03-04,CUST_0419,Laptop,Accessories,West,4,60000,0.2,192000.0,134400.0,57600.0,30.0,2024-03,Monday
ORD_04890,2024-09-16,CUST_0071,Printer,Office,South,7,15000,0.15,89250.0,62474.99999999999,26775.000000000007,30.00000000000001,2024-09,Monday
ORD_04891,2024-07-11,CUST_0489,Printer,Accessories,South,3,15000,0.2,36000.0,25200.0,10800.0,30.0,2024-07,Thursday
ORD_04892,2025-10-16,CUST_0360,Laptop,Electronics,West,1,60000,0.0,60000.0,42000.0,18000.0,30.0,2025-10,Thursday
ORD_04893,2025-09-07,CUST_0089,Keyboard,Office,North,4,2000,0.1,7200.0,5040.0,2160.0,30.0,2025-09,Sunday
ORD_04894,2025-02-09,CUST_0262,Monitor,Electronics,South,3,20000,0.0,60000.0,42000.0,18000.0,30.0,2025-02,Sunday
ORD_04895,2025-12-26,CUST_0449,Monitor,Office,East,1,20000,0.2,16000.0,11200.0,4800.0,30.0,2025-12,Friday
ORD_04896,2025-12-21,CUST_0366,Laptop,Accessories,West,2,60000,0.2,96000.0,67200.0,28800.0,30.0,2025-12,Sunday
ORD_04897,2024-04-02,CUST_0464,Keyboard,Electronics,East,5,2000,0.05,9500.0,6650.0,2850.0,30.0,2024-04,Tuesday
ORD_04898,2025-03-05,CUST_0188,Printer,Office,North,8,15000,0.2,96000.0,67200.0,28800.0,30.0,2025-03,Wednesday
ORD_04899,2025-10-15,CUST_0112,Laptop,Office,South,1,60000,0.15,51000.0,35700.0,15300.0,30.0,2025-10,Wednesday
ORD_04900,2025-03-09,CUST_0452,Mouse,Accessories,North,4,800,0.05,3040.0,2128.0,912.0,30.0,2025-03,Sunday
ORD_04901,2025-02-07,CUST_0413,Keyboard,Office,East,4,2000,0.2,6400.0,4480.0,1920.0,30.0,2025-02,Friday
ORD_04902,2025-03-09,CUST_0422,Mouse,Office,North,5,800,0.0,4000.0,2800.0,1200.0,30.0,2025-03,Sunday
ORD_04903,2024-04-21,CUST_0239,Mouse,Electronics,North,7,800,0.2,4480.0,3136.0,1344.0,30.0,2024-04,Sunday
ORD_04904,2025-01-09,CUST_0476,Laptop,Accessories,West,8,60000,0.0,480000.0,336000.0,144000.0,30.0,2025-01,Thursday
ORD_04905,2024-02-28,CUST_0256,Keyboard,Accessories,West,6,2000,0.0,12000.0,8400.0,3600.0,30.0,2024-02,Wednesday
ORD_04906,2024-02-12,CUST_0150,Mouse,Electronics,North,1,800,0.2,640.0,448.0,192.0,30.0,2024-02,Monday
ORD_04907,2024-07-25,CUST_0127,Keyboard,Electronics,West,7,2000,0.0,14000.0,9800.0,4200.0,30.0,2024-07,Thursday
ORD_04908,2024-10-22,CUST_0392,Monitor,Electronics,North,3,20000,0.1,54000.0,37800.0,16200.0,30.0,2024-10,Tuesday
ORD_04909,2024-04-27,CUST_0319,Mouse,Office,East,6,800,0.05,4560.0,3192.0,1368.0,30.0,2024-04,Saturday
ORD_04910,2025-06-15,CUST_0480,Mouse,Accessories,West,8,800,0.2,5120.0,3584.0,1536.0,30.0,2025-06,Sunday
ORD_04911,2024-08-09,CUST_0481,Keyboard,Accessories,North,7,2000,0.1,12600.0,8820.0,3780.0,30.0,2024-08,Friday
ORD_04912,2024-06-14,CUST_0397,Monitor,Accessories,West,6,20000,0.0,120000.0,84000.0,36000.0,30.0,2024-06,Friday
ORD_04913,2025-10-04,CUST_0411,Mouse,Office,North,9,800,0.0,7200.0,5040.0,2160.0,30.0,2025-10,Saturday
ORD_04914,2024-06-04,CUST_0402,Laptop,Accessories,West,9,60000,0.05,513000.0,359100.0,153900.0,30.0,2024-06,Tuesday
ORD_04915,2024-07-02,CUST_0274,Keyboard,Accessories,South,1,2000,0.1,1800.0,1260.0,540.0,30.0,2024-07,Tuesday
ORD_04916,2024-03-30,CUST_0333,Keyboard,Accessories,North,1,2000,0.1,1800.0,1260.0,540.0,30.0,2024-03,Saturday
ORD_04917,2024-04-03,CUST_0470,Mouse,Accessories,South,1,800,0.2,640.0,448.0,192.0,30.0,2024-04,Wednesday
ORD_04918,2024-01-13,CUST_0446,Monitor,Electronics,North,8,20000,0.0,160000.0,112000.0,48000.0,30.0,2024-01,Saturday
ORD_04919,2025-03-13,CUST_0398,Mouse,Office,South,7,800,0.15,4760.0,3332.0,1428.0,30.0,2025-03,Thursday
ORD_04920,2025-06-21,CUST_0139,Printer,Accessories,North,3,15000,0.2,36000.0,25200.0,10800.0,30.0,2025-06,Saturday
ORD_04921,2025-08-09,CUST_0103,Mouse,Accessories,West,2,800,0.2,1280.0,896.0,384.0,30.0,2025-08,Saturday
ORD_04922,2024-05-29,CUST_0242,Printer,Accessories,South,4,15000,0.2,48000.0,33600.0,14400.0,30.0,2024-05,Wednesday
ORD_04923,2025-10-21,CUST_0117,Laptop,Accessories,West,3,60000,0.05,171000.0,119699.99999999999,51300.000000000015,30.00000000000001,2025-10,Tuesday
ORD_04924,2024-01-08,CUST_0214,Keyboard,Accessories,North,7,2000,0.05,13300.0,9310.0,3990.0,30.0,2024-01,Monday
ORD_04925,2024-01-29,CUST_0484,Keyboard,Electronics,West,8,2000,0.2,12800.0,8960.0,3840.0,30.0,2024-01,Monday
ORD_04926,2024-10-22,CUST_0017,Monitor,Electronics,North,6,20000,0.15,102000.0,71400.0,30600.0,30.0,2024-10,Tuesday
ORD_04927,2025-12-21,CUST_0179,Mouse,Office,West,3,800,0.1,2160.0,1512.0,648.0,30.0,2025-12,Sunday
ORD_04928,2025-10-01,CUST_0224,Laptop,Office,South,6,60000,0.1,324000.0,226800.0,97200.0,30.0,2025-10,Wednesday
ORD_04929,2024-12-05,CUST_0270,Printer,Accessories,North,2,15000,0.0,30000.0,21000.0,9000.0,30.0,2024-12,Thursday
ORD_04930,2025-09-19,CUST_0490,Monitor,Accessories,West,7,20000,0.1,126000.0,88200.0,37800.0,30.0,2025-09,Friday
ORD_04931,2025-03-14,CUST_0313,Laptop,Electronics,North,7,60000,0.1,378000.0,264600.0,113400.0,30.0,2025-03,Friday
ORD_04932,2024-05-23,CUST_0349,Laptop,Office,North,4,60000,0.15,204000.0,142800.0,61200.0,30.0,2024-05,Thursday
ORD_04933,2025-06-02,CUST_0134,Printer,Accessories,North,8,15000,0.1,108000.0,75600.0,32400.0,30.0,2025-06,Monday
ORD_04934,2024-02-14,CUST_0114,Printer,Accessories,East,4,15000,0.15,51000.0,35700.0,15300.0,30.0,2024-02,Wednesday
ORD_04935,2024-08-26,CUST_0441,Keyboard,Accessories,North,7,2000,0.05,13300.0,9310.0,3990.0,30.0,2024-08,Monday
ORD_04936,2024-06-03,CUST_0132,Mouse,Office,West,4,800,0.15,2720.0,1903.9999999999998,816.0000000000002,30.00000000000001,2024-06,Monday
ORD_04937,2024-06-29,CUST_0139,Monitor,Electronics,East,5,20000,0.05,95000.0,66500.0,28500.0,30.0,2024-06,Saturday
ORD_04938,2024-08-02,CUST_0365,Mouse,Electronics,West,7,800,0.15,4760.0,3332.0,1428.0,30.0,2024-08,Friday
ORD_04939,2024-03-28,CUST_0232,Monitor,Accessories,East,3,20000,0.2,48000.0,33600.0,14400.0,30.0,2024-03,Thursday
ORD_04940,2024-09-12,CUST_0458,Laptop,Accessories,North,5,60000,0.05,285000.0,199500.0,85500.0,30.0,2024-09,Thursday
ORD_04941,2025-05-25,CUST_0375,Printer,Accessories,South,3,15000,0.05,42750.0,29924.999999999996,12825.000000000004,30.00000000000001,2025-05,Sunday
ORD_04942,2024-03-13,CUST_0092,Printer,Accessories,South,5,15000,0.1,67500.0,47250.0,20250.0,30.0,2024-03,Wednesday
ORD_04943,2024-06-27,CUST_0267,Laptop,Accessories,North,3,60000,0.05,171000.0,119699.99999999999,51300.000000000015,30.00000000000001,2024-06,Thursday
ORD_04944,2024-07-30,CUST_0099,Laptop,Office,East,7,60000,0.15,357000.0,249899.99999999997,107100.00000000003,30.00000000000001,2024-07,Tuesday
ORD_04945,2024-08-21,CUST_0207,Monitor,Electronics,West,1,20000,0.2,16000.0,11200.0,4800.0,30.0,2024-08,Wednesday
ORD_04946,2025-04-09,CUST_0008,Laptop,Office,South,9,60000,0.2,432000.0,302400.0,129600.0,30.0,2025-04,Wednesday
ORD_04947,2024-08-10,CUST_0468,Monitor,Office,North,9,20000,0.1,162000.0,113400.0,48600.0,30.0,2024-08,Saturday
ORD_04948,2025-09-22,CUST_0370,Mouse,Accessories,North,5,800,0.15,3400.0,2380.0,1020.0,30.0,2025-09,Monday
ORD_04949,2024-09-20,CUST_0443,Printer,Office,East,9,15000,0.15,114750.0,80325.0,34425.0,30.0,2024-09,Friday
ORD_04950,2024-07-25,CUST_0405,Printer,Electronics,South,6,15000,0.0,90000.0,62999.99999999999,27000.000000000007,30.00000000000001,2024-07,Thursday
ORD_04951,2025-08-29,CUST_0321,Printer,Accessories,North,5,15000,0.05,71250.0,49875.0,21375.0,30.0,2025-08,Friday
ORD_04952,2024-12-31,CUST_0093,Mouse,Electronics,South,3,800,0.1,2160.0,1512.0,648.0,30.0,2024-12,Tuesday
ORD_04953,2024-10-02,CUST_0408,Mouse,Office,West,8,800,0.2,5120.0,3584.0,1536.0,30.0,2024-10,Wednesday
ORD_04954,2025-01-14,CUST_0158,Keyboard,Accessories,North,4,2000,0.0,8000.0,5600.0,2400.0,30.0,2025-01,Tuesday
ORD_04955,2024-11-04,CUST_0360,Monitor,Electronics,North,3,20000,0.15,51000.0,35700.0,15300.0,30.0,2024-11,Monday
ORD_04956,2025-09-22,CUST_0099,Monitor,Electronics,West,6,20000,0.05,114000.0,79800.0,34200.0,30.0,2025-09,Monday
ORD_04957,2024-09-24,CUST_0225,Keyboard,Accessories,North,8,2000,0.2,12800.0,8960.0,3840.0,30.0,2024-09,Tuesday
ORD_04958,2024-03-04,CUST_0340,Printer,Electronics,East,9,15000,0.0,135000.0,94500.0,40500.0,30.0,2024-03,Monday
ORD_04959,2024-12-15,CUST_0441,Monitor,Accessories,West,6,20000,0.15,102000.0,71400.0,30600.0,30.0,2024-12,Sunday
ORD_04960,2025-05-08,CUST_0208,Monitor,Accessories,East,5,20000,0.2,80000.0,56000.0,24000.0,30.0,2025-05,Thursday
ORD_04961,2025-06-06,CUST_0073,Printer,Office,West,2,15000,0.2,24000.0,16800.0,7200.0,30.0,2025-06,Friday
ORD_04962,2024-04-07,CUST_0479,Laptop,Electronics,West,2,60000,0.15,102000.0,71400.0,30600.0,30.0,2024-04,Sunday
ORD_04963,2024-03-11,CUST_0401,Laptop,Accessories,East,9,60000,0.15,459000.0,321300.0,137700.0,30.0,2024-03,Monday
ORD_04964,2024-12-29,CUST_0059,Keyboard,Office,West,2,2000,0.1,3600.0,2520.0,1080.0,30.0,2024-12,Sunday
ORD_04965,2025-07-23,CUST_0287,Mouse,Office,South,2,800,0.2,1280.0,896.0,384.0,30.0,2025-07,Wednesday
ORD_04966,2024-10-02,CUST_0064,Monitor,Accessories,East,3,20000,0.15,51000.0,35700.0,15300.0,30.0,2024-10,Wednesday
ORD_04967,2024-02-19,CUST_0256,Monitor,Accessories,West,3,20000,0.0,60000.0,42000.0,18000.0,30.0,2024-02,Monday
ORD_04968,2024-12-23,CUST_0048,Keyboard,Electronics,East,4,2000,0.05,7600.0,5320.0,2280.0,30.0,2024-12,Monday
ORD_04969,2025-12-28,CUST_0279,Keyboard,Electronics,West,7,2000,0.1,12600.0,8820.0,3780.0,30.0,2025-12,Sunday
ORD_04970,2025-07-17,CUST_0198,Monitor,Electronics,West,9,20000,0.15,153000.0,107100.0,45900.0,30.0,2025-07,Thursday
ORD_04971,2025-04-29,CUST_0158,Printer,Accessories,South,2,15000,0.05,28500.0,19950.0,8550.0,30.0,2025-04,Tuesday
ORD_04972,2024-03-24,CUST_0311,Printer,Office,South,4,15000,0.1,54000.0,37800.0,16200.0,30.0,2024-03,Sunday
ORD_04973,2025-09-29,CUST_0007,Mouse,Office,South,9,800,0.2,5760.0,4031.9999999999995,1728.0000000000005,30.00000000000001,2025-09,Monday
ORD_04974,2025-08-06,CUST_0248,Monitor,Accessories,West,2,20000,0.05,38000.0,26600.0,11400.0,30.0,2025-08,Wednesday
ORD_04975,2024-10-22,CUST_0368,Monitor,Electronics,South,1,20000,0.1,18000.0,12600.0,5400.0,30.0,2024-10,Tuesday
ORD_04976,2024-08-23,CUST_0232,Monitor,Office,East,8,20000,0.15,136000.0,95200.0,40800.0,30.0,2024-08,Friday
ORD_04977,2024-02-25,CUST_0106,Monitor,Office,West,9,20000,0.15,153000.0,107100.0,45900.0,30.0,2024-02,Sunday
ORD_04978,2024-12-25,CUST_0494,Keyboard,Electronics,East,7,2000,0.1,12600.0,8820.0,3780.0,30.0,2024-12,Wednesday
ORD_04979,2024-04-19,CUST_0459,Laptop,Office,South,8,60000,0.2,384000.0,268800.0,115200.0,30.0,2024-04,Friday
ORD_04980,2024-07-10,CUST_0098,Monitor,Electronics,West,4,20000,0.1,72000.0,50400.0,21600.0,30.0,2024-07,Wednesday
ORD_04981,2024-04-02,CUST_0268,Laptop,Office,East,4,60000,0.0,240000.0,168000.0,72000.0,30.0,2024-04,Tuesday
ORD_04982,2025-07-21,CUST_0060,Printer,Office,North,2,15000,0.1,27000.0,18900.0,8100.0,30.0,2025-07,Monday
ORD_04983,2024-02-29,CUST_0500,Mouse,Office,East,8,800,0.1,5760.0,4031.9999999999995,1728.0000000000005,30.00000000000001,2024-02,Thursday
ORD_04984,2025-10-11,CUST_0308,Printer,Electronics,West,2,15000,0.15,25500.0,17850.0,7650.0,30.0,2025-10,Saturday
ORD_04985,2024-02-08,CUST_0493,Monitor,Office,North,9,20000,0.2,144000.0,100800.0,43200.0,30.0,2024-02,Thursday
ORD_04986,2025-06-23,CUST_0495,Printer,Office,South,4,15000,0.1,54000.0,37800.0,16200.0,30.0,2025-06,Monday
ORD_04987,2024-02-18,CUST_0411,Keyboard,Office,South,1,2000,0.05,1900.0,1330.0,570.0,30.0,2024-02,Sunday
ORD_04988,2025-02-23,CUST_0140,Laptop,Accessories,East,4,60000,0.15,204000.0,142800.0,61200.0,30.0,2025-02,Sunday
ORD_04989,2025-09-28,CUST_0397,Monitor,Office,South,3,20000,0.15,51000.0,35700.0,15300.0,30.0,2025-09,Sunday
ORD_04990,2024-01-13,CUST_0328,Keyboard,Office,East,6,2000,0.1,10800.0,7559.999999999999,3240.000000000001,30.00000000000001,2024-01,Saturday
ORD_04991,2024-02-05,CUST_0464,Laptop,Electronics,East,7,60000,0.05,399000.0,279300.0,119700.0,30.0,2024-02,Monday
ORD_04992,2024-04-10,CUST_0190,Keyboard,Electronics,East,8,2000,0.1,14400.0,10080.0,4320.0,30.0,2024-04,Wednesday
ORD_04993,2024-03-26,CUST_0125,Printer,Accessories,East,2,15000,0.05,28500.0,19950.0,8550.0,30.0,2024-03,Tuesday
ORD_04994,2025-05-30,CUST_0413,Monitor,Electronics,West,6,20000,0.15,102000.0,71400.0,30600.0,30.0,2025-05,Friday
ORD_04995,2024-08-10,CUST_0163,Printer,Electronics,West,6,15000,0.05,85500.0,59849.99999999999,25650.000000000007,30.00000000000001,2024-08,Saturday
ORD_04996,2024-12-03,CUST_0060,Mouse,Electronics,North,5,800,0.1,3600.0,2520.0,1080.0,30.0,2024-12,Tuesday
ORD_04997,2024-06-14,CUST_0413,Monitor,Accessories,North,7,20000,0.0,140000.0,98000.0,42000.0,30.0,2024-06,Friday
ORD_04998,2025-01-17,CUST_0031,Printer,Accessories,South,3,15000,0.0,45000.0,31499.999999999996,13500.000000000004,30.00000000000001,2025-01,Friday
ORD_04999,2025-01-10,CUST_0333,Monitor,Office,West,4,20000,0.05,76000.0,53200.0,22800.0,30.0,2025-01,Friday
ORD_05000,2025-04-15,CUST_0076,Laptop,Office,North,9,60000,0.1,486000.0,340200.0,145800.0,30.0,2025-04,Tuesday
