Customer_ID,Gender,Age,City,Order_Date,Product,Quantity,Unit_Price,Revenue
C0655,Male,19,Kolkata,2024-08-16,Keyboard,2.0,1500,3000
C0143,Male,52,Jaipur,2024-02-02,Printer,4.0,12000,48000
C0031,Male,31,Delhi,2024-01-28,Printer,5.0,12000,60000
C0575,Male,59,Kolkata,2024-08-13,Printer,4.0,12000,48000
C0460,Female,18,Delhi,2024-10-11,Mouse,3.0,800,2400
C0160,Male,39,Jaipur,2024-04-09,Laptop,4.0,55000,220000
C0368,Female,56,Mumbai,2025-07-03,Laptop,4.0,55000,220000
C0128,Female,23,Bangalore,2025-01-05,Keyboard,5.0,1500,7500
C0592,Male,22,Jaipur,2024-03-22,Monitor,3.0,15000,45000
C0876,Male,24,Pune,2025-10-12,Keyboard,4.0,1500,6000
C0274,Male,56,Kolkata,2024-09-07,Monitor,5.0,15000,75000
C0168,Female,42,Mumbai,2025-12-02,Printer,2.0,12000,24000
C0333,Male,32,Jaipur,2024-10-01,Keyboard,4.0,1500,6000
C0068,Male,54,Kolkata,2025-11-02,Keyboard,2.0,1500,3000
C0512,Female,59,Pune,2024-05-22,Monitor,3.0,15000,45000
C0253,Female,55,Pune,2025-01-05,Printer,4.0,12000,48000
C0225,Male,50,Pune,2024-04-22,Laptop,1.0,55000,55000
C0157,Male,45,Bangalore,2025-01-25,Laptop,4.0,55000,220000
C0611,Female,51,Mumbai,2025-11-27,Printer,1.0,12000,12000
C0739,Male,52,Mumbai,2024-10-27,Keyboard,1.0,1500,1500
C0446,Male,47,Jaipur,2024-07-01,Keyboard,5.0,1500,7500
C0520,Male,58,Mumbai,2024-07-22,Printer,5.0,12000,60000
C0157,Female,28,Bangalore,2025-09-05,Printer,1.0,12000,12000
C0332,Female,19,Jaipur,2024-09-02,Keyboard,3.0,1500,4500
C0060,Male,54,,2024-03-11,Laptop,4.0,55000,220000
C0779,Male,26,Kolkata,2024-06-18,Mouse,5.0,800,4000
C0272,Female,31,Bangalore,2025-02-12,Monitor,3.0,15000,45000
C0688,Female,46,Bangalore,2024-09-10,Mouse,1.0,800,800
C0231,Male,39,Jaipur,2024-08-23,Printer,5.0,12000,60000
C0603,Male,18,Jaipur,2024-03-10,Laptop,2.0,55000,110000
C0928,Male,39,Jaipur,2024-10-12,Printer,2.0,12000,24000
C0686,Female,31,Bangalore,2025-08-13,Monitor,5.0,15000,75000
C0485,Male,48,Pune,2024-04-09,Monitor,1.0,15000,15000
C0675,Female,40,Pune,2024-02-25,Mouse,4.0,800,3200
C0690,Male,21,Pune,2024-09-11,Keyboard,1.0,1500,1500
C0197,Male,52,Pune,2024-07-06,Monitor,4.0,15000,60000
C0286,Female,33,Jaipur,2024-04-10,Mouse,5.0,800,4000
C0052,Male,23,Delhi,2025-05-12,Monitor,4.0,15000,60000
C0493,Male,43,Jaipur,2024-01-03,Monitor,4.0,15000,60000
C0736,Female,27,Delhi,2024-02-29,Keyboard,2.0,1500,3000
C0594,Male,38,Jaipur,2025-05-03,Laptop,5.0,55000,275000
C0515,Male,21,Bangalore,2024-03-11,Laptop,2.0,55000,110000
C0610,Male,33,Pune,2024-09-09,Laptop,5.0,55000,275000
C0593,Male,57,Jaipur,2025-08-01,Mouse,5.0,800,4000
C0536,Female,34,Delhi,2024-09-28,Keyboard,2.0,1500,3000
C0406,Male,60,Kolkata,2024-11-19,Keyboard,4.0,1500,6000
C0952,Male,18,Pune,2024-04-12,Printer,5.0,12000,60000
C0076,Male,50,Mumbai,2024-03-11,Monitor,3.0,15000,45000
C0901,Male,41,Mumbai,2025-07-10,Monitor,4.0,15000,60000
C0721,Female,57,Kolkata,2025-11-14,Printer,1.0,12000,12000
C0837,Female,60,Jaipur,2024-04-28,Monitor,3.0,15000,45000
C0912,Male,53,Delhi,2025-09-11,Keyboard,3.0,1500,4500
C0216,Female,31,Kolkata,2025-05-15,Keyboard,5.0,1500,7500
C0258,Male,23,Kolkata,2024-02-15,Mouse,3.0,-500,2400
C0004,Female,26,Kolkata,2025-03-28,Keyboard,2.0,1500,3000
C0565,Female,53,Jaipur,2025-12-08,Laptop,1.0,55000,55000
C0926,Male,52,Jaipur,2025-07-19,Keyboard,5.0,1500,7500
C0152,Female,26,Jaipur,2024-02-10,Keyboard,3.0,1500,4500
C0921,Female,31,Kolkata,2024-12-28,Monitor,1.0,15000,15000
C0799,Female,57,Kolkata,2024-06-15,Monitor,2.0,15000,30000
C1000,Male,44,Jaipur,2025-02-25,Monitor,3.0,15000,45000
C0822,Male,35,Delhi,2024-02-09,Laptop,4.0,55000,220000
C0880,Female,32,Delhi,2024-11-08,Mouse,3.0,800,2400
C0841,Male,32,Jaipur,2024-12-02,Monitor,4.0,15000,60000
C0286,Male,35,Mumbai,2025-11-26,Printer,4.0,12000,48000
C0864,Female,19,Jaipur,2025-08-17,Keyboard,2.0,1500,3000
C0986,Female,20,Jaipur,2024-12-19,Printer,4.0,12000,48000
C0747,Female,45,Bangalore,2025-01-29,Printer,1.0,12000,12000
C0922,Male,34,Jaipur,2025-06-16,Mouse,1.0,800,800
C0948,Male,41,Pune,2025-09-30,Laptop,3.0,55000,165000
C0322,Male,37,Bangalore,2024-11-30,Keyboard,4.0,1500,6000
C0413,Female,53,Delhi,2025-11-11,Monitor,4.0,15000,60000
C0963,Female,29,Bangalore,2025-02-19,Printer,3.0,12000,36000
C0562,Male,37,Mumbai,2025-08-16,Monitor,4.0,15000,60000
C0622,Female,47,Pune,2025-06-07,Mouse,2.0,800,1600
C0485,Male,60,Jaipur,2025-11-10,Keyboard,5.0,1500,7500
C0649,Female,23,Delhi,2024-07-22,Keyboard,2.0,1500,3000
C0151,Male,20,Delhi,2024-03-15,Mouse,5.0,800,4000
C0467,Female,58,Bangalore,2025-05-21,Monitor,4.0,15000,60000
C0410,Male,27,Kolkata,2025-03-11,Laptop,1.0,55000,55000
C0225,Male,51,Pune,2024-09-12,Laptop,5.0,55000,275000
C0940,Male,47,Delhi,2025-07-26,Mouse,5.0,800,4000
C0610,Female,46,Bangalore,2025-07-15,Printer,4.0,12000,48000
C0457,Male,48,Pune,2025-10-14,Keyboard,2.0,1500,3000
C0284,Female,58,Delhi,2024-03-20,Keyboard,4.0,1500,6000
C0731,Female,33,Mumbai,2025-07-07,Keyboard,3.0,1500,4500
C0083,Male,27,Delhi,2025-12-24,Mouse,2.0,800,1600
C0220,Male,44,Pune,2025-04-22,Keyboard,5.0,1500,7500
C0426,Male,31,Pune,2025-12-13,Mouse,5.0,800,4000
C0021,Female,48,Jaipur,2025-02-03,Keyboard,3.0,1500,4500
C0874,Female,52,Kolkata,2024-08-13,Printer,5.0,12000,60000
C0500,Male,35,Pune,2025-02-02,Mouse,1.0,800,800
C0345,Female,28,Pune,2025-06-30,Monitor,5.0,15000,75000
C0028,Female,55,Bangalore,2025-10-20,Laptop,1.0,55000,55000
C0439,Male,47,Delhi,2025-01-23,Laptop,3.0,55000,165000
C0336,Male,47,Mumbai,2024-10-11,Keyboard,4.0,1500,6000
C0771,Female,34,Jaipur,2025-07-06,Mouse,1.0,800,800
C0054,Female,32,Kolkata,2024-02-01,Laptop,1.0,55000,55000
C0973,Male,30,Jaipur,2024-09-01,Printer,2.0,12000,24000
C0130,Female,60,Jaipur,2025-04-21,Printer,2.0,12000,24000
C0717,Female,41,Delhi,2024-04-27,Printer,5.0,12000,60000
C0797,Male,37,Jaipur,2024-11-15,Printer,1.0,12000,12000
C0590,Female,43,Kolkata,2025-08-29,Monitor,1.0,15000,15000
C0708,Male,24,Kolkata,2024-05-03,Keyboard,5.0,1500,7500
C0816,Male,40,Bangalore,2024-03-11,Mouse,3.0,800,2400
C0519,Female,18,Pune,2025-03-19,Mouse,1.0,800,800
C0984,Female,58,Pune,2024-06-29,Monitor,4.0,15000,60000
C0752,Female,57,Bangalore,2025-03-22,Mouse,4.0,800,3200
C0846,Female,38,Delhi,2025-04-06,Laptop,3.0,55000,165000
C0250,Female,54,Bangalore,2024-01-30,Mouse,3.0,800,2400
C0507,Female,29,Pune,2024-09-21,Monitor,3.0,15000,45000
C0349,Female,56,Kolkata,2024-01-11,Keyboard,5.0,1500,7500
C0530,Male,23,Delhi,2025-07-22,Mouse,4.0,800,3200
C0777,Male,48,Kolkata,2024-01-18,Mouse,4.0,800,3200
C0096,Female,32,Pune,2025-11-10,Monitor,3.0,15000,45000
C0596,Female,48,Bangalore,2025-03-11,Printer,3.0,12000,36000
C0764,Female,40,Kolkata,2024-11-09,Mouse,3.0,800,2400
C0258,Male,25,Kolkata,2024-05-02,Monitor,3.0,15000,45000
C0761,Male,30,Delhi,2025-08-26,Mouse,3.0,800,2400
C0779,Female,24,Delhi,2025-01-04,Keyboard,2.0,1500,3000
C0184,Female,18,Kolkata,2024-10-07,Printer,2.0,12000,24000
C0047,Male,53,Mumbai,2024-04-15,Monitor,4.0,15000,60000
C0894,Male,54,Mumbai,2025-03-27,Mouse,4.0,800,3200
C0349,Male,21,Mumbai,2024-03-07,Mouse,1.0,800,800
C0411,Female,22,Bangalore,2024-06-01,Laptop,2.0,55000,110000
C0831,Female,23,Delhi,2025-03-02,Laptop,5.0,55000,275000
C0621,Male,51,Pune,2024-10-31,Mouse,4.0,800,3200
C0881,Female,37,Bangalore,2025-09-16,Printer,1.0,12000,12000
C0984,Male,31,Kolkata,2025-11-07,Monitor,3.0,15000,45000
C0084,Male,33,Delhi,2024-06-09,Printer,1.0,12000,12000
C0003,Female,46,Kolkata,2024-10-25,Printer,4.0,12000,48000
C0034,Male,36,Kolkata,2024-03-13,Keyboard,4.0,1500,6000
C0704,Male,34,Kolkata,2025-03-11,Printer,2.0,12000,24000
C0118,Male,59,Delhi,2024-03-14,Keyboard,2.0,1500,3000
C0062,Male,37,Bangalore,2025-03-25,Printer,3.0,12000,36000
C0128,Female,37,Kolkata,2025-05-27,Mouse,3.0,800,2400
C0553,Female,46,Jaipur,2025-03-18,Printer,1.0,12000,12000
C0753,Female,56,Mumbai,2024-08-22,Laptop,1.0,55000,55000
C0985,Male,35,Bangalore,2025-04-26,Laptop,2.0,55000,110000
C0532,Female,35,Delhi,2025-10-12,Printer,4.0,12000,48000
C0834,Female,23,Pune,2024-12-07,Keyboard,4.0,1500,6000
C0329,Male,28,Mumbai,2024-10-22,Mouse,4.0,800,3200
C0679,Female,53,Jaipur,2024-11-18,Mouse,1.0,800,800
C0259,Female,25,Pune,2025-11-04,Printer,1.0,12000,12000
C0891,Female,44,Jaipur,2025-01-05,Monitor,5.0,15000,75000
C0638,Female,58,Pune,2024-09-30,Laptop,2.0,55000,110000
C0563,Male,36,Pune,2024-01-30,Mouse,1.0,800,800
C0997,Male,28,Mumbai,2025-07-19,Printer,1.0,12000,12000
C0418,Male,32,Jaipur,2025-10-25,Mouse,1.0,800,800
C0853,Male,49,Kolkata,2025-12-23,Keyboard,5.0,1500,7500
C0280,Female,48,Pune,2025-07-18,Monitor,4.0,15000,60000
C0149,Female,30,Bangalore,2024-03-12,Printer,2.0,12000,24000
C0283,Female,39,Bangalore,2024-10-16,Keyboard,1.0,1500,1500
C0744,Female,55,Bangalore,2025-04-02,Mouse,2.0,800,1600
C0552,Female,40,Mumbai,2025-01-21,Printer,5.0,12000,60000
C0467,Female,30,Kolkata,2025-01-27,Monitor,5.0,15000,75000
C0240,Female,20,Mumbai,2025-01-30,Mouse,4.0,800,3200
C0680,Male,49,Jaipur,2025-08-27,Monitor,5.0,15000,75000
C0340,Male,46,Jaipur,2024-01-16,Printer,4.0,12000,48000
C0740,Male,44,Kolkata,2025-04-25,Monitor,1.0,15000,15000
C0801,Female,39,Bangalore,2024-12-02,Mouse,1.0,800,800
C0873,Female,38,Kolkata,2024-02-06,Mouse,5.0,800,4000
C0633,Male,33,Kolkata,2024-04-02,Keyboard,2.0,1500,3000
C0445,Male,58,Kolkata,2024-06-19,Laptop,4.0,55000,220000
C0711,Female,19,Jaipur,2024-10-27,Keyboard,1.0,1500,1500
C0368,Female,45,Delhi,2025-02-25,Monitor,5.0,15000,75000
C0580,Male,28,Delhi,2025-01-26,Laptop,5.0,55000,275000
C0635,Male,49,Bangalore,2025-04-17,Monitor,2.0,15000,30000
C0654,Female,47,Mumbai,2024-10-21,Laptop,4.0,55000,220000
C0694,Male,22,Pune,2024-11-02,Keyboard,5.0,1500,7500
C0655,Female,34,Pune,2025-01-28,Keyboard,2.0,1500,3000
C0874,Female,24,Delhi,2025-01-02,Mouse,5.0,800,4000
C0589,Female,36,Jaipur,2024-01-09,Mouse,3.0,800,2400
C0580,Male,56,Kolkata,2024-08-23,Mouse,3.0,800,2400
C0622,Female,32,Kolkata,2024-09-13,Monitor,5.0,15000,75000
C0695,Male,58,Jaipur,2025-03-27,Laptop,3.0,55000,165000
C0035,Female,26,Jaipur,2025-03-01,Keyboard,3.0,1500,4500
C0180,Male,26,Bangalore,2025-05-28,Keyboard,5.0,1500,7500
C0936,Female,28,Mumbai,2024-12-12,Mouse,3.0,800,2400
C0824,Male,47,Jaipur,2025-11-23,Monitor,2.0,15000,30000
C0742,Female,53,Mumbai,2024-01-15,Laptop,4.0,55000,220000
C0271,Male,47,Mumbai,2025-01-25,Keyboard,5.0,1500,7500
C0843,Female,24,Kolkata,2024-01-26,Monitor,4.0,15000,60000
C0635,Female,57,Delhi,2025-12-18,Laptop,4.0,55000,220000
C0310,Female,25,Delhi,2024-11-07,Laptop,1.0,55000,55000
C0505,Male,24,Delhi,2025-02-01,Printer,2.0,12000,24000
C0465,Female,60,Kolkata,2025-08-24,Printer,4.0,12000,48000
C0761,Male,44,Kolkata,2025-09-22,Laptop,4.0,55000,220000
C0418,Female,20,Kolkata,2025-03-30,Keyboard,2.0,1500,3000
C0456,Male,41,Jaipur,2025-10-22,Keyboard,5.0,1500,7500
C0368,Male,43,Mumbai,2025-04-10,Monitor,1.0,15000,15000
C0094,Male,59,Kolkata,2024-02-21,Printer,1.0,12000,12000
C0806,Female,33,Delhi,2024-03-11,Printer,2.0,12000,24000
C0850,Male,55,Delhi,2024-05-31,Monitor,3.0,15000,45000
C0808,Male,35,Delhi,2024-09-13,Monitor,5.0,15000,75000
C0818,Male,25,Kolkata,2024-01-16,Laptop,2.0,55000,110000
C0367,Male,55,Mumbai,2024-09-28,Laptop,2.0,55000,110000
C0054,Male,44,Bangalore,2025-05-02,Laptop,1.0,55000,55000
C0460,Female,50,Bangalore,2025-05-30,Laptop,4.0,55000,220000
C0227,Male,60,Bangalore,2025-10-20,Keyboard,4.0,1500,6000
C0988,Male,21,Pune,2025-12-03,Mouse,4.0,800,3200
C0111,Female,46,Jaipur,2025-09-14,Laptop,3.0,55000,165000
C0152,Male,26,Mumbai,2025-07-15,Printer,5.0,12000,60000
C0730,Female,42,Bangalore,2025-04-09,Printer,3.0,12000,36000
C0518,Female,24,Kolkata,2024-08-08,Laptop,5.0,55000,275000
C0441,Female,32,Pune,2025-02-12,Keyboard,4.0,1500,6000
C0426,Male,38,Pune,2025-01-18,Keyboard,3.0,1500,4500
C0977,Male,48,Jaipur,2024-04-05,Laptop,1.0,55000,55000
C0443,Male,41,Delhi,2025-08-23,Printer,1.0,12000,12000
C0980,Female,60,Jaipur,2025-11-12,Mouse,3.0,800,2400
C0964,Female,21,Mumbai,2024-12-26,Printer,3.0,12000,36000
C0107,Male,27,Kolkata,2024-04-20,Mouse,2.0,800,1600
C0359,Female,25,Mumbai,2025-03-15,Printer,2.0,12000,24000
C0866,Male,56,Kolkata,2024-07-03,Keyboard,1.0,1500,1500
C0280,Female,39,Mumbai,2024-05-26,Laptop,2.0,55000,110000
C0580,Female,22,Delhi,2025-06-27,Laptop,1.0,55000,55000
C0221,Female,44,Pune,2025-01-13,Keyboard,2.0,1500,3000
C0320,Female,54,Bangalore,2024-06-08,Laptop,1.0,55000,55000
C0162,Male,23,Mumbai,2025-05-12,Mouse,4.0,800,3200
C0622,Female,44,Mumbai,2024-04-26,Monitor,5.0,15000,75000
C0354,Female,25,Mumbai,2025-06-23,Printer,4.0,12000,48000
C0684,Female,20,Delhi,2024-02-26,Mouse,5.0,800,4000
C0008,Male,37,Delhi,2024-10-23,Monitor,3.0,15000,45000
C0336,Male,18,Pune,2024-05-12,Mouse,2.0,800,1600
C0390,Male,50,Bangalore,2025-02-10,Keyboard,1.0,1500,1500
C0883,Male,45,Jaipur,2024-11-16,Mouse,1.0,800,800
C0590,Female,54,Pune,2024-04-27,Mouse,3.0,800,2400
C0415,Male,38,Delhi,2025-12-07,Printer,4.0,12000,48000
C0942,Female,23,Pune,2025-03-22,Laptop,2.0,55000,110000
C0604,Female,51,Jaipur,2024-12-13,Mouse,3.0,800,2400
C0227,Female,28,Jaipur,2025-06-27,Printer,1.0,12000,12000
C0523,Male,40,Mumbai,2024-04-15,Monitor,2.0,15000,30000
C0150,Female,30,Delhi,2025-11-02,Printer,2.0,12000,24000
C0078,Male,58,Pune,2025-08-16,Mouse,5.0,800,4000
C0460,Female,58,Mumbai,2024-03-10,Monitor,4.0,15000,60000
C0481,Female,58,Mumbai,2024-02-27,Keyboard,5.0,1500,7500
C0361,Male,37,Pune,2024-02-28,Mouse,1.0,800,800
C0378,Female,22,Kolkata,2025-08-31,Laptop,5.0,55000,275000
C0520,Female,47,Bangalore,2025-04-05,Printer,1.0,12000,12000
C0931,Male,38,Bangalore,2024-06-03,Mouse,5.0,800,4000
C0981,Male,46,Jaipur,2025-05-31,Keyboard,1.0,1500,1500
C0662,Male,20,Delhi,2025-06-20,Mouse,4.0,800,3200
C0536,Male,41,Mumbai,2025-02-22,Keyboard,4.0,1500,6000
C0794,Female,56,Jaipur,2024-12-03,Keyboard,1.0,1500,1500
C0097,Female,36,Mumbai,2024-12-07,Printer,2.0,12000,24000
C0084,Male,40,Mumbai,2025-09-01,Mouse,2.0,800,1600
C0726,Male,37,Bangalore,2024-05-10,Mouse,3.0,800,2400
C0687,Male,59,Kolkata,2025-01-05,Mouse,5.0,800,4000
C0019,Female,37,Delhi,2025-05-12,Monitor,3.0,15000,45000
C0197,Male,26,Delhi,2024-04-13,Laptop,3.0,55000,165000
C0520,Male,60,Mumbai,2025-09-03,Printer,2.0,12000,24000
C0386,Male,28,Delhi,2025-03-24,Printer,2.0,12000,24000
C0045,Female,41,Kolkata,2025-09-17,Monitor,4.0,15000,60000
C0292,Female,32,Bangalore,2025-04-25,Monitor,3.0,15000,45000
C0926,Male,41,Kolkata,2025-04-17,Printer,4.0,12000,48000
C0788,Female,42,Bangalore,2024-06-14,Printer,4.0,12000,48000
C0837,Male,56,Delhi,2025-10-18,Keyboard,1.0,1500,1500
C0493,Female,53,Jaipur,2024-10-18,Printer,1.0,12000,12000
C0086,Male,35,Pune,2025-03-23,Printer,2.0,12000,24000
C0094,Male,46,Mumbai,2024-02-24,Laptop,4.0,55000,220000
C0406,Female,33,Pune,2024-08-17,Laptop,3.0,55000,165000
C0029,Female,24,Kolkata,2024-05-20,Keyboard,2.0,1500,3000
C0040,Female,48,Kolkata,2025-04-04,Monitor,4.0,15000,60000
C0631,Male,23,Jaipur,2024-06-02,Keyboard,2.0,1500,3000
C0562,Female,25,Mumbai,2024-05-04,Monitor,3.0,15000,45000
C0049,Male,44,Kolkata,2024-03-05,Printer,4.0,12000,48000
C0114,Female,56,Bangalore,2025-08-11,Laptop,5.0,55000,275000
C0248,Male,36,Pune,2024-12-27,Laptop,5.0,55000,275000
C0247,Female,29,Kolkata,2025-01-04,Laptop,5.0,55000,275000
C0070,Male,42,Pune,2025-01-17,Laptop,4.0,55000,220000
C0260,Male,40,Jaipur,2025-11-03,Keyboard,2.0,1500,3000
C0644,Male,55,Kolkata,2024-02-15,Keyboard,2.0,1500,3000
C0361,Female,59,Delhi,2025-10-08,Mouse,4.0,800,3200
C0187,Male,22,Kolkata,2024-10-27,Mouse,1.0,800,800
C0207,Male,30,Jaipur,2025-06-11,Keyboard,3.0,1500,4500
C0408,Female,34,Jaipur,2024-12-31,Monitor,3.0,15000,45000
C0883,Male,59,Mumbai,2025-01-11,Keyboard,1.0,1500,1500
C0448,Female,46,Pune,2025-05-23,Keyboard,2.0,1500,3000
C0709,Female,41,Bangalore,2025-03-10,Keyboard,1.0,1500,1500
C0081,Female,56,Delhi,2024-11-24,Printer,3.0,12000,36000
C0106,Male,38,Kolkata,2025-04-01,Keyboard,3.0,1500,4500
C0618,Female,28,Kolkata,2025-04-02,Mouse,3.0,800,2400
C0044,Female,57,Pune,2024-03-17,Keyboard,1.0,1500,1500
C0688,Female,41,Bangalore,2024-05-26,Monitor,1.0,15000,15000
C0870,Female,20,Delhi,2025-10-22,Laptop,2.0,55000,110000
C0376,Female,42,Bangalore,2024-06-06,Laptop,5.0,55000,275000
C0696,Female,41,Mumbai,2025-08-10,Mouse,1.0,800,800
C0141,Female,43,Mumbai,2024-04-26,Keyboard,2.0,1500,3000
C0027,Male,49,Bangalore,2024-04-30,Mouse,5.0,800,4000
C0269,Female,46,Delhi,2025-12-11,Printer,3.0,12000,36000
C0939,Female,30,Jaipur,2025-04-07,Monitor,1.0,15000,15000
C0177,Female,23,Kolkata,2025-12-27,Keyboard,3.0,1500,4500
C0067,Female,37,Delhi,2025-06-04,Monitor,3.0,15000,45000
C0230,Male,30,Delhi,2024-01-27,Monitor,4.0,15000,60000
C0370,Female,47,Bangalore,2024-03-29,Monitor,5.0,15000,75000
C0068,Female,43,Kolkata,2025-02-24,Mouse,5.0,800,4000
C0788,Female,54,Jaipur,2025-10-19,Monitor,3.0,15000,45000
C0076,Female,47,Kolkata,2024-05-11,Printer,3.0,12000,36000
C0900,Male,26,Pune,2024-05-07,Printer,1.0,12000,12000
C0531,Male,37,Delhi,2025-12-27,Monitor,3.0,15000,45000
C0231,Female,51,Mumbai,2024-07-20,Laptop,3.0,55000,165000
C0651,Female,26,Kolkata,2025-06-30,Keyboard,5.0,1500,7500
C0096,Male,55,Bangalore,2025-11-05,Monitor,2.0,15000,30000
C0640,Female,54,Jaipur,2024-02-16,Laptop,1.0,55000,55000
C0972,Female,59,Delhi,2025-09-24,Printer,4.0,12000,48000
C0655,Male,49,Kolkata,2025-10-19,Printer,3.0,12000,36000
C0980,Female,48,Delhi,2025-04-09,Mouse,3.0,800,2400
C0075,Male,28,Pune,2025-04-20,Mouse,4.0,800,3200
C0209,Female,56,Delhi,2024-12-19,Keyboard,3.0,1500,4500
C0999,Female,26,Mumbai,2024-04-18,Printer,5.0,12000,60000
C0327,Male,47,Jaipur,2024-09-10,Keyboard,4.0,1500,6000
C0145,Male,21,Mumbai,2025-03-04,Mouse,5.0,800,4000
C0255,Male,38,Bangalore,2024-06-12,Keyboard,2.0,1500,3000
C0511,Female,49,Mumbai,2024-04-02,Mouse,1.0,800,800
C0968,Female,50,Pune,2025-08-20,Monitor,2.0,15000,30000
C0362,Male,21,Mumbai,2025-10-31,Mouse,5.0,800,4000
C0689,Female,36,Bangalore,2025-03-17,Laptop,1.0,55000,55000
C0138,Female,41,Pune,2025-02-14,Keyboard,1.0,1500,1500
C0053,Male,41,Bangalore,2025-01-30,Keyboard,1.0,1500,1500
C0517,Female,53,Mumbai,2024-05-01,Printer,5.0,12000,60000
C0132,Male,43,Mumbai,2025-01-09,Keyboard,5.0,1500,7500
C0774,Male,30,Bangalore,2025-05-27,Printer,4.0,12000,48000
C0042,Male,20,Delhi,2025-06-15,Keyboard,4.0,1500,6000
C0468,Male,56,Bangalore,2025-09-19,Monitor,3.0,15000,45000
C0327,Male,43,Bangalore,2024-12-10,Keyboard,5.0,1500,7500
C0520,Female,54,Mumbai,2025-01-12,Mouse,1.0,800,800
C0340,Male,44,Bangalore,2025-09-03,Keyboard,1.0,1500,1500
C0486,Female,59,Bangalore,2024-02-22,Printer,2.0,12000,24000
C0598,Female,28,Bangalore,2024-05-31,Printer,4.0,12000,48000
C0842,Male,20,Bangalore,2024-01-20,Laptop,2.0,55000,110000
C0452,Female,44,Delhi,2025-02-24,Mouse,2.0,800,1600
C0514,Female,21,Kolkata,2024-07-31,Monitor,5.0,15000,75000
C0575,Female,60,Pune,2024-11-17,Printer,4.0,12000,48000
C0980,Male,47,Bangalore,2024-12-28,Keyboard,5.0,1500,7500
C0693,Female,57,Pune,2024-10-12,Monitor,2.0,15000,30000
C0572,Female,32,Mumbai,2025-12-07,Keyboard,2.0,1500,3000
C0722,Female,38,Pune,2024-10-07,Keyboard,5.0,1500,7500
C0295,Male,54,Kolkata,2025-02-08,Printer,4.0,12000,48000
C0839,Female,27,Mumbai,2024-03-21,Laptop,3.0,55000,165000
C0355,Female,59,Mumbai,2024-07-25,Mouse,2.0,800,1600
C0848,Female,53,Kolkata,2024-04-21,Keyboard,2.0,1500,3000
C0631,Male,33,Jaipur,2025-10-15,Printer,2.0,12000,24000
C0239,Male,24,Pune,2024-04-12,Keyboard,4.0,1500,6000
C0698,Male,18,Bangalore,2025-10-30,Monitor,4.0,15000,60000
C0958,Female,48,Kolkata,2024-11-24,Monitor,3.0,15000,45000
C0293,Male,23,Kolkata,2025-07-01,Printer,2.0,12000,24000
C0757,Male,29,Pune,2025-02-10,Monitor,1.0,15000,15000
C0807,Female,29,Kolkata,2024-01-10,Keyboard,1.0,1500,1500
C0306,Male,39,Mumbai,2025-06-20,Mouse,5.0,800,4000
C0506,Male,50,Pune,2024-04-25,Keyboard,2.0,1500,3000
C0339,Male,47,Kolkata,2024-01-15,Keyboard,2.0,1500,3000
C0755,Female,36,Bangalore,2025-09-17,Monitor,2.0,15000,30000
C0877,Female,45,Bangalore,2025-02-14,Keyboard,1.0,1500,1500
C0686,Male,29,Delhi,2024-09-11,Mouse,3.0,800,2400
C0007,Female,42,Delhi,2024-12-03,Mouse,3.0,800,2400
C0310,Male,34,Kolkata,2024-03-04,Keyboard,2.0,1500,3000
C0684,Male,47,Mumbai,2025-12-03,Monitor,4.0,15000,60000
C0515,Female,25,Kolkata,2025-09-21,Keyboard,3.0,1500,4500
C0227,Male,26,Pune,2025-09-12,Monitor,4.0,15000,60000
C0383,Female,53,Pune,2024-09-10,Printer,2.0,12000,24000
C0697,Male,51,Pune,2024-03-20,Printer,3.0,12000,36000
C0940,Male,21,Bangalore,2025-08-09,Printer,2.0,12000,24000
C0550,Male,28,Mumbai,2024-04-29,Printer,4.0,12000,48000
C0697,Male,55,Pune,2025-04-01,Laptop,5.0,55000,275000
C0829,Male,47,Delhi,2025-04-12,Printer,4.0,12000,48000
C0578,Male,53,Pune,2025-02-09,Keyboard,1.0,1500,1500
C0261,Male,31,Bangalore,2025-03-09,Laptop,1.0,55000,55000
C0353,Male,52,Jaipur,2024-02-02,Laptop,4.0,55000,220000
C0294,Female,29,Delhi,2025-01-26,Mouse,3.0,800,2400
C0460,Female,42,Jaipur,2025-10-31,Printer,2.0,12000,24000
C0881,Female,25,Delhi,2025-06-25,Printer,4.0,12000,48000
C0131,Male,18,Jaipur,2025-11-20,Keyboard,4.0,1500,6000
C0737,Female,52,Pune,2025-04-16,Monitor,2.0,15000,30000
C0355,Male,35,Delhi,2025-11-07,Laptop,1.0,55000,55000
C0430,Male,33,Delhi,2025-08-31,Laptop,1.0,55000,55000
C0035,Female,56,Kolkata,2024-02-15,Laptop,2.0,55000,110000
C0412,Female,32,Bangalore,2024-05-23,Monitor,1.0,15000,15000
C0516,Female,32,Kolkata,2025-08-14,Printer,3.0,12000,36000
C0613,Female,33,Mumbai,2024-08-14,Monitor,5.0,15000,75000
C0424,Female,35,Jaipur,2024-06-28,Printer,5.0,12000,60000
C0642,Female,53,Pune,2025-10-20,Laptop,3.0,55000,165000
C0688,Female,51,Mumbai,2024-06-01,Mouse,4.0,800,3200
C0308,Female,29,Bangalore,2024-08-18,Mouse,2.0,800,1600
C0308,Male,47,Jaipur,2025-03-02,Printer,4.0,12000,48000
C0571,Male,42,Delhi,2024-12-04,Keyboard,2.0,1500,3000
C0663,Male,46,Mumbai,2024-07-14,Laptop,5.0,55000,275000
C0053,Female,42,Kolkata,2024-02-10,Printer,5.0,12000,60000
C0895,Male,30,Bangalore,2025-05-05,Printer,2.0,12000,24000
C0214,Female,37,Jaipur,2024-04-30,Monitor,2.0,15000,30000
C0765,Female,33,Kolkata,2025-02-10,Printer,2.0,12000,24000
C0938,Male,53,Mumbai,2025-04-22,Keyboard,4.0,1500,6000
C0547,Female,37,Mumbai,2025-05-24,Keyboard,5.0,1500,7500
C0478,Male,48,Mumbai,2024-11-16,Monitor,3.0,15000,45000
C0424,Male,54,Delhi,2024-09-24,Monitor,1.0,15000,15000
C0567,Female,36,Delhi,2024-08-23,Monitor,3.0,15000,45000
C0389,Male,49,Bangalore,2025-05-15,Keyboard,3.0,1500,4500
C0990,Female,47,Delhi,2024-05-23,Keyboard,2.0,1500,3000
C0738,Female,29,Bangalore,2024-02-04,Laptop,5.0,55000,275000
C0860,Male,60,Jaipur,2024-05-20,Laptop,4.0,55000,220000
C0863,Male,22,Kolkata,2024-08-11,Monitor,1.0,15000,15000
C0518,Female,41,Jaipur,2025-05-09,Printer,5.0,12000,60000
C0676,Female,19,Jaipur,2025-02-25,Printer,5.0,12000,60000
C0013,Male,51,Kolkata,2024-10-20,Keyboard,5.0,1500,7500
C0018,Female,29,Jaipur,2024-06-01,Laptop,5.0,55000,275000
C0247,Male,57,Bangalore,2024-09-30,Keyboard,3.0,1500,4500
C0815,Female,23,Mumbai,2025-08-01,Mouse,4.0,800,3200
C0250,Male,37,Kolkata,2024-04-05,Laptop,1.0,55000,55000
C0416,Female,42,Bangalore,2025-10-14,Mouse,1.0,800,800
C0010,Male,23,Pune,2025-08-02,Mouse,3.0,800,2400
C0879,Male,51,Jaipur,2025-12-09,Monitor,2.0,15000,30000
C0909,Female,35,Jaipur,2025-07-10,Laptop,3.0,55000,165000
C0578,Male,29,Mumbai,2025-08-24,Laptop,2.0,55000,110000
C0148,Female,22,Mumbai,2024-09-03,Monitor,5.0,15000,75000
C0581,Female,52,Mumbai,2025-12-06,Mouse,2.0,800,1600
C0742,Male,50,Kolkata,2024-04-10,Keyboard,1.0,1500,1500
C0448,Male,22,Mumbai,2025-09-01,Printer,5.0,12000,60000
C0407,Female,19,Kolkata,2025-05-17,Keyboard,4.0,1500,6000
C0234,Female,53,Pune,2025-11-27,Mouse,2.0,800,1600
C0600,Female,23,Bangalore,2025-12-31,Keyboard,2.0,1500,3000
C0076,Male,35,Delhi,2025-02-02,Mouse,2.0,800,1600
C0325,Female,24,Jaipur,2025-03-31,Laptop,3.0,55000,165000
C0369,Female,24,Delhi,2025-03-17,Laptop,2.0,55000,110000
C0460,Female,24,Jaipur,2025-07-21,Laptop,3.0,55000,165000
C0096,Female,42,Jaipur,2025-02-01,Keyboard,4.0,1500,6000
C0798,Male,53,Delhi,2024-06-22,Printer,5.0,12000,60000
C0702,Female,28,Delhi,2024-10-01,Keyboard,3.0,1500,4500
C0505,Male,22,Delhi,2025-03-07,Mouse,3.0,800,2400
C0307,Female,22,Mumbai,2025-10-02,Keyboard,2.0,1500,3000
C0508,Male,47,Jaipur,2024-01-07,Monitor,3.0,15000,45000
C0972,Female,39,Bangalore,2025-03-26,Mouse,3.0,800,2400
C0343,Female,59,Bangalore,2024-11-24,Monitor,3.0,15000,45000
C0618,Male,48,Mumbai,2024-11-22,Monitor,4.0,15000,60000
C0299,Female,54,Delhi,2024-10-14,Keyboard,4.0,1500,6000
C0837,Female,41,Jaipur,2025-08-29,Printer,2.0,12000,24000
C0559,Male,53,Jaipur,2025-03-24,Mouse,2.0,800,1600
C0817,Female,22,Pune,2025-10-10,Mouse,2.0,800,1600
C0311,Male,34,Kolkata,2025-01-21,Monitor,4.0,15000,60000
C0076,Female,56,Pune,2025-07-01,Printer,4.0,12000,48000
C0519,Female,52,Jaipur,2025-08-31,Keyboard,5.0,1500,7500
C0654,Male,24,Delhi,2025-10-24,Keyboard,2.0,1500,3000
C0628,Male,54,Kolkata,2025-03-16,Mouse,3.0,800,2400
C0109,Male,24,Mumbai,2025-06-15,Monitor,5.0,15000,75000
C0572,Male,46,Mumbai,2025-11-26,Mouse,4.0,800,3200
C0603,Male,40,Jaipur,2024-10-29,Mouse,1.0,800,800
C0426,Male,25,Kolkata,2024-11-15,Monitor,3.0,15000,45000
C0352,Female,31,Bangalore,2025-05-02,Mouse,3.0,800,2400
C0100,Female,46,Mumbai,2024-02-15,Laptop,3.0,55000,165000
C0830,Male,19,Mumbai,2024-09-06,Laptop,2.0,55000,110000
C0529,Male,53,Delhi,2025-03-12,Keyboard,5.0,1500,7500
C0982,Female,32,Pune,2025-10-17,Monitor,2.0,15000,30000
C0674,Female,43,Jaipur,2025-04-05,Printer,2.0,12000,24000
C0607,Female,42,Jaipur,2024-10-12,Monitor,2.0,15000,30000
C0771,Male,54,Jaipur,2025-01-09,Printer,2.0,12000,24000
C0334,Male,47,Jaipur,2025-06-24,Keyboard,4.0,1500,6000
C0990,Female,56,Pune,2025-08-24,Printer,4.0,12000,48000
C0117,Female,40,Pune,2025-11-20,Printer,2.0,12000,24000
C0723,Female,57,Bangalore,2024-11-16,Laptop,2.0,55000,110000
C0121,Male,37,Jaipur,2025-12-11,Monitor,3.0,15000,45000
C0145,Female,44,Bangalore,2025-01-27,Monitor,5.0,15000,75000
C0434,Male,49,Kolkata,2025-07-22,Printer,2.0,12000,24000
C0171,Female,36,Delhi,2025-04-06,Monitor,3.0,15000,45000
C0635,Male,40,Jaipur,2024-07-18,Mouse,2.0,800,1600
C0835,Female,53,Bangalore,2025-12-02,Mouse,4.0,800,3200
C0504,Female,46,Pune,2025-08-01,Monitor,1.0,15000,15000
C0032,Male,36,Jaipur,2025-07-04,Keyboard,2.0,1500,3000
C0296,Male,47,Bangalore,2025-06-07,Mouse,5.0,800,4000
C0116,Male,35,Bangalore,2024-02-12,Keyboard,5.0,1500,7500
C0779,Female,52,Delhi,2025-10-31,Mouse,1.0,800,800
C0770,Male,37,Jaipur,2024-12-22,Mouse,3.0,800,2400
C0883,Male,46,Jaipur,2025-08-25,Monitor,2.0,15000,30000
C0706,Female,57,Kolkata,2025-09-22,Mouse,2.0,800,1600
C0143,Male,31,Jaipur,2025-06-29,Printer,3.0,12000,36000
C0288,Male,38,Kolkata,2025-08-09,Keyboard,3.0,1500,4500
C0274,Male,26,Pune,2025-11-02,Laptop,3.0,55000,165000
C0130,Male,33,Delhi,2025-11-23,Keyboard,2.0,1500,3000
C0403,Female,27,Bangalore,2025-01-19,Keyboard,4.0,1500,6000
C0463,Male,58,Jaipur,2024-10-11,Mouse,5.0,800,4000
C0712,Female,47,Pune,2024-01-03,Keyboard,5.0,1500,7500
C0890,Male,47,Kolkata,2025-07-01,Keyboard,1.0,1500,1500
C0408,Male,45,Delhi,2024-11-26,Mouse,3.0,800,2400
C0849,Female,39,Bangalore,2025-08-02,Printer,2.0,12000,24000
C0873,Female,39,Kolkata,2024-04-11,Laptop,1.0,55000,55000
C0642,Female,19,Jaipur,2025-04-12,Monitor,4.0,15000,60000
C0001,Female,30,Kolkata,2024-06-11,Monitor,3.0,15000,45000
C0896,Female,23,Kolkata,2024-03-25,Keyboard,3.0,1500,4500
C0381,Male,21,Pune,2025-03-15,Keyboard,2.0,1500,3000
C0672,Male,24,Jaipur,2024-03-20,Monitor,4.0,15000,60000
C0136,Male,51,Kolkata,2024-01-09,Mouse,1.0,800,800
C0713,Female,25,Pune,2024-03-13,Monitor,4.0,15000,60000
C0235,Female,23,Kolkata,2024-11-16,Laptop,1.0,55000,55000
C0377,Female,26,Pune,2024-03-11,Monitor,2.0,15000,30000
C0544,Male,57,Kolkata,2024-12-25,Monitor,4.0,15000,60000
C0740,Male,58,Kolkata,2025-09-22,Monitor,4.0,15000,60000
C0704,Female,31,Jaipur,2024-05-06,Laptop,2.0,55000,110000
C0604,Female,40,Pune,2024-09-10,Keyboard,2.0,1500,3000
C0284,Male,33,Bangalore,2025-09-14,Printer,5.0,12000,60000
C0292,Male,60,Mumbai,2025-09-13,Monitor,5.0,15000,75000
C0522,Male,43,Mumbai,2025-05-21,Laptop,2.0,55000,110000
C0396,Male,33,Pune,2025-06-24,Printer,1.0,12000,12000
C0911,Male,41,Mumbai,2025-08-05,Monitor,4.0,15000,60000
C0431,Female,52,Kolkata,2024-03-15,Monitor,4.0,15000,60000
C0018,Male,18,Mumbai,2024-03-02,Monitor,1.0,15000,15000
C0972,Female,50,Mumbai,2025-03-09,Printer,4.0,12000,48000
C0719,Female,23,Kolkata,2025-09-22,Printer,5.0,12000,60000
C0157,Female,23,Mumbai,2024-07-27,Laptop,5.0,55000,275000
C0998,Male,52,Mumbai,2025-10-11,Mouse,5.0,800,4000
C0782,Male,37,Kolkata,2024-02-29,Mouse,2.0,800,1600
C0251,Male,45,Jaipur,2025-09-15,Mouse,5.0,800,4000
C0057,Female,60,Kolkata,2024-01-13,Monitor,1.0,15000,15000
C0725,Male,18,Delhi,2025-06-19,Mouse,3.0,800,2400
C0530,Female,28,Mumbai,2024-04-30,Monitor,3.0,15000,45000
C0790,Male,39,Pune,2024-03-06,Keyboard,5.0,1500,7500
C0270,Male,49,Pune,2024-02-26,Printer,3.0,12000,36000
C0512,Male,41,Delhi,2025-08-10,Keyboard,1.0,1500,1500
C0691,Male,32,Kolkata,2024-02-15,Printer,1.0,12000,12000
C0880,Male,33,Jaipur,2025-01-27,Mouse,3.0,800,2400
C0943,Male,29,Jaipur,2024-08-17,Printer,4.0,12000,48000
C0330,Male,44,Kolkata,2024-03-20,Keyboard,3.0,1500,4500
C0586,Female,25,Bangalore,2024-08-16,Laptop,2.0,55000,110000
C0824,Male,43,Jaipur,2024-11-14,Mouse,3.0,800,2400
C0336,Male,53,Pune,2024-07-24,Laptop,3.0,55000,165000
C0299,Female,57,Delhi,2025-08-28,Mouse,3.0,800,2400
C0996,Female,30,Kolkata,2024-06-03,Printer,2.0,12000,24000
C0007,Female,19,Delhi,2025-10-13,Printer,3.0,12000,36000
C0860,Male,39,Jaipur,2024-04-16,Mouse,3.0,800,2400
C0211,Male,44,Pune,2025-12-29,Laptop,2.0,55000,110000
C0287,Male,20,Delhi,2025-12-18,Printer,4.0,12000,48000
C0918,Female,47,Kolkata,2024-04-07,Laptop,5.0,55000,275000
C0518,Male,58,Pune,2025-08-04,Laptop,5.0,55000,275000
C0064,Female,60,Delhi,2024-09-24,Monitor,3.0,15000,45000
C0872,Female,43,Kolkata,2025-04-08,Keyboard,3.0,1500,4500
C0279,Male,22,Delhi,2024-04-21,Monitor,5.0,15000,75000
C0160,Male,28,Pune,2025-02-20,Mouse,3.0,800,2400
C0124,Female,31,Pune,2024-09-28,Keyboard,4.0,1500,6000
C0873,Male,23,Delhi,2024-02-11,Keyboard,5.0,1500,7500
C0221,Female,27,Jaipur,2025-02-09,Monitor,3.0,15000,45000
C0526,Male,37,Mumbai,2025-02-18,Monitor,1.0,15000,15000
C0876,Female,53,Kolkata,2024-04-06,Printer,2.0,12000,24000
C0474,Male,26,Jaipur,2024-08-15,Laptop,1.0,55000,55000
C0134,Male,43,Mumbai,2025-08-23,Laptop,5.0,55000,275000
C0266,Male,19,Jaipur,2024-05-11,Monitor,4.0,15000,60000
C0095,Female,25,Jaipur,2024-06-21,Mouse,1.0,800,800
C0947,Female,43,Pune,2025-11-30,Laptop,4.0,55000,220000
C0437,Male,40,Delhi,2024-10-13,Monitor,3.0,15000,45000
C0457,Male,20,Bangalore,2024-09-08,Printer,5.0,12000,60000
C0663,Female,49,Pune,2024-03-03,Printer,4.0,12000,48000
C0090,Female,42,Delhi,2025-10-20,Mouse,2.0,800,1600
C0906,Male,58,Bangalore,2025-12-31,Laptop,4.0,55000,220000
C0368,Female,52,Pune,2025-05-29,Keyboard,5.0,1500,7500
C0330,Female,35,Delhi,2025-09-03,Laptop,3.0,55000,165000
C0225,Male,35,Jaipur,2025-01-01,Mouse,5.0,800,4000
C0786,Male,28,Jaipur,2024-09-29,Monitor,2.0,15000,30000
C0547,Male,32,Bangalore,2024-06-26,Mouse,3.0,800,2400
C0181,Male,55,Mumbai,2024-01-29,Keyboard,5.0,1500,7500
C0721,Female,54,Bangalore,2024-07-11,Monitor,5.0,15000,75000
C0857,Female,52,Mumbai,2024-02-08,Monitor,4.0,15000,60000
C0093,Male,32,Bangalore,2025-06-23,Monitor,1.0,15000,15000
C0490,Male,39,Bangalore,2024-12-14,Monitor,2.0,15000,30000
C0735,Male,38,Jaipur,2025-08-23,Laptop,2.0,55000,110000
C0722,Male,25,Bangalore,2025-01-17,Keyboard,1.0,1500,1500
C0722,Female,55,Jaipur,2024-11-26,Keyboard,3.0,1500,4500
C0140,Male,45,Kolkata,2024-06-27,Mouse,3.0,800,2400
C0725,Female,32,Kolkata,2025-01-22,Printer,2.0,12000,24000
C0315,Female,26,Delhi,2025-02-04,Laptop,5.0,55000,275000
C0872,Male,29,Bangalore,2024-08-14,Keyboard,5.0,1500,7500
C0655,Male,49,Delhi,2024-08-31,Keyboard,1.0,1500,1500
C0356,Female,28,Kolkata,2025-04-02,Laptop,3.0,55000,165000
C0012,Female,31,Delhi,2024-09-19,Laptop,3.0,55000,165000
C0806,Male,18,Jaipur,2025-03-05,Mouse,4.0,800,3200
C0993,Male,44,Pune,2025-07-13,Mouse,3.0,800,2400
C0385,Male,48,Bangalore,2025-04-07,Monitor,2.0,15000,30000
C0076,Male,36,Jaipur,2024-04-17,Keyboard,3.0,1500,4500
C0076,Female,28,Pune,2025-07-14,Monitor,1.0,15000,15000
C0965,Male,39,Bangalore,2025-12-22,Printer,4.0,12000,48000
C0032,Female,59,Delhi,2024-06-09,Printer,4.0,12000,48000
C0055,Male,39,Delhi,2025-12-14,Monitor,4.0,15000,60000
C0568,Female,60,Mumbai,2024-04-08,Keyboard,2.0,1500,3000
C0051,Female,54,Bangalore,2024-02-25,Mouse,2.0,800,1600
C0370,Male,45,Jaipur,2025-05-06,Keyboard,5.0,1500,7500
C0205,Male,19,Delhi,2024-03-24,Monitor,3.0,15000,45000
C0485,Male,37,Pune,2025-11-07,Mouse,4.0,800,3200
C0272,Male,59,Bangalore,2025-01-14,Mouse,2.0,800,1600
C0907,Female,41,Delhi,2024-09-26,Mouse,1.0,800,800
C0451,Female,34,Delhi,2024-03-04,Keyboard,5.0,1500,7500
C0155,Male,23,Kolkata,2025-02-27,Keyboard,5.0,1500,7500
C0995,Male,53,Jaipur,2025-03-04,Mouse,5.0,800,4000
C0989,Female,54,Delhi,2024-03-21,Mouse,3.0,800,2400
C0405,Male,50,Bangalore,2025-11-24,Printer,5.0,12000,60000
C0636,Male,25,Pune,2024-08-04,Monitor,2.0,15000,30000
C0828,Male,26,Jaipur,2025-11-30,Mouse,1.0,800,800
C0446,Male,58,Delhi,2024-11-23,Printer,3.0,12000,36000
C0933,Male,23,Pune,2025-07-19,Printer,4.0,12000,48000
C0334,Female,51,Pune,2025-08-24,Laptop,5.0,55000,275000
C0536,Female,25,Pune,2025-08-03,Monitor,2.0,15000,30000
C0603,Male,24,Bangalore,2025-07-02,Laptop,3.0,55000,165000
C0902,Female,44,Mumbai,2025-08-08,Mouse,4.0,800,3200
C0624,Female,20,Delhi,2024-05-27,Keyboard,4.0,1500,6000
C0634,Female,20,Pune,2024-02-20,Keyboard,2.0,1500,3000
C0764,Female,35,Mumbai,2024-11-06,Laptop,3.0,55000,165000
C0319,Female,49,Kolkata,2024-05-17,Laptop,2.0,55000,110000
C0308,Female,38,Mumbai,2025-10-23,Mouse,5.0,800,4000
C0092,Male,46,Delhi,2025-06-12,Mouse,4.0,800,3200
C0889,Female,21,Bangalore,2024-11-14,Monitor,1.0,15000,15000
C0727,Female,26,Bangalore,2024-06-26,Printer,1.0,12000,12000
C0198,Male,21,Delhi,2024-02-21,Laptop,4.0,55000,220000
C0941,Female,30,Mumbai,2025-06-01,Keyboard,4.0,1500,6000
C0407,Male,19,Delhi,2025-08-31,Keyboard,4.0,1500,6000
C0457,Male,48,Bangalore,2024-12-18,Printer,3.0,12000,36000
C0168,Female,23,Mumbai,2024-02-20,Laptop,4.0,55000,220000
C0167,Male,32,Kolkata,2024-10-02,Monitor,2.0,15000,30000
C0668,Female,50,Jaipur,2024-05-15,Laptop,4.0,55000,220000
C0663,Male,56,Jaipur,2025-09-14,Monitor,3.0,15000,45000
C0825,Female,59,Mumbai,2024-12-23,Mouse,4.0,800,3200
C0471,Female,31,Pune,2025-09-30,Keyboard,5.0,1500,7500
C0407,Male,18,Bangalore,2025-10-24,Keyboard,5.0,1500,7500
C0609,Female,37,Kolkata,2024-03-06,Laptop,4.0,55000,220000
C0345,Female,58,Mumbai,2025-11-02,Keyboard,3.0,1500,4500
C0729,Female,30,Delhi,2024-02-28,Printer,2.0,12000,24000
C0825,Female,60,Mumbai,2025-11-02,Monitor,1.0,15000,15000
C0510,Female,34,Pune,2024-02-06,Mouse,4.0,800,3200
C0598,Male,39,Kolkata,2025-10-15,Monitor,5.0,15000,75000
C0804,Female,60,Mumbai,2024-06-23,Printer,3.0,12000,36000
C0861,Male,36,Jaipur,2024-09-21,Mouse,2.0,800,1600
C0743,Male,39,Kolkata,2024-12-29,Laptop,2.0,55000,110000
C0229,Female,44,Mumbai,2025-08-22,Keyboard,3.0,1500,4500
C0302,Female,25,Pune,2025-08-17,Laptop,5.0,55000,275000
C0967,Male,48,Delhi,2025-11-28,Printer,1.0,12000,12000
C0391,Female,44,Jaipur,2024-07-24,Monitor,2.0,15000,30000
C0351,Female,54,Pune,2024-07-03,Monitor,3.0,15000,45000
C0798,Male,49,Mumbai,2025-10-11,Monitor,3.0,15000,45000
C0060,Male,46,Mumbai,2025-08-13,Monitor,2.0,15000,30000
C0783,Male,49,Jaipur,2025-03-20,Monitor,5.0,15000,75000
C0649,Female,43,Pune,2024-01-05,Mouse,4.0,800,3200
C0039,Male,41,Jaipur,2024-07-14,Keyboard,5.0,1500,7500
C0019,Male,58,Kolkata,2025-12-11,Monitor,2.0,15000,30000
C0899,Female,37,Delhi,2025-05-30,Laptop,4.0,55000,220000
C0603,Female,28,Jaipur,2024-10-24,Laptop,3.0,55000,165000
C0467,Female,45,Kolkata,2025-05-16,Monitor,3.0,15000,45000
C0368,Male,28,Pune,2024-08-17,Laptop,2.0,55000,110000
C0745,Male,31,Kolkata,2025-05-31,Laptop,5.0,55000,275000
C0174,Male,41,Kolkata,2025-10-17,Laptop,4.0,55000,220000
C0262,Male,56,Jaipur,2024-02-19,Laptop,1.0,55000,55000
C0707,Male,44,Pune,2025-07-14,Mouse,1.0,800,800
C0259,Female,27,Delhi,2025-03-06,Laptop,3.0,55000,165000
C0678,Male,60,Bangalore,2025-09-12,Keyboard,5.0,1500,7500
C0718,Male,44,Jaipur,2024-04-30,Printer,5.0,12000,60000
C0290,Male,24,Pune,2024-07-23,Monitor,5.0,15000,75000
C0797,Female,51,Delhi,2024-10-29,Keyboard,4.0,1500,6000
C0165,Male,53,Pune,2024-12-04,Monitor,4.0,15000,60000
C0241,Male,18,Kolkata,2025-08-10,Laptop,1.0,55000,55000
C0686,Female,27,Jaipur,2024-04-13,Printer,1.0,12000,12000
C0927,Female,59,Delhi,2024-09-27,Mouse,3.0,800,2400
C0476,Male,24,Delhi,2025-01-03,Laptop,3.0,55000,165000
C0821,Female,45,Kolkata,2024-02-16,Laptop,1.0,55000,55000
C0010,Male,60,Kolkata,2025-01-01,Monitor,3.0,15000,45000
C0916,Female,57,Mumbai,2024-12-16,Laptop,3.0,55000,165000
C0188,Male,43,Pune,2025-01-29,Mouse,3.0,800,2400
C0707,Female,44,Kolkata,2024-05-15,Monitor,1.0,15000,15000
C0713,Male,28,Jaipur,2025-05-09,Mouse,5.0,800,4000
C0822,Female,29,Bangalore,2025-09-18,Mouse,3.0,800,2400
C0030,Male,48,Pune,2025-03-27,Laptop,4.0,55000,220000
C0048,Male,34,Kolkata,2025-12-22,Keyboard,1.0,1500,1500
C0890,Male,60,Mumbai,2025-12-05,Printer,5.0,12000,60000
C0718,Male,45,Kolkata,2024-12-20,Monitor,4.0,15000,60000
C0680,Female,27,Bangalore,2024-01-12,Printer,1.0,12000,12000
C0659,Male,50,Pune,2024-03-17,Mouse,2.0,800,1600
C0770,Female,38,Delhi,2024-02-21,Keyboard,3.0,1500,4500
C0520,Male,53,Kolkata,2024-08-28,Mouse,4.0,800,3200
C0081,Female,46,Bangalore,2025-05-25,Mouse,1.0,800,800
C0458,Female,25,Pune,2025-02-17,Laptop,1.0,55000,55000
C0423,Male,53,Bangalore,2025-09-10,Laptop,1.0,55000,55000
C0987,Female,50,Bangalore,2024-12-15,Monitor,4.0,15000,60000
C0373,Male,32,Pune,2025-09-26,Keyboard,5.0,1500,7500
C0615,Female,60,Mumbai,2024-04-09,Mouse,1.0,800,800
C0778,Male,18,Mumbai,2025-07-14,Keyboard,3.0,1500,4500
C0535,Female,24,Jaipur,2024-05-23,Monitor,4.0,15000,60000
C0842,Female,24,Mumbai,2024-07-11,Printer,2.0,12000,24000
C0124,Female,31,Pune,2024-04-20,Monitor,3.0,15000,45000
C0776,Female,20,Kolkata,2025-04-06,Printer,1.0,12000,12000
C0469,Male,49,Jaipur,2025-07-20,Printer,1.0,12000,12000
C0958,Female,55,Pune,2025-12-09,Printer,2.0,12000,24000
C0593,Male,26,Jaipur,2025-09-12,Mouse,5.0,800,4000
C0904,Female,50,Pune,2025-12-10,Mouse,5.0,800,4000
C0781,Male,35,Pune,2025-04-08,Keyboard,3.0,1500,4500
C0825,Male,26,Pune,2024-11-02,Printer,5.0,12000,60000
C0864,Female,53,Kolkata,2024-08-02,Monitor,2.0,15000,30000
C0640,Female,40,Kolkata,2025-05-30,Monitor,2.0,15000,30000
C0556,Female,25,Mumbai,2025-08-19,Printer,4.0,12000,48000
C0585,Female,52,Mumbai,2025-06-19,Mouse,1.0,800,800
C0110,Male,42,Delhi,2024-07-23,Laptop,1.0,55000,55000
C0274,Male,36,Kolkata,2024-03-04,Keyboard,2.0,1500,3000
C0708,Female,31,Bangalore,2025-04-08,Laptop,3.0,55000,165000
C0105,Male,59,Bangalore,2025-06-07,Mouse,2.0,800,1600
C0804,Female,60,Jaipur,2025-03-02,Mouse,4.0,800,3200
C0980,Female,53,Jaipur,2024-07-26,Laptop,3.0,55000,165000
C0636,Female,32,Kolkata,2025-07-13,Keyboard,5.0,1500,7500
C0757,Male,30,Mumbai,2025-11-30,Mouse,2.0,800,1600
C0077,Male,29,Kolkata,2025-01-21,Printer,1.0,12000,12000
C0042,Female,35,Bangalore,2024-06-13,Keyboard,2.0,1500,3000
C0599,Female,18,Mumbai,2024-02-10,Mouse,2.0,800,1600
C0158,Female,56,Jaipur,2025-05-17,Printer,3.0,12000,36000
C0809,Female,22,Kolkata,2024-08-13,Keyboard,5.0,1500,7500
C0980,Male,51,Jaipur,2025-03-01,Printer,2.0,12000,24000
C0557,Female,23,Mumbai,2025-11-10,Monitor,2.0,15000,30000
C0340,Female,41,Mumbai,2025-06-27,Monitor,5.0,15000,75000
C0487,Male,25,Kolkata,2024-09-03,Keyboard,4.0,1500,6000
C0927,Male,20,Kolkata,2024-04-26,Keyboard,4.0,1500,6000
C0396,Female,52,Kolkata,2025-06-13,Keyboard,1.0,1500,1500
C0842,Female,50,Bangalore,2024-02-14,Mouse,4.0,800,3200
C0304,Male,38,Bangalore,2024-06-20,Laptop,1.0,55000,55000
C0995,Male,58,Jaipur,2025-12-02,Monitor,2.0,15000,30000
C0435,Male,31,Bangalore,2025-12-03,Mouse,1.0,800,800
C0158,Male,47,Kolkata,2024-03-30,Keyboard,1.0,1500,1500
C0076,Male,29,Mumbai,2025-08-11,Printer,1.0,12000,12000
C0842,Male,34,Pune,2025-10-07,Mouse,4.0,800,3200
C0415,Female,38,Jaipur,2025-07-01,Mouse,1.0,800,800
C0007,Male,55,Jaipur,2025-05-29,Laptop,3.0,55000,165000
C0109,Female,37,Bangalore,2025-03-24,Laptop,3.0,55000,165000
C0391,Female,60,Jaipur,2025-06-30,Mouse,2.0,800,1600
C0226,Male,43,Bangalore,2024-11-01,Keyboard,2.0,1500,3000
C0694,Female,18,Bangalore,2024-05-06,Printer,2.0,12000,24000
C0043,Male,54,Bangalore,2025-07-14,Mouse,5.0,800,4000
C0970,Male,37,Delhi,2025-02-26,Keyboard,2.0,1500,3000
C0928,Male,28,Delhi,2024-09-15,Monitor,5.0,15000,75000
C0199,Male,29,Kolkata,2025-07-16,Printer,1.0,12000,12000
C0473,Male,36,Kolkata,2024-04-10,Laptop,3.0,55000,165000
C0203,Female,39,Mumbai,2024-04-12,Monitor,2.0,15000,30000
C0292,Male,30,Mumbai,2024-12-02,Mouse,4.0,800,3200
C0632,Female,55,Delhi,2025-01-08,Printer,5.0,12000,60000
C0828,Female,45,Delhi,2024-09-09,Laptop,3.0,55000,165000
C0805,Male,59,Pune,2024-05-17,Keyboard,3.0,1500,4500
C0696,Female,48,Pune,2024-11-08,Mouse,3.0,800,2400
C0499,Male,29,Kolkata,2024-10-14,Printer,1.0,12000,12000
C0880,Male,52,Delhi,2024-03-18,Keyboard,1.0,1500,1500
C0914,Male,50,Kolkata,2025-08-15,Laptop,5.0,55000,275000
C0415,Male,20,Bangalore,2025-07-06,Keyboard,5.0,1500,7500
C0484,Male,41,Pune,2024-10-24,Monitor,5.0,15000,75000
C0138,Female,50,Bangalore,2025-01-07,Laptop,4.0,55000,220000
C0515,Male,60,Delhi,2025-06-10,Printer,2.0,12000,24000
C0144,Female,28,Delhi,2025-11-06,Printer,5.0,12000,60000
C0894,Male,48,Mumbai,2025-05-14,Laptop,2.0,55000,110000
C0238,Male,34,Mumbai,2025-11-15,Monitor,1.0,15000,15000
C0212,Female,42,Pune,2024-02-10,Mouse,1.0,800,800
C0665,Female,24,Kolkata,2024-09-26,Printer,3.0,12000,36000
C0593,Male,42,Kolkata,2025-08-24,Mouse,3.0,800,2400
C0670,Male,51,Mumbai,2025-06-12,Mouse,2.0,800,1600
C0416,Female,40,Pune,2024-01-07,Mouse,5.0,800,4000
C0514,Male,46,Delhi,2025-06-10,Monitor,1.0,15000,15000
C0659,Female,31,Delhi,2025-01-05,Monitor,2.0,15000,30000
C0617,Male,60,Delhi,2024-04-26,Mouse,3.0,800,2400
C0494,Female,48,Delhi,2025-10-24,Printer,2.0,12000,24000
C0854,Female,19,Delhi,2025-08-10,Laptop,2.0,55000,110000
C0607,Male,26,Kolkata,2025-08-09,Printer,1.0,12000,12000
C0151,Male,28,Mumbai,2025-02-19,Monitor,5.0,15000,75000
C0614,Male,60,Mumbai,2025-04-04,Laptop,2.0,55000,110000
C0622,Female,48,Delhi,2025-09-07,Monitor,4.0,15000,60000
C0147,Male,57,Kolkata,2024-06-20,Printer,3.0,12000,36000
C0742,Female,47,Bangalore,2024-08-23,Printer,1.0,12000,12000
C0388,Female,26,Jaipur,2025-06-19,Laptop,2.0,55000,110000
C0881,Female,27,Bangalore,2025-05-02,Laptop,2.0,55000,110000
C0924,Male,52,Bangalore,2025-05-08,Laptop,1.0,55000,55000
C0676,Male,56,Bangalore,2025-06-18,Laptop,4.0,55000,220000
C0431,Female,20,Kolkata,2024-08-22,Printer,4.0,12000,48000
C0961,Female,42,Mumbai,2024-04-10,Printer,5.0,12000,60000
C0436,Male,34,Pune,2024-10-17,Monitor,1.0,15000,15000
C0613,Female,34,Delhi,2025-08-14,Laptop,1.0,55000,55000
C0536,Male,51,Jaipur,2025-12-05,Mouse,2.0,800,1600
C0824,Female,44,Mumbai,2025-03-12,Laptop,2.0,55000,110000
C0668,Female,34,Bangalore,2025-01-09,Mouse,5.0,800,4000
C0627,Female,43,Delhi,2025-07-24,Mouse,5.0,800,4000
C0495,Male,41,Bangalore,2024-09-16,Printer,4.0,12000,48000
C0315,Female,43,Kolkata,2024-08-23,Monitor,1.0,15000,15000
C0458,Male,24,Delhi,2024-12-12,Printer,4.0,12000,48000
C0821,Male,28,Pune,2024-05-28,Laptop,1.0,55000,55000
C0483,Female,23,Jaipur,2025-01-14,Keyboard,2.0,1500,3000
C0082,Male,42,Pune,2024-10-20,Printer,5.0,12000,60000
C0729,Male,29,Kolkata,2024-01-11,Mouse,4.0,800,3200
C0207,Female,30,Jaipur,2025-06-12,Printer,5.0,12000,60000
C0716,Male,57,Delhi,2024-09-01,Laptop,3.0,55000,165000
C0671,Male,28,Jaipur,2024-12-27,Keyboard,4.0,1500,6000
C0686,Female,43,Bangalore,2024-01-16,Monitor,5.0,15000,75000
C0755,Male,23,Bangalore,2025-08-19,Keyboard,5.0,1500,7500
C0357,Female,35,Delhi,2025-04-10,Printer,2.0,12000,24000
C0953,Female,54,Jaipur,2025-02-20,Keyboard,2.0,1500,3000
C0519,Male,53,Jaipur,2024-12-14,Printer,3.0,12000,36000
C0970,Male,50,Mumbai,2024-09-13,Printer,5.0,12000,60000
C0711,Female,42,Bangalore,2024-12-13,Mouse,2.0,800,1600
C0985,Female,47,Bangalore,2024-04-29,Laptop,4.0,55000,220000
C0265,Male,42,Kolkata,2024-11-19,Monitor,2.0,15000,30000
C0423,Female,51,Bangalore,2024-09-11,Laptop,3.0,55000,165000
C0295,Male,43,Kolkata,2025-07-21,Keyboard,1.0,1500,1500
C0954,Male,48,Mumbai,2025-08-10,Keyboard,2.0,1500,3000
C0276,Male,30,Pune,2024-09-04,Monitor,2.0,15000,30000
C0894,Female,31,Delhi,2025-09-25,Monitor,2.0,15000,30000
C0365,Male,24,Jaipur,2025-09-20,Laptop,4.0,55000,220000
C0007,Male,48,Mumbai,2025-05-19,Printer,3.0,12000,36000
C0920,Female,49,Delhi,2025-02-11,Printer,3.0,12000,36000
C0228,Male,21,Bangalore,2025-07-07,Mouse,4.0,800,3200
C0034,Female,43,Kolkata,2024-05-03,Monitor,4.0,15000,60000
C0716,Female,38,Kolkata,2025-11-21,Laptop,1.0,55000,55000
C0216,Female,55,Jaipur,2025-09-19,Keyboard,3.0,1500,4500
C0883,Female,29,Bangalore,2024-10-02,Keyboard,2.0,1500,3000
C0483,Female,41,Delhi,2024-08-03,Mouse,4.0,800,3200
C0430,Female,41,Pune,2024-07-03,Keyboard,4.0,1500,6000
C0586,Male,54,Kolkata,2024-10-03,Monitor,1.0,15000,15000
C0824,Male,53,Pune,2024-05-29,Mouse,2.0,800,1600
C0820,Male,48,Jaipur,2025-05-26,Monitor,4.0,15000,60000
C0138,Female,49,Mumbai,2025-08-04,Keyboard,5.0,1500,7500
C0049,Female,24,Kolkata,2024-08-08,Monitor,1.0,15000,15000
C0834,Female,48,Kolkata,2024-12-08,Laptop,4.0,55000,220000
C0267,Female,41,Bangalore,2024-12-18,Printer,3.0,12000,36000
C0021,Female,25,Mumbai,2025-08-13,Printer,2.0,12000,24000
C0590,Male,36,Mumbai,2025-05-14,Keyboard,5.0,1500,7500
C0794,Female,23,Pune,2025-04-19,Printer,3.0,12000,36000
C0647,Male,28,Kolkata,2025-10-08,Keyboard,4.0,1500,6000
C0628,Female,22,Jaipur,2024-08-21,Monitor,3.0,15000,45000
C0322,Female,59,Mumbai,2025-10-22,Keyboard,5.0,1500,7500
C0405,Female,46,Mumbai,2025-04-06,Printer,5.0,12000,60000
C0424,Male,29,Jaipur,2025-11-08,Monitor,2.0,15000,30000
C0258,Male,31,Delhi,2024-04-07,Mouse,1.0,800,800
C0066,Female,53,Jaipur,2025-06-20,Laptop,4.0,55000,220000
C0784,Male,24,Mumbai,2024-03-27,Printer,2.0,12000,24000
C0671,Female,37,Delhi,2025-03-29,Monitor,3.0,15000,45000
C0642,Male,26,Bangalore,2024-02-05,Monitor,1.0,15000,15000
C0680,Female,38,Pune,2024-10-05,Mouse,5.0,800,4000
C0562,Female,26,Kolkata,2025-08-28,Printer,2.0,12000,24000
C0612,Female,58,Kolkata,2025-06-20,Printer,4.0,12000,48000
C0656,Female,40,Pune,2024-04-01,Printer,2.0,12000,24000
C0453,Female,41,Pune,2024-11-06,Keyboard,2.0,1500,3000
C0011,Male,51,Delhi,2025-04-25,Keyboard,3.0,1500,4500
C0548,Male,49,Pune,2025-03-16,Keyboard,1.0,1500,1500
C0818,Female,56,Delhi,2025-01-17,Laptop,5.0,55000,275000
C0194,Female,53,Pune,2024-06-16,Mouse,2.0,800,1600
C0733,Female,42,Delhi,2025-03-08,Keyboard,1.0,1500,1500
C0641,Male,51,Bangalore,2025-10-26,Keyboard,3.0,1500,4500
C0761,Female,44,Delhi,2024-05-19,Laptop,2.0,55000,110000
C0297,Male,58,Pune,2024-10-05,Printer,4.0,12000,48000
C0718,Female,30,Mumbai,2024-02-20,Laptop,2.0,55000,110000
C0993,Male,29,Jaipur,2024-05-08,Keyboard,3.0,1500,4500
C0733,Female,18,Delhi,2024-01-16,Laptop,2.0,55000,110000
C0506,Male,39,Pune,2025-01-15,Keyboard,4.0,1500,6000
C0475,Male,39,Jaipur,2024-09-29,Monitor,1.0,15000,15000
C0795,Female,22,Bangalore,2024-07-15,Mouse,2.0,800,1600
C0918,Female,42,Jaipur,2025-01-29,Laptop,2.0,55000,110000
C0790,Female,33,Kolkata,2025-04-16,Laptop,2.0,55000,110000
C0753,Male,51,Kolkata,2025-02-02,Monitor,4.0,15000,60000
C0698,Female,38,Delhi,2025-06-17,Laptop,5.0,55000,275000
C0126,Female,48,Kolkata,2025-01-04,Keyboard,2.0,1500,3000
C0909,Male,60,Delhi,2025-10-10,Laptop,2.0,55000,110000
C0445,Female,18,Delhi,2024-05-02,Keyboard,5.0,1500,7500
C0406,Male,18,Jaipur,2025-12-05,Printer,4.0,12000,48000
C0611,Male,41,Jaipur,2025-05-26,Monitor,2.0,15000,30000
C0094,Female,58,Jaipur,2025-10-22,Laptop,3.0,55000,165000
C0158,Male,26,Pune,2025-07-25,Monitor,3.0,15000,45000
C0808,Female,46,Kolkata,2025-12-06,Monitor,1.0,15000,15000
C0387,Female,26,Mumbai,2025-12-24,Laptop,4.0,55000,220000
C0449,Female,52,Kolkata,2025-08-03,Mouse,2.0,800,1600
C0192,Female,38,Kolkata,2025-09-05,Mouse,3.0,800,2400
C0937,Male,22,Bangalore,2024-10-29,Monitor,4.0,15000,60000
C0840,Female,52,Mumbai,2025-10-15,Mouse,1.0,800,800
C0519,Female,29,Jaipur,2025-09-27,Printer,3.0,12000,36000
C0245,Female,22,Kolkata,2024-07-13,Printer,4.0,12000,48000
C0537,Female,53,Delhi,2024-11-26,Printer,3.0,12000,36000
C0420,Female,25,Jaipur,2024-02-14,Printer,1.0,12000,12000
C0856,Male,29,Jaipur,2025-05-12,Monitor,1.0,15000,15000
C0197,Male,20,Bangalore,2025-06-22,Mouse,4.0,800,3200
C0639,Female,21,Mumbai,2024-03-13,Monitor,5.0,15000,75000
C0014,Male,59,Pune,2025-10-16,Laptop,4.0,55000,220000
C0063,Female,53,Kolkata,2025-12-26,Mouse,3.0,800,2400
C0060,Female,51,Jaipur,2024-03-20,Laptop,3.0,55000,165000
C0968,Male,51,Jaipur,2025-06-28,Laptop,2.0,55000,110000
C0395,Male,30,Bangalore,2025-10-02,Monitor,5.0,15000,75000
C0971,Male,53,Kolkata,2024-04-18,Printer,4.0,12000,48000
C0785,Female,47,Kolkata,2024-06-19,Mouse,1.0,800,800
C0812,Male,53,Pune,2025-11-04,Printer,3.0,12000,36000
C0162,Female,40,Mumbai,2025-01-15,Printer,3.0,12000,36000
C0423,Female,38,Bangalore,2025-07-12,Monitor,5.0,15000,75000
C0220,Female,53,Kolkata,2025-04-08,Keyboard,3.0,1500,4500
C0459,Female,18,Kolkata,2025-09-02,Laptop,3.0,55000,165000
C0017,Male,37,Jaipur,2024-08-07,Keyboard,2.0,1500,3000
C0877,Female,19,Kolkata,2025-06-07,Keyboard,5.0,1500,7500
C0570,Male,24,Jaipur,2024-06-08,Mouse,3.0,800,2400
C0142,Female,41,Bangalore,2024-09-19,Monitor,2.0,15000,30000
C0831,Female,23,Bangalore,2024-08-10,Mouse,5.0,800,4000
C0752,Male,38,Pune,2025-12-07,Monitor,4.0,15000,60000
C0720,Male,56,Kolkata,2025-08-13,Keyboard,1.0,1500,1500
C0391,Male,21,Mumbai,2025-03-02,Keyboard,4.0,1500,6000
C0953,Male,32,Kolkata,2025-10-11,Printer,1.0,12000,12000
C0797,Female,21,Mumbai,2024-11-22,Printer,1.0,12000,12000
C0553,Male,38,Bangalore,2024-02-21,Monitor,2.0,15000,30000
C0690,Female,46,Bangalore,2024-04-02,Printer,5.0,12000,60000
C0228,Female,36,Pune,2024-12-10,Monitor,2.0,15000,30000
C0085,Female,54,Kolkata,2025-02-12,Laptop,5.0,55000,275000
C0269,Male,43,Bangalore,2024-05-18,Mouse,2.0,800,1600
C0493,Male,49,Pune,2025-07-28,Printer,2.0,12000,24000
C0631,Male,33,Jaipur,2024-11-27,Keyboard,4.0,1500,6000
C0702,Male,25,Kolkata,2025-01-09,Mouse,4.0,800,3200
C0357,Male,38,Mumbai,2024-11-08,Printer,1.0,12000,12000
C0174,Female,57,Pune,2025-03-27,Printer,2.0,12000,24000
C0046,Male,30,Kolkata,2024-03-28,Keyboard,2.0,1500,3000
C0116,Male,33,Bangalore,2024-01-15,Monitor,3.0,15000,45000
C0352,Male,37,Pune,2024-12-05,Mouse,1.0,800,800
C0215,Male,31,Bangalore,2025-07-15,Printer,3.0,12000,36000
C0495,Male,60,Jaipur,2025-11-10,Mouse,5.0,800,4000
C0540,Male,34,Delhi,2024-07-24,Laptop,3.0,55000,165000
C0809,Female,21,Pune,2025-02-01,Laptop,1.0,55000,55000
C0677,Female,60,Kolkata,2024-01-20,Keyboard,1.0,1500,1500
C0300,Female,32,Pune,2024-11-19,Printer,1.0,12000,12000
C0497,Male,29,Delhi,2025-07-28,Printer,4.0,12000,48000
C0949,Male,20,Delhi,2024-12-07,Printer,3.0,12000,36000
C0502,Female,28,Jaipur,2024-12-29,Keyboard,3.0,1500,4500
C0641,Female,33,Bangalore,2025-10-02,Keyboard,1.0,1500,1500
C0264,Female,19,Bangalore,2024-06-04,Keyboard,2.0,1500,3000
C0350,Female,60,Delhi,2025-06-17,Laptop,4.0,55000,220000
C0984,Male,44,Delhi,2025-03-12,Printer,2.0,12000,24000
C0994,Female,56,Mumbai,2024-05-14,Mouse,5.0,800,4000
C0212,Male,55,Bangalore,2024-11-12,Monitor,2.0,15000,30000
C0706,Male,45,Delhi,2024-11-21,Printer,2.0,12000,24000
C0070,Male,29,Mumbai,2024-11-22,Monitor,1.0,15000,15000
C0902,Female,44,Mumbai,2024-06-04,Mouse,3.0,800,2400
C0798,Male,24,Delhi,2025-09-18,Monitor,1.0,15000,15000
C0632,Female,56,Bangalore,2025-09-02,Printer,2.0,12000,24000
C0238,Male,19,Mumbai,2024-05-17,Laptop,4.0,55000,220000
C0515,Female,59,Mumbai,2025-05-18,Monitor,4.0,15000,60000
C0486,Male,28,Delhi,2025-02-22,Monitor,1.0,15000,15000
C0783,Male,35,Pune,2024-07-28,Monitor,2.0,15000,30000
C0068,Male,46,Bangalore,2025-04-13,Mouse,3.0,800,2400
C0909,Male,45,Pune,2025-01-24,Laptop,5.0,55000,275000
C0738,Female,43,Bangalore,2025-07-03,Printer,5.0,12000,60000
C0538,Male,51,Jaipur,2024-02-13,Mouse,4.0,800,3200
C0899,Male,51,Bangalore,2025-07-25,Mouse,1.0,800,800
C0397,Male,30,Mumbai,2024-11-07,Mouse,4.0,800,3200
C0793,Female,47,Delhi,2025-09-19,Mouse,3.0,800,2400
C0942,Male,51,Delhi,2024-04-02,Mouse,4.0,800,3200
C0740,Male,29,Bangalore,2025-02-06,Printer,2.0,12000,24000
C0424,Female,46,Jaipur,2025-08-27,Monitor,4.0,15000,60000
C0919,Male,47,Jaipur,2025-12-09,Keyboard,3.0,1500,4500
C0665,Male,25,Jaipur,2025-10-11,Laptop,4.0,55000,220000
C0372,Male,51,Kolkata,2025-09-18,Mouse,5.0,800,4000
C0973,Male,42,Bangalore,2024-06-23,Mouse,1.0,800,800
C0935,Female,54,Kolkata,2024-05-28,Monitor,2.0,15000,30000
C0184,Male,44,Mumbai,2024-10-22,Keyboard,4.0,1500,6000
C0642,Male,25,Delhi,2025-09-29,Monitor,1.0,15000,15000
C0784,Female,18,Pune,2025-07-10,Mouse,4.0,800,3200
C0827,Male,56,Pune,2025-08-25,Monitor,2.0,15000,30000
C0676,Female,47,Pune,2025-09-07,Mouse,1.0,800,800
C0615,Male,33,Bangalore,2025-10-05,Keyboard,5.0,1500,7500
C0571,Male,21,Delhi,2025-10-30,Monitor,1.0,15000,15000
C0358,Male,27,Jaipur,2024-11-01,Printer,5.0,12000,60000
C0340,Male,21,Jaipur,2024-06-14,Mouse,2.0,800,1600
C0689,Female,57,Kolkata,2025-07-29,Printer,5.0,12000,60000
C0182,Female,55,Mumbai,2024-11-02,Laptop,1.0,55000,55000
C0331,Female,42,Jaipur,2024-03-07,Mouse,5.0,800,4000
C0300,Female,26,Jaipur,2025-06-23,Keyboard,3.0,1500,4500
C0424,Male,31,Bangalore,2025-08-08,Laptop,1.0,55000,55000
C0748,Male,48,Kolkata,2025-03-13,Printer,3.0,12000,36000
C0624,Female,34,Bangalore,2024-12-28,Printer,5.0,12000,60000
C0950,Male,57,Bangalore,2025-10-09,Mouse,5.0,800,4000
C0510,Female,29,Bangalore,2024-07-17,Monitor,3.0,15000,45000
C0002,Male,19,Pune,2025-09-22,Laptop,2.0,55000,110000
C0425,Female,20,Mumbai,2025-10-14,Keyboard,5.0,1500,7500
C0218,Male,58,Delhi,2024-03-10,Keyboard,3.0,1500,4500
C0316,Female,50,Bangalore,2024-04-26,Keyboard,1.0,1500,1500
C0703,Female,39,Pune,2024-01-30,Printer,5.0,12000,60000
C0853,Male,30,Mumbai,2025-04-30,Keyboard,4.0,1500,6000
C0817,Male,59,Delhi,2025-10-04,Mouse,2.0,800,1600
C0472,Female,47,Pune,2024-11-02,Laptop,5.0,55000,275000
C0579,Female,53,Bangalore,2025-08-14,Laptop,2.0,55000,110000
C0702,Female,40,Jaipur,2024-02-01,Monitor,3.0,15000,45000
C0348,Female,58,Bangalore,2025-09-12,Monitor,5.0,15000,75000
C0399,Male,56,Jaipur,2025-12-27,Keyboard,3.0,1500,4500
C0033,Female,44,Jaipur,2025-01-15,Mouse,2.0,800,1600
C0463,Female,31,Bangalore,2024-04-24,Keyboard,2.0,1500,3000
C0384,Male,30,Jaipur,2024-01-26,Mouse,5.0,800,4000
C0819,Female,50,Delhi,2025-05-10,Monitor,3.0,15000,45000
C0751,Female,38,Delhi,2025-11-23,Laptop,5.0,55000,275000
C0136,Male,20,Pune,2024-04-28,Mouse,5.0,800,4000
C0005,Female,20,Kolkata,2024-12-07,Printer,1.0,12000,12000
C0479,Male,24,Bangalore,2025-08-14,Keyboard,1.0,1500,1500
C0777,Female,58,Delhi,2024-07-16,Keyboard,2.0,1500,3000
C0294,Female,52,Mumbai,2024-10-06,Mouse,1.0,800,800
C0153,Male,35,Jaipur,2025-07-27,Laptop,5.0,55000,275000
C0527,Male,31,Bangalore,2024-11-22,Keyboard,5.0,1500,7500
C0278,Male,36,Bangalore,2024-03-13,Monitor,2.0,15000,30000
C0319,Female,52,Pune,2024-01-30,Laptop,2.0,55000,110000
C0483,Male,24,Pune,2025-03-12,Laptop,1.0,55000,55000
C0402,Male,56,Bangalore,2024-12-30,Mouse,5.0,800,4000
C0320,Female,30,Kolkata,2025-04-21,Printer,1.0,12000,12000
C0582,Male,23,Kolkata,2025-04-11,Mouse,1.0,800,800
C0318,Female,48,Delhi,2025-09-23,Monitor,2.0,15000,30000
C0265,Female,43,Delhi,2025-04-09,Keyboard,3.0,1500,4500
C0500,Male,22,Pune,2025-05-05,Laptop,3.0,55000,165000
C0473,Male,36,Mumbai,2024-05-10,Printer,5.0,12000,60000
C0521,Male,43,Kolkata,2025-07-23,Laptop,3.0,55000,165000
C0666,Male,37,Bangalore,2025-08-27,Mouse,4.0,800,3200
C0424,Male,57,Delhi,2025-05-08,Printer,2.0,12000,24000
C0394,Male,39,Delhi,2025-03-21,Printer,4.0,12000,48000
C0581,Female,52,Kolkata,2025-11-09,Monitor,2.0,15000,30000
C0686,Male,54,Pune,2025-09-02,Laptop,5.0,55000,275000
C0475,Female,53,Jaipur,2024-11-11,Mouse,2.0,800,1600
C0979,Female,22,Bangalore,2025-01-23,Laptop,5.0,55000,275000
C0336,Female,59,Kolkata,2024-08-10,Laptop,1.0,55000,55000
C0837,Male,55,Kolkata,2025-11-07,Laptop,2.0,55000,110000
C0153,Female,52,Mumbai,2025-08-14,Mouse,5.0,800,4000
C0458,Male,31,Kolkata,2025-08-06,Keyboard,3.0,1500,4500
C0814,Female,45,Kolkata,2025-08-19,Keyboard,1.0,1500,1500
C0009,Female,26,Mumbai,2025-07-16,Laptop,3.0,55000,165000
C0992,Male,18,Kolkata,2024-04-22,Printer,3.0,12000,36000
C0882,Female,19,Delhi,2025-02-07,Mouse,5.0,800,4000
C0641,Female,42,Pune,2025-07-12,Mouse,4.0,800,3200
C0217,Male,48,Delhi,2025-01-28,Monitor,5.0,15000,75000
C0864,Female,44,Delhi,2024-05-17,Keyboard,2.0,1500,3000
C0012,Male,59,Jaipur,2025-11-04,Monitor,4.0,15000,60000
C0448,Male,23,Delhi,2025-12-13,Mouse,4.0,800,3200
C0619,Female,57,Delhi,2025-03-10,Mouse,5.0,800,4000
C0566,Female,42,Mumbai,2025-03-10,Monitor,2.0,15000,30000
C0620,Male,54,Pune,2024-10-02,Monitor,5.0,15000,75000
C0421,Female,20,Jaipur,2025-12-22,Printer,4.0,12000,48000
C0378,Male,55,Pune,2025-06-23,Laptop,2.0,55000,110000
C0880,Female,47,Bangalore,2025-09-16,Laptop,5.0,55000,275000
C0091,Male,48,Kolkata,2025-08-16,Laptop,5.0,55000,275000
C0320,Male,39,Bangalore,2025-04-09,Laptop,4.0,55000,220000
C0525,Female,54,Kolkata,2024-12-27,Keyboard,4.0,1500,6000
C0984,Female,36,Delhi,2024-11-07,Laptop,5.0,55000,275000
C0745,Female,21,Kolkata,2024-06-22,Mouse,5.0,800,4000
C0587,Male,60,Mumbai,2024-10-20,Printer,1.0,12000,12000
C0497,Male,26,Bangalore,2024-09-15,Laptop,3.0,55000,165000
C0136,Female,35,Mumbai,2025-09-10,Laptop,1.0,55000,55000
C0179,Male,60,Pune,2024-09-24,Keyboard,2.0,1500,3000
C0802,Male,49,Delhi,2024-12-17,Printer,1.0,12000,12000
C0087,Male,56,Delhi,2025-01-27,Mouse,4.0,800,3200
C0244,Female,58,Delhi,2024-12-19,Monitor,5.0,15000,75000
C0056,Female,25,Jaipur,2025-02-12,Monitor,4.0,15000,60000
C0488,Female,48,Kolkata,2025-01-23,Printer,2.0,12000,24000
C0700,Female,48,Mumbai,2025-03-21,Monitor,5.0,15000,75000
C0013,Female,46,Pune,2025-11-30,Keyboard,5.0,1500,7500
C0979,Male,24,Bangalore,2025-09-17,Keyboard,4.0,1500,6000
C0941,Female,39,Mumbai,2024-09-18,Keyboard,1.0,1500,1500
C0671,Female,47,Kolkata,2024-07-18,Monitor,5.0,15000,75000
C0533,Female,29,Mumbai,2025-11-19,Printer,1.0,12000,12000
C0009,Male,18,Pune,2024-04-16,Laptop,5.0,55000,275000
C0702,Female,40,Delhi,2024-07-16,Keyboard,3.0,1500,4500
C0035,Male,57,Jaipur,2025-11-03,Laptop,5.0,55000,275000
C0916,Male,56,Kolkata,2024-03-29,Laptop,1.0,55000,55000
C0877,Male,42,Kolkata,2024-04-23,Printer,2.0,12000,24000
C0713,Male,34,Mumbai,2025-10-16,Mouse,1.0,800,800
C0465,Female,45,Kolkata,2024-06-14,Keyboard,3.0,1500,4500
C0800,Male,35,Jaipur,2024-12-06,Mouse,4.0,800,3200
C0062,Female,34,Delhi,2025-05-18,Mouse,1.0,800,800
C0951,Male,57,Pune,2024-04-21,Monitor,4.0,15000,60000
C0148,Female,31,Bangalore,2024-09-22,Laptop,4.0,55000,220000
C0106,Male,22,Jaipur,2025-04-01,Printer,3.0,12000,36000
C0020,Female,27,Kolkata,2025-11-11,Laptop,1.0,55000,55000
C0400,Female,27,Kolkata,2025-08-11,Keyboard,4.0,1500,6000
C0004,Female,48,Pune,2025-07-07,Mouse,1.0,800,800
C0232,Male,42,Kolkata,2025-08-03,Mouse,1.0,800,800
C0549,Female,39,Kolkata,2024-02-26,Keyboard,4.0,1500,6000
C0648,Male,41,Bangalore,2025-04-15,Keyboard,1.0,1500,1500
C0779,Female,59,Delhi,2024-02-10,Monitor,5.0,15000,75000
C0991,Female,60,Delhi,2024-04-19,Keyboard,4.0,1500,6000
C0646,Female,49,Jaipur,2024-05-23,Mouse,2.0,800,1600
C0037,Male,19,Kolkata,2025-05-15,Printer,2.0,12000,24000
C0399,Male,52,Kolkata,2025-06-30,Keyboard,4.0,1500,6000
C0989,Female,19,Jaipur,2024-12-11,Keyboard,1.0,1500,1500
C0807,Male,43,Jaipur,2025-04-14,Monitor,5.0,15000,75000
C0963,Male,55,Delhi,2024-05-24,Laptop,1.0,55000,55000
C0501,Male,48,Bangalore,2025-12-19,Laptop,2.0,55000,110000
C0665,Male,18,Delhi,2024-04-09,Laptop,3.0,55000,165000
C0468,Male,55,Jaipur,2025-05-24,Laptop,1.0,55000,55000
C0610,Male,22,Delhi,2025-11-25,Mouse,3.0,800,2400
C0412,Female,25,Kolkata,2024-05-20,Printer,5.0,12000,60000
C0330,Male,20,Bangalore,2024-03-05,Monitor,3.0,15000,45000
C0124,Female,27,Pune,2025-07-20,Monitor,3.0,15000,45000
C0169,Female,33,Bangalore,2024-04-12,Laptop,2.0,55000,110000
C0811,Female,28,Jaipur,2024-01-07,Mouse,1.0,800,800
C0008,Male,23,Kolkata,2025-03-02,Printer,3.0,12000,36000
C0711,Female,26,Delhi,2025-06-19,Monitor,3.0,15000,45000
C0462,Female,33,Delhi,2025-09-02,Printer,1.0,12000,12000
C0185,Female,57,Jaipur,2025-03-04,Keyboard,3.0,1500,4500
C0005,Male,30,Jaipur,2025-09-25,Printer,1.0,12000,12000
C0371,Male,47,Kolkata,2024-02-24,Monitor,3.0,15000,45000
C0199,Male,27,Kolkata,2024-06-29,Mouse,4.0,800,3200
C0164,Male,21,Kolkata,2024-08-02,Keyboard,3.0,1500,4500
C0446,Female,39,Bangalore,2024-04-16,Mouse,1.0,800,800
C0759,Male,52,Delhi,2025-05-11,Monitor,1.0,15000,15000
C0528,Male,22,Delhi,2025-08-16,Mouse,5.0,800,4000
C0334,Female,30,Kolkata,2024-04-22,Keyboard,2.0,1500,3000
C0334,Male,24,Delhi,2025-01-19,Mouse,2.0,800,1600
C0913,Male,22,Pune,2024-02-25,Printer,4.0,12000,48000
C0912,Female,27,Delhi,2024-07-01,Printer,4.0,12000,48000
C0397,Female,26,Pune,2024-10-03,Monitor,3.0,15000,45000
C0208,Female,26,Jaipur,2024-10-14,Printer,1.0,12000,12000
C0140,Male,47,Pune,2024-12-17,Mouse,2.0,800,1600
C0226,Female,56,Delhi,2025-08-14,Printer,2.0,12000,24000
C0994,Male,23,Pune,2024-08-09,Printer,4.0,12000,48000
C0606,Female,47,Mumbai,2024-09-09,Laptop,4.0,55000,220000
C0254,Female,45,Bangalore,2024-06-01,Monitor,5.0,15000,75000
C0936,Male,44,Jaipur,2025-05-31,Laptop,4.0,55000,220000
C0035,Female,51,Pune,2025-04-08,Mouse,1.0,800,800
C0508,Male,23,Bangalore,2024-08-11,Laptop,4.0,55000,220000
C0136,Female,36,Delhi,2025-05-06,Laptop,1.0,55000,55000
C0686,Female,28,Kolkata,2025-08-20,Mouse,5.0,800,4000
C0025,Female,47,Delhi,2025-01-14,Mouse,2.0,800,1600
C0642,Female,58,Jaipur,2025-12-08,Laptop,4.0,55000,220000
C0341,Male,36,Pune,2025-07-09,Keyboard,5.0,1500,7500
C0590,Male,23,Bangalore,2025-06-11,Keyboard,1.0,1500,1500
C0969,Female,21,Jaipur,2025-04-21,Mouse,3.0,800,2400
C0634,Male,41,Mumbai,2025-12-22,Monitor,5.0,15000,75000
C0069,Male,26,Mumbai,2024-04-26,Monitor,5.0,15000,75000
C0665,Female,55,Kolkata,2024-11-24,Monitor,2.0,15000,30000
C0362,Female,50,Kolkata,2024-02-25,Mouse,3.0,800,2400
C0065,Female,40,Pune,2025-06-23,Mouse,5.0,800,4000
C0850,Male,48,Kolkata,2024-10-26,Printer,5.0,12000,60000
C0463,Female,22,Delhi,2024-03-23,Mouse,1.0,800,800
C0401,Male,36,Jaipur,2024-10-09,Laptop,2.0,55000,110000
C0115,Male,49,Delhi,2025-10-04,Monitor,5.0,15000,75000
C0024,Female,44,Kolkata,2025-04-30,Printer,2.0,12000,24000
C0356,Female,46,Kolkata,2024-07-12,Laptop,3.0,55000,165000
C0065,Male,32,Bangalore,2025-08-15,Keyboard,4.0,1500,6000
C0352,Female,49,Bangalore,2025-03-31,Printer,5.0,12000,60000
C0469,Female,54,Delhi,2024-09-23,Keyboard,2.0,1500,3000
C0233,Female,41,Mumbai,2024-12-27,Laptop,2.0,55000,110000
C0292,Female,28,Bangalore,2024-10-19,Monitor,5.0,15000,75000
C0187,Male,60,Delhi,2024-04-29,Monitor,2.0,15000,30000
C0043,Female,54,Delhi,2025-01-13,Mouse,3.0,800,2400
C0189,Male,53,Kolkata,2024-12-18,Laptop,3.0,55000,165000
C0152,Female,46,Bangalore,2024-11-04,Monitor,5.0,15000,75000
C0125,Male,43,Pune,2024-11-23,Monitor,4.0,15000,60000
C0160,Male,52,Bangalore,2025-04-30,Keyboard,3.0,1500,4500
C0918,Female,54,Kolkata,2025-03-28,Monitor,5.0,15000,75000
C0347,Male,48,Jaipur,2024-04-29,Monitor,5.0,15000,75000
C0316,Male,43,Bangalore,2024-12-31,Monitor,4.0,15000,60000
C0095,Female,21,Bangalore,2025-06-23,Monitor,5.0,15000,75000
C0228,Female,30,Jaipur,2025-04-01,Laptop,5.0,55000,275000
C0694,Male,50,Pune,2024-11-21,Monitor,4.0,15000,60000
C0618,Male,60,Mumbai,2025-03-13,Mouse,2.0,800,1600
C0379,Female,41,Jaipur,2024-12-25,Keyboard,3.0,1500,4500
C0316,Female,53,Jaipur,2025-03-01,Monitor,4.0,15000,60000
C0823,Female,36,Delhi,2024-05-22,Mouse,4.0,800,3200
C0856,Male,27,Delhi,2025-06-21,Keyboard,4.0,1500,6000
C0344,Male,55,Pune,2025-02-23,Laptop,1.0,55000,55000
C0655,Female,44,Delhi,2025-12-28,Printer,4.0,12000,48000
C0582,Male,30,Delhi,2025-07-21,Mouse,3.0,800,2400
C0503,Male,37,Bangalore,2025-07-26,Keyboard,4.0,1500,6000
C0758,Female,32,Jaipur,2024-09-25,Laptop,2.0,55000,110000
C0308,Female,25,Kolkata,2024-07-02,Keyboard,4.0,1500,6000
C0504,Male,19,Jaipur,2024-03-09,Keyboard,4.0,1500,6000
C0614,Female,55,Pune,2024-09-21,Printer,4.0,12000,48000
C0644,Female,25,Mumbai,2024-01-18,Printer,5.0,12000,60000
C0866,Female,28,Bangalore,2024-11-23,Laptop,2.0,55000,110000
C0473,Male,40,Delhi,2025-01-04,Laptop,3.0,55000,165000
C0430,Female,21,Mumbai,2025-10-16,Keyboard,5.0,1500,7500
C0959,Male,50,Delhi,2025-09-05,Monitor,1.0,15000,15000
C0771,Male,52,Mumbai,2024-10-04,Keyboard,3.0,1500,4500
C0702,Female,24,Bangalore,2024-05-27,Printer,3.0,12000,36000
C0014,Male,51,Mumbai,2025-02-25,Keyboard,4.0,1500,6000
C0349,Male,24,Delhi,2024-08-14,Monitor,5.0,15000,75000
C0852,Male,53,Bangalore,2025-12-30,Printer,5.0,12000,60000
C0565,Male,44,Pune,2024-05-14,Laptop,1.0,55000,55000
C0946,Male,48,Mumbai,2024-05-22,Keyboard,3.0,1500,4500
C0837,Female,56,Bangalore,2025-12-27,Keyboard,2.0,1500,3000
C0312,Male,25,Delhi,2025-12-05,Monitor,2.0,15000,30000
C0233,Female,26,Delhi,2025-03-11,Monitor,1.0,15000,15000
C0708,Male,22,Jaipur,2024-02-13,Mouse,4.0,800,3200
C0202,Male,20,Kolkata,2024-03-01,Printer,5.0,12000,60000
C0481,Male,34,Jaipur,2025-11-14,Laptop,3.0,55000,165000
C0011,Male,25,Bangalore,2024-07-23,Monitor,5.0,15000,75000
C0190,Female,19,Jaipur,2025-08-16,Monitor,3.0,15000,45000
C0357,Female,28,Bangalore,2025-06-01,Printer,2.0,12000,24000
C0584,Male,24,Bangalore,2024-08-10,Laptop,5.0,55000,275000
C0733,Male,36,Delhi,2024-04-11,Printer,1.0,12000,12000
C0947,Male,50,Kolkata,2025-12-15,Mouse,3.0,800,2400
C0604,Male,46,Kolkata,2024-12-29,Laptop,2.0,55000,110000
C0389,Female,31,Bangalore,2024-04-25,Monitor,4.0,15000,60000
C0780,Female,25,Pune,2024-05-19,Laptop,5.0,55000,275000
C0508,Female,36,Bangalore,2024-12-01,Laptop,1.0,55000,55000
C0506,Male,42,Mumbai,2024-11-15,Mouse,5.0,800,4000
C0704,Female,32,Bangalore,2025-03-14,Mouse,3.0,800,2400
C0194,Male,48,Kolkata,2024-01-14,Keyboard,2.0,1500,3000
C0691,Female,24,Pune,2025-11-05,Mouse,5.0,800,4000
C0693,Male,25,Delhi,2025-12-12,Mouse,4.0,800,3200
C0605,Male,28,Jaipur,2024-12-12,Keyboard,2.0,1500,3000
C0206,Female,25,Delhi,2024-10-12,Mouse,4.0,800,3200
C0784,Female,59,Pune,2025-11-13,Keyboard,4.0,1500,6000
C0618,Female,49,Bangalore,2025-04-10,Keyboard,2.0,1500,3000
C0111,Male,34,Pune,2025-10-05,Mouse,2.0,800,1600
C0966,Male,19,Jaipur,2025-05-25,Laptop,1.0,55000,55000
C0695,Male,29,Pune,2024-06-05,Printer,3.0,12000,36000
C0311,Male,22,Kolkata,2025-04-22,Printer,4.0,12000,48000
C0207,Female,60,Pune,2024-09-24,Mouse,5.0,800,4000
C0556,Female,52,Bangalore,2025-03-16,Laptop,1.0,55000,55000
C0902,Male,42,Pune,2025-03-29,Keyboard,4.0,1500,6000
C0471,Male,20,Delhi,2025-12-24,Printer,3.0,12000,36000
C0169,Female,45,Delhi,2025-05-14,Keyboard,4.0,1500,6000
C0783,Male,54,Kolkata,2025-12-02,Mouse,5.0,800,4000
C0553,Female,48,Bangalore,2024-02-27,Monitor,5.0,15000,75000
C0401,Female,49,Bangalore,2025-11-23,Mouse,5.0,800,4000
C0362,Female,38,Jaipur,2024-02-16,Laptop,5.0,55000,275000
C0132,Female,40,Kolkata,2025-10-02,Printer,1.0,12000,12000
C0350,Female,24,Pune,2025-02-25,Keyboard,3.0,1500,4500
C0360,Male,60,Delhi,2025-10-25,Monitor,2.0,15000,30000
C0320,Male,22,Mumbai,2024-06-22,Laptop,3.0,55000,165000
C0021,Female,20,Pune,2025-06-11,Mouse,5.0,800,4000
C0924,Female,35,Jaipur,2024-01-23,Mouse,5.0,800,4000
C0325,Female,54,Pune,2024-04-10,Keyboard,5.0,1500,7500
C0828,Female,24,Kolkata,2025-05-23,Monitor,3.0,15000,45000
C0515,Female,28,Bangalore,2025-03-22,Keyboard,3.0,1500,4500
C0207,Female,58,Jaipur,2024-10-21,Printer,2.0,12000,24000
C0272,Male,37,Bangalore,2025-10-01,Mouse,2.0,800,1600
C0761,Male,55,Jaipur,2024-10-06,Printer,3.0,12000,36000
C0069,Female,45,Delhi,2025-10-29,Keyboard,1.0,1500,1500
C0844,Female,50,Mumbai,2024-11-16,Mouse,5.0,800,4000
C0205,Female,43,Mumbai,2025-04-09,Printer,5.0,12000,60000
C0688,Male,19,Kolkata,2025-08-13,Printer,2.0,12000,24000
C0512,Male,60,Kolkata,2025-10-15,Mouse,3.0,800,2400
C0546,Female,54,Kolkata,2024-07-24,Laptop,5.0,55000,275000
C0374,Female,27,Delhi,2025-03-21,Monitor,3.0,15000,45000
C0421,Female,22,Kolkata,2024-09-30,Monitor,4.0,15000,60000
C0844,Female,59,Delhi,2024-08-29,Keyboard,5.0,1500,7500
C0416,Male,25,Delhi,2024-09-08,Monitor,1.0,15000,15000
C0817,Female,47,Pune,2025-03-08,Printer,4.0,12000,48000
C0663,Male,30,Delhi,2024-01-30,Keyboard,2.0,1500,3000
C0265,Female,60,Bangalore,2025-05-12,Monitor,1.0,15000,15000
C0802,Male,21,Jaipur,2024-11-01,Keyboard,5.0,1500,7500
C0888,Male,44,Mumbai,2024-05-23,Laptop,4.0,55000,220000
C0242,Male,54,Kolkata,2025-06-18,Printer,1.0,12000,12000
C0681,Female,49,Jaipur,2024-05-05,Monitor,5.0,15000,75000
C0792,Female,39,Bangalore,2025-03-09,Mouse,2.0,800,1600
C0224,Male,24,Delhi,2025-03-26,Monitor,3.0,15000,45000
C0419,Female,55,Jaipur,2025-01-18,Mouse,5.0,800,4000
C0717,Male,38,Bangalore,2025-11-30,Mouse,4.0,800,3200
C0253,Female,27,Mumbai,2024-11-11,Mouse,3.0,800,2400
C0022,Male,60,Jaipur,2025-07-19,Monitor,3.0,15000,45000
C0394,Female,58,Kolkata,2025-07-01,Keyboard,1.0,1500,1500
C0888,Male,46,Pune,2024-09-18,Laptop,4.0,55000,220000
C0309,Male,33,Mumbai,2025-03-25,Monitor,2.0,15000,30000
C0647,Female,59,Pune,2024-03-23,Laptop,3.0,55000,165000
C0843,Female,48,Kolkata,2025-03-08,Mouse,3.0,800,2400
C0898,Male,28,Kolkata,2024-03-08,Keyboard,5.0,1500,7500
C0361,Female,56,Kolkata,2025-04-09,Printer,3.0,12000,36000
C0712,Male,21,Kolkata,2025-10-18,Monitor,4.0,15000,60000
C0140,Male,43,Delhi,2025-08-12,Keyboard,3.0,1500,4500
C0085,Male,28,Delhi,2025-08-31,Printer,2.0,12000,24000
C0703,Female,38,Pune,2024-09-23,Mouse,2.0,800,1600
C0178,Female,36,Delhi,2025-01-11,Laptop,4.0,55000,220000
C0187,Female,42,Bangalore,2024-01-24,Monitor,1.0,15000,15000
C0946,Male,23,Pune,2025-12-19,Monitor,3.0,15000,45000
C0873,Male,21,Pune,2025-09-06,Printer,4.0,12000,48000
C0267,Male,23,Mumbai,2024-04-30,Monitor,5.0,15000,75000
C0015,Female,47,Kolkata,2024-08-17,Mouse,1.0,800,800
C0731,Male,30,Mumbai,2025-01-26,Keyboard,4.0,1500,6000
C0134,Female,31,Bangalore,2025-11-24,Monitor,3.0,15000,45000
C0194,Female,29,Pune,2024-10-24,Monitor,1.0,15000,15000
C1000,Female,33,Bangalore,2025-01-13,Mouse,2.0,800,1600
C0597,Female,23,Jaipur,2024-11-27,Mouse,2.0,800,1600
C0998,Female,31,Kolkata,2025-09-03,Mouse,4.0,800,3200
C0263,Male,24,Bangalore,2024-12-06,Laptop,1.0,55000,55000
C0954,Male,48,Mumbai,2025-12-27,Printer,5.0,12000,60000
C0767,Male,18,Mumbai,2025-01-25,Printer,5.0,12000,60000
C0310,Female,60,Mumbai,2024-02-12,Monitor,5.0,15000,75000
C0595,Male,34,Delhi,2024-12-13,Printer,4.0,12000,48000
C0899,Female,26,Jaipur,2025-03-19,Keyboard,5.0,1500,7500
C0146,Female,25,Mumbai,2025-05-26,Laptop,2.0,55000,110000
C0893,Female,41,Pune,2025-09-19,Keyboard,3.0,1500,4500
C0850,Female,51,Mumbai,2024-11-19,Mouse,2.0,800,1600
C0755,Female,27,Bangalore,2024-07-12,Mouse,1.0,800,800
C0153,Male,32,Delhi,2024-09-23,Laptop,4.0,55000,220000
C0168,Female,45,Jaipur,2025-03-28,Mouse,1.0,800,800
C0366,Female,47,Pune,2024-05-06,Laptop,2.0,55000,110000
C0358,Male,31,Mumbai,2025-06-04,Monitor,2.0,15000,30000
C0843,Female,54,Kolkata,2025-08-20,Printer,2.0,12000,24000
C0995,Male,51,Bangalore,2024-03-19,Monitor,4.0,15000,60000
C0253,Female,24,Mumbai,2025-11-28,Laptop,3.0,55000,165000
C0697,Male,43,Mumbai,2024-11-27,Printer,1.0,12000,12000
C0158,Male,23,Pune,2025-10-05,Mouse,4.0,800,3200
C0979,Female,56,Kolkata,2024-02-14,Laptop,3.0,55000,165000
C0672,Female,38,Kolkata,2024-08-04,Printer,2.0,12000,24000
C0884,Male,59,Mumbai,2024-03-13,Keyboard,1.0,1500,1500
C0561,Female,23,Pune,2024-09-02,Keyboard,2.0,1500,3000
C0989,Female,23,Jaipur,2025-02-01,Monitor,2.0,15000,30000
C0799,Female,36,Kolkata,2024-11-01,Monitor,1.0,15000,15000
C0503,Female,37,Kolkata,2025-01-02,Printer,2.0,12000,24000
C0682,Male,41,Bangalore,2025-04-01,Monitor,4.0,15000,60000
C0907,Female,48,Mumbai,2025-03-09,Printer,5.0,12000,60000
C0093,Female,41,Bangalore,2025-10-07,Monitor,4.0,15000,60000
C0437,Male,20,Bangalore,2025-11-23,Keyboard,4.0,1500,6000
C0230,Male,49,Bangalore,2024-10-24,Printer,1.0,12000,12000
C0480,Female,23,Pune,2024-05-10,Keyboard,2.0,1500,3000
C0701,Female,33,Bangalore,2025-08-05,Mouse,3.0,800,2400
C0049,Male,20,Bangalore,2025-03-11,Laptop,5.0,55000,275000
C0423,Male,47,Kolkata,2024-12-29,Printer,3.0,12000,36000
C0261,Male,50,Jaipur,2024-07-02,Laptop,4.0,55000,220000
C0806,Male,43,Jaipur,2025-12-22,Laptop,4.0,55000,220000
C0305,Female,55,Kolkata,2025-09-30,Mouse,4.0,800,3200
C0828,Female,39,Delhi,2024-03-21,Monitor,2.0,15000,30000
C0765,Female,24,Pune,2024-01-06,Printer,1.0,12000,12000
C0405,Male,18,Delhi,2025-12-09,Mouse,4.0,800,3200
C0415,Female,37,Bangalore,2025-12-08,Printer,3.0,12000,36000
C0690,Female,37,Jaipur,2024-01-15,Monitor,2.0,15000,30000
C0196,Male,19,Kolkata,2024-08-02,Monitor,1.0,15000,15000
C0493,Male,59,Delhi,2024-07-14,Mouse,5.0,800,4000
C0089,Female,47,Delhi,2024-01-23,Mouse,4.0,800,3200
C0120,Male,27,Kolkata,2025-04-27,Mouse,4.0,800,3200
C0021,Female,55,Delhi,2025-08-06,Monitor,3.0,15000,45000
C0850,Female,21,Mumbai,2025-10-07,Laptop,1.0,55000,55000
C0868,Female,44,Pune,2025-07-21,Printer,5.0,12000,60000
C0298,Male,49,Pune,2025-08-28,Mouse,5.0,800,4000
C0743,Female,32,Kolkata,2024-01-20,Laptop,5.0,55000,275000
C0433,Female,53,Jaipur,2025-04-29,Keyboard,4.0,1500,6000
C0120,Female,57,Kolkata,2025-12-15,Keyboard,4.0,1500,6000
C0447,Male,28,Mumbai,2024-12-18,Monitor,4.0,15000,60000
C0449,Male,50,Delhi,2025-09-08,Printer,3.0,12000,36000
C0874,Female,26,Mumbai,2025-11-20,Mouse,4.0,800,3200
C0669,Female,48,Delhi,2024-10-16,Printer,2.0,12000,24000
C0708,Male,60,Pune,2024-07-23,Monitor,2.0,15000,30000
C0161,Female,24,Pune,2024-08-28,Mouse,3.0,800,2400
C0215,Male,19,Mumbai,2025-11-24,Keyboard,3.0,1500,4500
C0163,Male,50,Jaipur,2025-03-16,Laptop,3.0,55000,165000
C0117,Male,25,Bangalore,2024-09-21,Monitor,4.0,15000,60000
C0349,Female,20,Bangalore,2025-12-07,Keyboard,2.0,1500,3000
C0895,Male,21,Pune,2024-04-18,Mouse,1.0,800,800
C0801,Male,53,Jaipur,2024-06-20,Printer,1.0,12000,12000
C0646,Male,31,Mumbai,2025-12-26,Monitor,3.0,15000,45000
C0453,Female,24,Delhi,2024-05-21,Keyboard,3.0,1500,4500
C0126,Male,46,Pune,2025-04-30,Laptop,2.0,55000,110000
C0350,Female,50,Delhi,2025-01-16,Laptop,3.0,55000,165000
C0733,Female,41,Kolkata,2025-06-26,Monitor,2.0,15000,30000
C0432,Male,26,Pune,2025-04-14,Mouse,4.0,800,3200
C0975,Female,19,Pune,2025-06-13,Monitor,1.0,15000,15000
C0967,Male,23,Mumbai,2024-06-17,Keyboard,4.0,1500,6000
C0445,Male,43,Jaipur,2024-02-29,Monitor,5.0,15000,75000
C0647,Female,44,Pune,2024-11-17,Printer,3.0,12000,36000
C0932,Female,18,Mumbai,2024-05-30,Printer,5.0,12000,60000
C0718,Female,46,Kolkata,2025-10-01,Monitor,5.0,15000,75000
C0808,Female,40,Kolkata,2024-11-04,Mouse,2.0,800,1600
C0087,Male,52,Mumbai,2025-06-16,Mouse,2.0,800,1600
C0554,Female,31,Jaipur,2024-11-15,Printer,5.0,12000,60000
C0534,Female,58,Delhi,2025-07-06,Laptop,1.0,55000,55000
C0607,Female,33,Mumbai,2024-04-23,Mouse,5.0,800,4000
C0750,Male,41,Mumbai,2024-05-06,Printer,3.0,12000,36000
C0049,Male,46,Mumbai,2025-04-09,Printer,1.0,12000,12000
C0348,Male,55,Bangalore,2024-08-27,Printer,5.0,12000,60000
C0359,Female,36,Kolkata,2025-01-21,Printer,2.0,12000,24000
C0533,Male,24,Mumbai,2024-07-16,Printer,5.0,12000,60000
C0843,Female,47,Jaipur,2025-02-25,Monitor,4.0,15000,60000
C0084,Male,21,Pune,2024-08-07,Monitor,4.0,15000,60000
C0457,Male,41,Kolkata,2025-08-25,Printer,4.0,12000,48000
C0573,Female,34,Bangalore,2025-03-26,Mouse,4.0,800,3200
C0706,Female,44,Delhi,2024-05-10,Monitor,5.0,15000,75000
C0497,Female,26,Kolkata,2024-04-30,Printer,5.0,12000,60000
C0712,Male,47,Pune,2025-07-26,Laptop,2.0,55000,110000
C0379,Male,56,Pune,2025-01-13,Laptop,1.0,55000,55000
C0586,Female,20,Bangalore,2025-01-15,Monitor,1.0,15000,15000
C0313,Female,37,Mumbai,2024-05-26,Mouse,1.0,800,800
C0146,Female,21,Mumbai,2024-07-06,Keyboard,2.0,1500,3000
C0839,Female,18,Jaipur,2024-03-10,Printer,3.0,12000,36000
C0892,Male,44,Pune,2025-08-02,Printer,3.0,12000,36000
C0464,Female,42,Pune,2024-05-21,Printer,2.0,12000,24000
C0517,Female,46,Kolkata,2024-11-29,Mouse,2.0,800,1600
C0092,Female,42,Delhi,2025-07-07,Mouse,3.0,800,2400
C0047,Female,35,Kolkata,2025-12-25,Laptop,2.0,55000,110000
C0026,Female,53,Kolkata,2024-03-28,Laptop,5.0,55000,275000
C0198,Male,54,Bangalore,2025-05-29,Monitor,4.0,15000,60000
C0919,Male,25,Kolkata,2024-01-20,Printer,2.0,12000,24000
C0282,Male,33,Kolkata,2024-03-27,Printer,4.0,12000,48000
C0827,Female,43,Bangalore,2024-01-24,Laptop,4.0,55000,220000
C0349,Female,29,Pune,2024-11-20,Laptop,5.0,55000,275000
C0392,Female,23,Jaipur,2024-06-21,Laptop,5.0,55000,275000
C0293,Male,29,Mumbai,2024-11-10,Laptop,2.0,55000,110000
C0976,Female,28,Jaipur,2024-07-04,Printer,3.0,12000,36000
C0028,Male,37,Pune,2024-05-25,Laptop,3.0,55000,165000
C0423,Female,34,Pune,2024-07-26,Laptop,1.0,55000,55000
C0246,Male,49,Bangalore,2024-04-27,Printer,4.0,12000,48000
C0276,Male,38,Pune,2024-03-08,Printer,4.0,12000,48000
C0496,Male,44,Kolkata,2024-10-02,Monitor,1.0,15000,15000
C0568,Male,33,Bangalore,2025-08-04,Monitor,3.0,15000,45000
C0417,Female,23,Kolkata,2024-05-25,Printer,2.0,12000,24000
C0383,Male,33,Bangalore,2025-04-07,Mouse,5.0,800,4000
C0043,Male,47,Bangalore,2024-01-01,Keyboard,2.0,1500,3000
C0062,Female,35,Bangalore,2024-12-25,Keyboard,4.0,1500,6000
C0863,Male,55,Bangalore,2024-06-14,Keyboard,1.0,1500,1500
C0757,Male,37,Jaipur,2024-05-23,Mouse,1.0,800,800
C0743,Female,45,Delhi,2024-11-21,Printer,5.0,12000,60000
C0906,Female,58,Mumbai,2024-09-08,Mouse,3.0,800,2400
C0679,Female,39,Delhi,2024-12-02,Mouse,5.0,800,4000
C0017,Male,59,Jaipur,2024-01-05,Printer,4.0,12000,48000
C0924,Male,29,Pune,2025-02-06,Printer,4.0,12000,48000
C0552,Male,59,Kolkata,2024-02-01,Laptop,5.0,55000,275000
C0914,Female,25,Mumbai,2025-01-01,Mouse,5.0,800,4000
C0397,Male,18,Jaipur,2024-07-16,Mouse,3.0,800,2400
C0456,Male,32,Kolkata,2025-11-27,Laptop,3.0,55000,165000
C0944,Female,30,Jaipur,2024-08-14,Printer,3.0,12000,36000
C0240,Female,41,Jaipur,2025-12-21,Keyboard,4.0,1500,6000
C0724,Male,18,Delhi,2024-10-11,Mouse,1.0,800,800
C0583,Female,28,Bangalore,2025-11-19,Monitor,5.0,15000,75000
C0699,Male,22,Bangalore,2024-05-10,Monitor,1.0,15000,15000
C0266,Male,51,Kolkata,2025-11-25,Keyboard,2.0,1500,3000
C0024,Female,53,Pune,2025-10-18,Laptop,4.0,55000,220000
C0690,Male,38,Pune,2024-05-04,Mouse,3.0,800,2400
C0697,Female,49,Mumbai,2024-08-17,Printer,1.0,12000,12000
C0049,Female,44,Bangalore,2024-01-06,Mouse,3.0,800,2400
C0402,Male,39,Jaipur,2024-08-19,Printer,1.0,12000,12000
C0707,Female,22,Delhi,2024-12-03,Monitor,2.0,15000,30000
C0319,Male,58,Kolkata,2025-05-06,Laptop,1.0,55000,55000
C0443,Male,55,Kolkata,2024-09-10,Keyboard,3.0,1500,4500
C0111,Female,33,Mumbai,2025-06-16,Laptop,3.0,55000,165000
C0814,Male,22,Bangalore,2024-04-07,Printer,4.0,12000,48000
C0641,Female,55,Jaipur,2024-02-04,Laptop,1.0,55000,55000
C0387,Female,22,Delhi,2024-02-26,Laptop,4.0,55000,220000
C0309,Female,22,Jaipur,2024-02-23,Laptop,5.0,55000,275000
C0302,Female,43,Jaipur,2024-08-26,Printer,4.0,12000,48000
C0886,Male,47,Pune,2025-09-27,Mouse,4.0,800,3200
C0635,Male,39,Kolkata,2025-06-13,Laptop,4.0,55000,220000
C0337,Male,24,Jaipur,2025-12-31,Laptop,5.0,55000,275000
C0070,Male,54,Delhi,2024-12-29,Printer,3.0,12000,36000
C0432,Female,57,Pune,2024-05-20,Monitor,2.0,15000,30000
C0817,Male,21,Delhi,2025-03-22,Keyboard,5.0,1500,7500
C0526,Female,37,Bangalore,2024-05-30,Printer,2.0,12000,24000
C0481,Female,56,Mumbai,2024-01-09,Keyboard,3.0,1500,4500
C0531,Male,21,Delhi,2024-02-25,Printer,5.0,12000,60000
C0433,Female,30,Delhi,2024-12-15,Monitor,1.0,15000,15000
C0194,Female,47,Bangalore,2025-08-02,Keyboard,5.0,1500,7500
C0987,Female,57,Mumbai,2024-06-15,Mouse,3.0,800,2400
C0108,Female,20,Pune,2025-10-16,Monitor,1.0,15000,15000
C0229,Male,47,Bangalore,2025-05-07,Monitor,2.0,15000,30000
C0753,Female,42,Delhi,2024-01-07,Mouse,2.0,800,1600
C0372,Male,22,Mumbai,2024-04-27,Laptop,5.0,55000,275000
C0146,Female,46,Delhi,2024-02-14,Printer,3.0,12000,36000
C0999,Male,30,Delhi,2024-08-12,Keyboard,2.0,1500,3000
C0907,Female,29,Mumbai,2024-07-01,Printer,2.0,12000,24000
C0201,Male,29,Mumbai,2025-11-24,Laptop,1.0,55000,55000
C0141,Female,59,Jaipur,2024-11-08,Keyboard,2.0,1500,3000
C0468,Male,41,Mumbai,2025-09-30,Monitor,5.0,15000,75000
C0903,Female,22,Jaipur,2024-07-13,Monitor,2.0,15000,30000
C0197,Female,41,Mumbai,2025-10-13,Printer,4.0,12000,48000
C0251,Male,57,Bangalore,2024-10-28,Monitor,5.0,15000,75000
C0809,Male,38,Delhi,2024-05-09,Laptop,3.0,55000,165000
C0872,Female,31,Kolkata,2025-11-10,Laptop,4.0,55000,220000
C0630,Male,28,Bangalore,2025-01-18,Mouse,5.0,800,4000
C0511,Female,29,Mumbai,2025-12-12,Keyboard,5.0,1500,7500
C0495,Female,48,Mumbai,2025-10-15,Printer,4.0,12000,48000
C0944,Male,31,Delhi,2024-08-28,Monitor,4.0,15000,60000
C0406,Male,37,Pune,2024-06-09,Mouse,5.0,800,4000
C0958,Female,34,Bangalore,2024-03-27,Laptop,2.0,55000,110000
C0303,Female,51,Mumbai,2024-02-12,Monitor,5.0,15000,75000
C0477,Female,45,Pune,2025-02-22,Mouse,4.0,800,3200
C0377,Female,38,Mumbai,2024-07-02,Mouse,1.0,800,800
C0453,Male,34,Kolkata,2024-03-25,Laptop,3.0,55000,165000
C0302,Male,35,Delhi,2024-03-14,Laptop,1.0,55000,55000
C0369,Male,52,Delhi,2025-11-22,Keyboard,2.0,1500,3000
C0338,Female,37,Kolkata,2025-12-23,Keyboard,2.0,1500,3000
C0619,Male,52,Mumbai,2024-10-15,Laptop,3.0,55000,165000
C0843,Female,43,Pune,2025-04-28,Printer,1.0,12000,12000
C0670,Male,43,Delhi,2025-04-30,Monitor,2.0,15000,30000
C0240,Female,47,Mumbai,2024-07-11,Laptop,3.0,55000,165000
C0440,Female,31,Pune,2024-01-31,Mouse,5.0,800,4000
C0384,Male,54,Delhi,2025-05-26,Keyboard,1.0,1500,1500
C0830,Female,39,Delhi,2025-12-03,Mouse,4.0,800,3200
C0771,Female,52,Mumbai,2024-01-24,Keyboard,5.0,1500,7500
C0582,Male,26,Delhi,2025-10-06,Keyboard,5.0,1500,7500
C0819,Female,42,Delhi,2025-07-01,Mouse,1.0,800,800
C0396,Male,48,Jaipur,2025-04-07,Keyboard,5.0,1500,7500
C0655,Female,23,Delhi,2024-06-30,Laptop,5.0,55000,275000
C0033,Female,19,Delhi,2025-01-30,Monitor,1.0,15000,15000
C0291,Male,32,Mumbai,2025-04-10,Printer,1.0,12000,12000
C0059,Female,51,Jaipur,2025-02-24,Monitor,3.0,15000,45000
C0401,Male,25,Delhi,2025-05-04,Printer,4.0,12000,48000
C0761,Male,42,Delhi,2024-11-13,Monitor,2.0,15000,30000
C0443,Female,28,Bangalore,2025-08-24,Printer,3.0,12000,36000
C0208,Female,35,Delhi,2025-04-01,Laptop,2.0,55000,110000
C0066,Female,56,Delhi,2025-08-05,Printer,3.0,12000,36000
C0901,Female,47,Pune,2024-04-03,Printer,1.0,12000,12000
C0295,Female,40,Kolkata,2025-09-19,Keyboard,4.0,1500,6000
C0844,Male,44,Delhi,2025-03-18,Monitor,5.0,15000,75000
C0469,Female,60,Delhi,2025-02-06,Printer,1.0,12000,12000
C0716,Male,33,Delhi,2024-10-25,Keyboard,5.0,1500,7500
C0683,Male,31,Pune,2024-05-04,Mouse,5.0,800,4000
C0378,Male,24,Bangalore,2025-04-06,Keyboard,4.0,1500,6000
C0169,Female,31,Bangalore,2024-01-28,Laptop,4.0,55000,220000
C0075,Female,42,Mumbai,2025-02-10,Mouse,2.0,800,1600
C0039,Male,34,Jaipur,2025-11-17,Monitor,3.0,15000,45000
C0767,Female,49,Pune,2025-07-15,Laptop,1.0,55000,55000
C0673,Male,46,Delhi,2024-06-14,Mouse,3.0,800,2400
C0175,Male,56,Jaipur,2024-05-07,Monitor,3.0,15000,45000
C0548,Female,28,Jaipur,2024-06-06,Laptop,3.0,55000,165000
C0452,Female,29,Delhi,2024-08-09,Laptop,5.0,55000,275000
C0453,Male,58,Bangalore,2025-12-07,Laptop,4.0,55000,220000
C0316,Female,21,Bangalore,2025-01-21,Laptop,1.0,55000,55000
C0786,Male,33,Mumbai,2024-04-03,Monitor,2.0,15000,30000
C0017,Female,19,Jaipur,2025-11-27,Keyboard,2.0,1500,3000
C0686,Male,32,Jaipur,2024-02-15,Monitor,2.0,15000,30000
C0426,Male,38,Mumbai,2025-10-01,Printer,2.0,12000,24000
C0213,Female,45,Jaipur,2024-04-18,Monitor,2.0,15000,30000
C0366,Female,29,Jaipur,2024-01-13,Mouse,3.0,800,2400
C0399,Male,47,Delhi,2025-10-27,Laptop,3.0,55000,165000
C0639,Female,20,Jaipur,2024-11-04,Monitor,4.0,15000,60000
C0786,Female,24,Kolkata,2024-06-24,Printer,5.0,12000,60000
C0258,Male,56,Mumbai,2024-12-06,Mouse,2.0,800,1600
C0180,Female,60,Pune,2024-01-19,Laptop,3.0,55000,165000
C0624,Female,42,Bangalore,2025-08-24,Monitor,5.0,15000,75000
C0722,Male,32,Jaipur,2024-11-12,Printer,1.0,12000,12000
C0243,Female,33,Bangalore,2024-05-20,Laptop,1.0,55000,55000
C0384,Female,36,Delhi,2024-07-28,Monitor,4.0,15000,60000
C0658,Male,33,Kolkata,2024-12-02,Printer,4.0,12000,48000
C0138,Female,38,Kolkata,2025-02-28,Laptop,5.0,55000,275000
C0664,Female,19,Delhi,2024-09-05,Keyboard,3.0,1500,4500
C0211,Male,60,Delhi,2025-01-25,Monitor,5.0,15000,75000
C0534,Female,29,Pune,2025-05-18,Laptop,1.0,55000,55000
C0072,Male,21,Kolkata,2024-05-08,Monitor,2.0,15000,30000
C0094,Male,55,Bangalore,2025-06-03,Monitor,2.0,15000,30000
C0081,Female,47,Mumbai,2024-09-07,Monitor,2.0,15000,30000
C0435,Male,56,Delhi,2025-08-13,Keyboard,3.0,1500,4500
C0460,Male,35,Pune,2025-02-11,Laptop,3.0,55000,165000
C0387,Male,48,Pune,2025-09-16,Mouse,5.0,800,4000
C0753,Female,27,Pune,2025-03-13,Laptop,4.0,55000,220000
C0875,Male,37,Bangalore,2025-07-20,Printer,2.0,12000,24000
C0745,Male,34,Pune,2025-04-09,Mouse,3.0,800,2400
C0291,Female,53,Bangalore,2024-12-07,Mouse,1.0,800,800
C0140,Female,30,Delhi,2024-01-14,Monitor,1.0,15000,15000
C0883,Female,49,Pune,2025-01-17,Mouse,4.0,800,3200
C0394,Female,37,Kolkata,2025-02-22,Printer,1.0,12000,12000
C0907,Male,25,Pune,2024-07-17,Printer,2.0,12000,24000
C0782,Female,34,Kolkata,2025-12-27,Keyboard,5.0,1500,7500
C0501,Female,21,Kolkata,2024-09-09,Mouse,4.0,800,3200
C0249,Female,20,Mumbai,2024-09-24,Laptop,2.0,55000,110000
C0620,Female,27,Mumbai,2025-08-15,Monitor,5.0,15000,75000
C0975,Male,18,Jaipur,2025-02-11,Laptop,4.0,55000,220000
C0724,Male,51,Delhi,2025-03-13,Mouse,2.0,800,1600
C0259,Female,50,Bangalore,2024-11-11,Mouse,5.0,800,4000
C0752,Female,23,Jaipur,2024-05-26,Printer,3.0,12000,36000
C0276,Male,43,Kolkata,2024-06-21,Keyboard,1.0,1500,1500
C0836,Female,18,Jaipur,2025-06-21,Laptop,4.0,55000,220000
C0427,Female,45,Delhi,2024-07-09,Monitor,3.0,15000,45000
C0721,Male,30,Pune,2024-04-22,Monitor,5.0,15000,75000
C0462,Male,29,Delhi,2024-07-15,Laptop,2.0,55000,110000
C0266,Female,46,Kolkata,2025-10-13,Printer,1.0,12000,12000
C0171,Male,36,Jaipur,2024-10-10,Mouse,1.0,800,800
C0066,Female,19,Bangalore,2025-05-11,Monitor,4.0,15000,60000
C0689,Male,18,Jaipur,2025-11-12,Keyboard,1.0,1500,1500
C0597,Male,24,Delhi,2025-01-19,Printer,1.0,12000,12000
C0618,Female,49,Pune,2025-03-15,Keyboard,5.0,1500,7500
C0345,Female,39,Mumbai,2025-11-12,Monitor,3.0,15000,45000
C0409,Female,57,Jaipur,2024-04-12,Keyboard,3.0,1500,4500
C0004,Female,43,Kolkata,2025-09-08,Monitor,1.0,15000,15000
C0126,Female,33,Mumbai,2025-12-03,Mouse,5.0,800,4000
C0675,Female,50,Pune,2025-10-15,Monitor,1.0,15000,15000
C0981,Female,19,Kolkata,2024-11-29,Keyboard,1.0,1500,1500
C0695,Female,32,Bangalore,2025-09-19,Mouse,4.0,800,3200
C0814,Male,40,Pune,2025-01-29,Mouse,1.0,800,800
C0301,Male,27,Bangalore,2024-02-02,Printer,5.0,12000,60000
C0131,Female,23,Mumbai,2024-06-21,Printer,4.0,12000,48000
C0918,Female,25,Pune,2024-09-06,Printer,2.0,12000,24000
C0217,Male,60,Kolkata,2025-03-21,Laptop,1.0,55000,55000
C0733,Male,28,Mumbai,2024-08-13,Mouse,3.0,800,2400
C0737,Female,60,Pune,2025-07-01,Laptop,2.0,55000,110000
C0649,Female,23,Kolkata,2025-08-12,Keyboard,2.0,1500,3000
C0785,Male,59,Mumbai,2025-10-31,Mouse,4.0,800,3200
C0658,Female,32,Delhi,2024-10-24,Keyboard,1.0,1500,1500
C0090,Male,23,Mumbai,2024-04-28,Printer,2.0,12000,24000
C0587,Female,26,Mumbai,2024-01-02,Mouse,5.0,800,4000
C0319,Male,55,Bangalore,2025-03-09,Monitor,4.0,15000,60000
C0328,Female,26,Bangalore,2024-08-15,Printer,5.0,12000,60000
C0110,Female,18,Bangalore,2024-05-28,Mouse,3.0,800,2400
C0836,Female,32,Pune,2025-09-07,Mouse,2.0,800,1600
C0291,Male,60,Kolkata,2024-11-23,Laptop,5.0,55000,275000
C0317,Male,35,Kolkata,2025-10-08,Printer,4.0,12000,48000
C0849,Male,49,Mumbai,2024-12-07,Mouse,1.0,800,800
C0157,Male,32,Kolkata,2025-05-14,Laptop,2.0,55000,110000
C0745,Female,37,Kolkata,2025-07-15,Monitor,1.0,15000,15000
C0402,Female,45,Kolkata,2025-02-04,Mouse,3.0,800,2400
C0401,Male,51,Kolkata,2025-12-14,Keyboard,3.0,1500,4500
C0946,Male,53,Pune,2024-11-27,Laptop,2.0,55000,110000
C0771,Male,37,Pune,2024-05-20,Monitor,5.0,15000,75000
C0453,Female,36,Delhi,2024-07-19,Monitor,2.0,15000,30000
C0753,Male,41,Kolkata,2025-11-25,Printer,1.0,12000,12000
C0805,Male,42,Pune,2024-04-08,Monitor,1.0,15000,15000
C0365,Female,29,Jaipur,2025-10-27,Laptop,5.0,55000,275000
C0347,Female,27,Kolkata,2024-02-04,Mouse,2.0,800,1600
C0122,Male,43,Pune,2024-06-25,Keyboard,5.0,1500,7500
C0669,Female,60,Kolkata,2025-10-27,Laptop,4.0,55000,220000
C0392,Female,58,Kolkata,2024-01-12,Mouse,3.0,800,2400
C0123,Male,23,Jaipur,2024-08-18,Mouse,5.0,800,4000
C0024,Female,35,Kolkata,2024-07-04,Laptop,5.0,55000,275000
C0394,Female,59,Kolkata,2025-08-08,Mouse,3.0,800,2400
C0129,Male,38,Jaipur,2025-02-19,Printer,2.0,12000,24000
C0833,Male,43,Bangalore,2025-05-15,Printer,5.0,12000,60000
C0066,Male,31,Kolkata,2025-09-05,Laptop,2.0,55000,110000
C0712,Male,18,Bangalore,2024-05-05,Mouse,3.0,800,2400
C0041,Male,54,Delhi,2025-07-29,Monitor,1.0,15000,15000
C0263,Male,23,Jaipur,2025-01-07,Printer,3.0,12000,36000
C0990,Male,45,Kolkata,2024-11-03,Laptop,2.0,55000,110000
C0048,Female,60,Bangalore,2025-08-13,Mouse,2.0,800,1600
C0503,Female,51,Mumbai,2025-06-06,Printer,5.0,12000,60000
C0215,Male,60,Jaipur,2024-07-11,Monitor,1.0,15000,15000
C0146,Female,31,Delhi,2024-08-09,Printer,5.0,12000,60000
C0606,Female,35,Delhi,2024-03-17,Printer,4.0,12000,48000
C0564,Female,34,Pune,2025-04-12,Monitor,4.0,15000,60000
C0086,Female,45,Kolkata,2024-07-27,Monitor,5.0,15000,75000
C0073,Female,58,Kolkata,2025-07-31,Monitor,3.0,15000,45000
C0674,Male,44,Delhi,2025-01-23,Keyboard,4.0,1500,6000
C0027,Male,22,Mumbai,2024-04-22,Laptop,5.0,55000,275000
C0701,Female,22,Mumbai,2024-12-07,Laptop,3.0,55000,165000
C0797,Female,27,Delhi,2024-04-10,Keyboard,1.0,1500,1500
C0387,Male,42,Jaipur,2025-06-23,Laptop,2.0,55000,110000
C0746,Female,55,Pune,2024-12-23,Laptop,5.0,55000,275000
C0718,Female,53,Mumbai,2024-02-19,Printer,1.0,12000,12000
C0175,Female,42,Delhi,2025-07-18,Keyboard,5.0,1500,7500
C0609,Female,48,Bangalore,2024-01-10,Monitor,3.0,15000,45000
C0704,Male,60,Delhi,2025-08-04,Monitor,4.0,15000,60000
C0754,Female,21,Kolkata,2025-11-25,Keyboard,2.0,1500,3000
C0624,Female,47,Delhi,2025-04-24,Mouse,3.0,800,2400
C0515,Female,35,Pune,2024-11-08,Printer,2.0,12000,24000
C0651,Male,37,Pune,2025-10-11,Keyboard,1.0,1500,1500
C0082,Male,33,Jaipur,2024-02-28,Monitor,5.0,15000,75000
C0087,Female,53,Pune,2025-11-24,Laptop,4.0,55000,220000
C0521,Male,48,Pune,2025-12-15,Printer,5.0,12000,60000
C0128,Female,18,Bangalore,2025-03-11,Monitor,1.0,15000,15000
C0720,Female,33,Kolkata,2024-02-13,Printer,5.0,12000,60000
C0622,Female,28,Kolkata,2024-06-28,Printer,2.0,12000,24000
C0077,Female,26,Bangalore,2025-03-08,Keyboard,1.0,1500,1500
C0508,Female,28,Mumbai,2025-11-26,Laptop,3.0,55000,165000
C0256,Male,36,Mumbai,2024-09-28,Mouse,3.0,800,2400
C0219,Male,58,Bangalore,2024-11-08,Mouse,2.0,800,1600
C0952,Male,47,Bangalore,2024-12-30,Mouse,1.0,800,800
C0007,Female,39,Mumbai,2024-01-06,Keyboard,1.0,1500,1500
C0359,Male,43,Mumbai,2025-03-17,Laptop,1.0,55000,55000
C0504,Male,23,Bangalore,2025-02-24,Printer,2.0,12000,24000
C0127,Female,18,Delhi,2025-04-26,Keyboard,2.0,1500,3000
C0405,Female,37,Mumbai,2025-07-03,Mouse,2.0,800,1600
C0832,Female,24,Pune,2024-05-23,Mouse,2.0,800,1600
C0363,Female,18,Mumbai,2024-07-13,Monitor,1.0,15000,15000
C0292,Male,26,Pune,2024-02-02,Mouse,3.0,800,2400
C0165,Male,48,Kolkata,2025-03-07,Keyboard,1.0,1500,1500
C0501,Female,26,Mumbai,2025-02-02,Mouse,5.0,800,4000
C0135,Male,24,Jaipur,2024-12-18,Monitor,2.0,15000,30000
C0513,Male,33,Jaipur,2025-09-03,Keyboard,4.0,1500,6000
C0756,Male,45,Pune,2025-05-12,Keyboard,3.0,1500,4500
C0085,Female,33,Bangalore,2024-07-10,Monitor,5.0,15000,75000
C0256,Female,25,Mumbai,2024-07-22,Monitor,4.0,15000,60000
C0486,Male,50,Bangalore,2025-08-28,Monitor,2.0,15000,30000
C0645,Male,32,Jaipur,2024-02-09,Monitor,4.0,15000,60000
C0281,Male,27,Pune,2024-07-23,Laptop,5.0,55000,275000
C0094,Male,42,Pune,2025-12-17,Printer,3.0,12000,36000
C0649,Male,32,Mumbai,2024-03-03,Mouse,4.0,800,3200
C0523,Female,59,Jaipur,2024-10-02,Keyboard,1.0,1500,1500
C0373,Female,40,Kolkata,2024-11-23,Mouse,2.0,800,1600
C0917,Male,29,Jaipur,2025-11-07,Laptop,1.0,55000,55000
C0763,Female,31,Mumbai,2025-09-13,Mouse,3.0,800,2400
C0104,Female,29,Mumbai,2024-12-08,Mouse,3.0,800,2400
C0312,Male,24,Kolkata,2024-05-13,Laptop,5.0,55000,275000
C0340,Female,41,Kolkata,2025-09-11,Printer,5.0,12000,60000
C0381,Male,59,Mumbai,2025-01-28,Monitor,5.0,15000,75000
C0090,Male,26,Kolkata,2024-02-12,Printer,1.0,12000,12000
C0601,Male,30,Kolkata,2024-03-17,Mouse,1.0,800,800
C0965,Female,37,Kolkata,2025-06-30,Mouse,2.0,800,1600
C0739,Male,20,Delhi,2025-07-17,Monitor,4.0,15000,60000
C0729,Female,53,Mumbai,2025-10-06,Keyboard,4.0,1500,6000
C0735,Male,45,Jaipur,2025-06-20,Mouse,4.0,800,3200
C0954,Male,28,Bangalore,2024-10-23,Keyboard,2.0,1500,3000
C0047,Male,30,Kolkata,2025-12-02,Mouse,4.0,800,3200
C0546,Male,28,Pune,2025-07-29,Printer,4.0,12000,48000
C0799,Female,43,Bangalore,2024-07-07,Keyboard,2.0,1500,3000
C0004,Male,54,Delhi,2025-06-09,Printer,1.0,12000,12000
C0467,Female,37,Delhi,2025-07-19,Keyboard,3.0,1500,4500
C0122,Male,32,Jaipur,2024-10-25,Printer,2.0,12000,24000
C0041,Male,35,Delhi,2025-10-19,Keyboard,1.0,1500,1500
C0255,Male,52,Jaipur,2025-10-09,Laptop,3.0,55000,165000
C0620,Female,38,Jaipur,2024-05-16,Printer,3.0,12000,36000
C0419,Female,38,Jaipur,2024-08-12,Laptop,3.0,55000,165000
C0749,Female,29,Mumbai,2025-11-04,Laptop,5.0,55000,275000
C0889,Male,42,Kolkata,2025-07-18,Keyboard,5.0,1500,7500
C0212,Female,32,Mumbai,2025-08-18,Keyboard,2.0,1500,3000
C0645,Female,27,Pune,2025-01-12,Monitor,4.0,15000,60000
C0152,Female,23,Pune,2024-07-08,Monitor,4.0,15000,60000
C0836,Male,30,Bangalore,2025-10-25,Mouse,2.0,800,1600
C0289,Male,37,Delhi,2025-12-04,Monitor,4.0,15000,60000
C0623,Male,22,Delhi,2024-09-08,Laptop,4.0,55000,220000
C0466,Female,24,Kolkata,2024-01-13,Printer,2.0,12000,24000
C0618,Male,42,Pune,2024-01-14,Laptop,1.0,55000,55000
C0782,Male,26,Delhi,2024-05-26,Laptop,3.0,55000,165000
C0962,Male,18,Jaipur,2025-12-25,Printer,3.0,12000,36000
C0088,Male,26,Pune,2024-06-16,Printer,4.0,12000,48000
C0315,Female,48,Delhi,2025-07-10,Monitor,1.0,15000,15000
C0709,Female,58,Bangalore,2024-02-15,Laptop,1.0,55000,55000
C0106,Female,24,Bangalore,2024-01-02,Mouse,2.0,800,1600
C0935,Male,19,Delhi,2024-05-30,Mouse,4.0,800,3200
C0362,Female,32,Kolkata,2025-05-18,Mouse,1.0,800,800
C0174,Male,32,Jaipur,2024-03-19,Keyboard,3.0,1500,4500
C0631,Female,25,Mumbai,2025-09-11,Laptop,1.0,55000,55000
C0155,Male,45,Bangalore,2024-07-04,Keyboard,5.0,1500,7500
C0696,Female,27,Kolkata,2024-10-20,Keyboard,5.0,1500,7500
C0357,Male,35,Pune,2025-12-29,Keyboard,3.0,1500,4500
C0818,Male,18,Delhi,2024-05-31,Monitor,3.0,15000,45000
C0400,Female,48,Jaipur,2025-03-13,Laptop,5.0,55000,275000
C0983,Female,27,Jaipur,2024-07-05,Keyboard,2.0,1500,3000
C0786,Female,40,Mumbai,2025-05-07,Mouse,4.0,800,3200
C0711,Female,56,Kolkata,2025-10-31,Keyboard,2.0,1500,3000
C0944,Male,42,Pune,2025-07-05,Printer,4.0,12000,48000
C0547,Female,52,Bangalore,2024-03-26,Monitor,4.0,15000,60000
C0595,Female,51,Bangalore,2024-08-28,Monitor,1.0,15000,15000
C0371,Male,31,Jaipur,2025-04-30,Keyboard,5.0,1500,7500
C0981,Male,25,Jaipur,2024-05-22,Keyboard,3.0,1500,4500
C0302,Female,27,Bangalore,2024-08-03,Mouse,2.0,800,1600
C0848,Male,21,Kolkata,2025-12-13,Monitor,1.0,15000,15000
C0721,Male,42,Kolkata,2025-01-15,Laptop,4.0,55000,220000
C0056,Male,60,Bangalore,2025-08-31,Laptop,4.0,55000,220000
C0892,Male,19,Delhi,2024-03-21,Keyboard,2.0,1500,3000
C0251,Male,18,Bangalore,2024-07-05,Mouse,2.0,800,1600
C0482,Male,51,Kolkata,2025-02-25,Keyboard,4.0,1500,6000
C0740,Female,46,Kolkata,2024-04-23,Laptop,3.0,55000,165000
C0160,Male,59,Jaipur,2025-05-30,Printer,2.0,12000,24000
C0165,Male,43,Pune,2025-12-29,Mouse,5.0,800,4000
C0850,Female,54,Bangalore,2025-03-09,Keyboard,2.0,1500,3000
C0954,Male,35,Jaipur,2024-05-08,Printer,4.0,12000,48000
C0761,Male,43,Bangalore,2025-02-05,Laptop,2.0,55000,110000
C0189,Male,47,Pune,2025-01-24,Keyboard,4.0,1500,6000
C0169,Male,41,Kolkata,2024-10-03,Mouse,2.0,800,1600
C0112,Male,22,Mumbai,2024-01-29,Printer,3.0,12000,36000
C0246,Female,28,Bangalore,2024-08-04,Laptop,1.0,55000,55000
C0612,Male,37,Delhi,2025-10-15,Printer,2.0,12000,24000
C0952,Male,33,Mumbai,2025-08-01,Laptop,5.0,55000,275000
C0046,Female,20,Jaipur,2024-11-12,Keyboard,1.0,1500,1500
C0009,Female,36,Pune,2024-11-18,Printer,2.0,12000,24000
C0770,Female,40,Delhi,2025-02-21,Laptop,3.0,55000,165000
C0919,Male,50,Delhi,2025-01-26,Laptop,5.0,55000,275000
C0489,Male,36,Delhi,2024-03-21,Monitor,4.0,15000,60000
C0907,Male,32,Delhi,2025-05-28,Monitor,2.0,15000,30000
C0529,Female,46,Delhi,2025-01-03,Keyboard,3.0,1500,4500
C0639,Female,20,Kolkata,2024-08-01,Mouse,2.0,800,1600
C0626,Male,27,Bangalore,2024-01-16,Mouse,1.0,800,800
C0147,Female,53,Jaipur,2025-04-10,Mouse,1.0,800,800
C0322,Male,36,Delhi,2025-08-13,Laptop,3.0,55000,165000
C0373,Female,23,Jaipur,2024-09-21,Monitor,4.0,15000,60000
C0485,Female,46,Kolkata,2025-08-05,Monitor,1.0,15000,15000
C0500,Male,41,Mumbai,2025-09-26,Mouse,4.0,800,3200
C0940,Male,46,Mumbai,2024-11-17,Printer,5.0,12000,60000
C0383,Male,44,Bangalore,2025-11-29,Mouse,3.0,800,2400
C0044,Male,33,Kolkata,2024-06-07,Printer,1.0,12000,12000
C0874,Male,36,Pune,2025-02-12,Monitor,5.0,15000,75000
C0875,Male,32,Pune,2024-12-23,Mouse,1.0,800,800
C0478,Female,59,Bangalore,2024-03-28,Mouse,1.0,800,800
C0185,Male,43,Pune,2024-12-02,Monitor,4.0,15000,60000
C0067,Female,39,Bangalore,2025-12-20,Mouse,2.0,800,1600
C0760,Female,25,Mumbai,2025-07-12,Mouse,1.0,800,800
C0160,Female,27,Kolkata,2025-08-04,Monitor,3.0,15000,45000
C0033,Female,21,Mumbai,2024-08-06,Mouse,4.0,800,3200
C0056,Male,19,Kolkata,2024-09-15,Mouse,3.0,800,2400
C0651,Male,23,Delhi,2025-02-18,Laptop,3.0,55000,165000
C0084,Female,46,Pune,2025-11-16,Printer,2.0,12000,24000
C0915,Female,29,Jaipur,2024-12-16,Laptop,4.0,55000,220000
C0987,Female,28,Delhi,2025-05-08,Keyboard,4.0,1500,6000
C0487,Male,45,Mumbai,2024-01-11,Printer,4.0,12000,48000
C0575,Male,22,Kolkata,2024-05-28,Printer,5.0,12000,60000
C0332,Female,18,Delhi,2025-05-26,Mouse,2.0,800,1600
C0886,Female,25,Kolkata,2025-06-17,Mouse,3.0,800,2400
C0740,Male,46,Delhi,2024-04-09,Mouse,5.0,800,4000
C0038,Male,30,Pune,2025-09-07,Printer,2.0,12000,24000
C0387,Male,40,Delhi,2024-01-15,Monitor,5.0,15000,75000
C0380,Female,19,Mumbai,2024-05-07,Keyboard,5.0,1500,7500
C0717,Female,59,Pune,2024-12-26,Mouse,4.0,800,3200
C0361,Female,51,Mumbai,2025-04-14,Laptop,2.0,55000,110000
C0439,Female,29,Bangalore,2025-07-09,Printer,2.0,12000,24000
C0447,Female,36,Kolkata,2025-12-19,Mouse,3.0,800,2400
C0636,Male,23,Jaipur,2025-09-23,Laptop,1.0,55000,55000
C0955,Female,24,Pune,2024-04-12,Printer,5.0,12000,60000
C0649,Female,50,Bangalore,2025-03-06,Laptop,3.0,55000,165000
C0217,Male,47,Bangalore,2024-07-19,Mouse,1.0,800,800
C0877,Female,25,Mumbai,2025-10-22,Mouse,4.0,800,3200
C0721,Female,18,Mumbai,2024-10-17,Monitor,5.0,15000,75000
C0275,Female,37,Pune,2025-02-28,Monitor,1.0,15000,15000
C0034,Male,19,Delhi,2025-09-06,Keyboard,5.0,1500,7500
C0326,Female,28,Bangalore,2025-07-23,Mouse,2.0,800,1600
C0997,Female,30,Bangalore,2025-08-14,Mouse,1.0,800,800
C0440,Male,58,Pune,2024-11-21,Monitor,4.0,15000,60000
C0530,Male,45,Delhi,2025-05-31,Laptop,2.0,55000,110000
C0122,Female,58,Mumbai,2024-11-26,Printer,2.0,12000,24000
C0209,Male,23,Jaipur,2025-10-05,Mouse,1.0,800,800
C0789,Male,19,Bangalore,2025-08-08,Printer,1.0,12000,12000
C0392,Male,26,Pune,2024-09-02,Keyboard,2.0,1500,3000
C0669,Male,37,Delhi,2025-01-22,Printer,2.0,12000,24000
C0789,Female,60,Jaipur,2024-05-27,Keyboard,1.0,1500,1500
C0643,Male,58,Bangalore,2025-04-15,Laptop,1.0,55000,55000
C0950,Male,24,Delhi,2024-07-03,Keyboard,3.0,1500,4500
C0096,Male,49,Mumbai,2024-04-13,Monitor,4.0,15000,60000
C0503,Male,44,Jaipur,2024-08-03,Mouse,1.0,800,800
C0704,Female,42,Mumbai,2024-07-03,Mouse,2.0,800,1600
C0306,Male,29,Kolkata,2024-02-02,Printer,5.0,12000,60000
C0121,Female,40,Pune,2025-07-13,Printer,5.0,12000,60000
C0006,Male,51,Kolkata,2024-07-16,Keyboard,1.0,1500,1500
C0621,Male,52,Jaipur,2024-06-05,Printer,5.0,12000,60000
C0222,Female,25,Delhi,2024-05-21,Laptop,3.0,55000,165000
C0226,Male,26,Mumbai,2024-07-23,Keyboard,4.0,1500,6000
C0977,Male,40,Kolkata,2025-04-23,Printer,3.0,12000,36000
C0764,Female,45,Bangalore,2024-09-13,Mouse,2.0,800,1600
C0178,Male,35,Pune,2025-08-24,Laptop,5.0,55000,275000
C0320,Male,31,Kolkata,2025-04-01,Mouse,4.0,800,3200
C0434,Female,38,Bangalore,2025-01-27,Laptop,5.0,55000,275000
C0440,Male,54,Mumbai,2025-04-05,Keyboard,1.0,1500,1500
C0172,Male,50,Mumbai,2024-10-27,Printer,4.0,12000,48000
C0619,Female,43,Jaipur,2024-11-26,Laptop,2.0,55000,110000
C0440,Male,40,Delhi,2025-11-03,Laptop,2.0,55000,110000
C0381,Female,27,Mumbai,2024-11-22,Laptop,1.0,55000,55000
C0705,Male,39,Delhi,2024-11-25,Mouse,5.0,800,4000
C0921,Male,53,Jaipur,2025-09-08,Mouse,3.0,800,2400
C0218,Male,24,Bangalore,2025-11-18,Keyboard,5.0,1500,7500
C0077,Female,45,Mumbai,2024-07-20,Keyboard,2.0,1500,3000
C0051,Female,49,Jaipur,2024-05-02,Keyboard,4.0,1500,6000
C0128,Female,28,Bangalore,2025-01-27,Keyboard,5.0,1500,7500
C0243,Male,36,Jaipur,2025-04-17,Printer,1.0,12000,12000
C0292,Male,43,Jaipur,2024-02-10,Printer,5.0,12000,60000
C0346,Male,22,Pune,2024-11-04,Laptop,4.0,55000,220000
C0282,Female,40,Pune,2024-11-16,Laptop,5.0,55000,275000
C0506,Male,43,Mumbai,2025-10-18,Mouse,4.0,800,3200
C0991,Male,41,Bangalore,2024-08-17,Laptop,1.0,55000,55000
C0049,Male,26,Jaipur,2024-08-19,Keyboard,4.0,1500,6000
C0175,Male,30,Kolkata,2024-01-06,Keyboard,5.0,1500,7500
C0957,Male,34,Jaipur,2024-11-07,Laptop,1.0,55000,55000
C0077,Female,39,Kolkata,2024-10-03,Printer,4.0,12000,48000
C0716,Male,26,Bangalore,2024-05-09,Mouse,1.0,800,800
C0327,Male,55,Pune,2025-06-18,Mouse,1.0,800,800
C0541,Male,54,Pune,2024-11-25,Mouse,3.0,800,2400
C0792,Female,32,Jaipur,2025-12-29,Keyboard,3.0,1500,4500
C0085,Female,53,Delhi,2024-03-17,Monitor,1.0,15000,15000
C0996,Female,21,Delhi,2025-04-24,Laptop,2.0,55000,110000
C0839,Female,30,Pune,2024-08-01,Laptop,3.0,55000,165000
C0834,Female,37,Kolkata,2025-05-31,Mouse,2.0,800,1600
C0109,Male,32,Mumbai,2025-09-27,Mouse,4.0,800,3200
C0526,Male,43,Delhi,2025-03-09,Laptop,3.0,55000,165000
C0169,Female,54,Kolkata,2025-04-17,Laptop,2.0,55000,110000
C0898,Male,25,Delhi,2024-07-10,Laptop,4.0,55000,220000
C0274,Male,48,Kolkata,2024-12-26,Printer,4.0,12000,48000
C0272,Male,53,Jaipur,2024-08-05,Keyboard,4.0,1500,6000
C0155,Female,50,Pune,2024-02-24,Printer,3.0,12000,36000
C0452,Female,41,Jaipur,2025-03-08,Laptop,4.0,55000,220000
C0199,Female,30,Pune,2024-10-09,Monitor,5.0,15000,75000
C0543,Female,51,Pune,2025-10-23,Laptop,1.0,55000,55000
C0255,Male,32,Jaipur,2025-08-12,Laptop,1.0,55000,55000
C0273,Male,22,Bangalore,2024-08-19,Laptop,3.0,55000,165000
C0904,Female,43,Pune,2025-12-09,Laptop,2.0,55000,110000
C0275,Female,31,Delhi,2025-10-14,Monitor,3.0,15000,45000
C0295,Female,18,Jaipur,2025-12-18,Monitor,5.0,15000,75000
C0638,Female,37,Kolkata,2024-11-18,Monitor,2.0,15000,30000
C0698,Male,28,Delhi,2024-05-25,Keyboard,4.0,1500,6000
C0986,Male,60,Pune,2024-01-22,Mouse,3.0,800,2400
C0182,Female,22,Delhi,2024-12-26,Laptop,5.0,55000,275000
C0993,Female,55,Jaipur,2025-04-28,Mouse,2.0,800,1600
C0113,Male,19,Bangalore,2025-06-21,Keyboard,2.0,1500,3000
C0516,Male,27,Jaipur,2024-12-09,Laptop,3.0,55000,165000
C0464,Female,40,Bangalore,2024-09-16,Keyboard,4.0,1500,6000
C0374,Female,18,Mumbai,2025-06-14,Keyboard,3.0,1500,4500
C0794,Female,25,Mumbai,2024-05-31,Printer,1.0,12000,12000
C0421,Male,60,Delhi,2024-02-01,Keyboard,4.0,1500,6000
C0251,Female,41,Delhi,2025-01-21,Laptop,2.0,55000,110000
C0655,Male,35,Kolkata,2025-06-23,Printer,4.0,12000,48000
C0180,Female,40,Mumbai,2025-03-03,Mouse,5.0,800,4000
C0968,Female,37,Delhi,2025-06-16,Laptop,5.0,55000,275000
C0719,Female,57,Jaipur,2025-08-03,Mouse,4.0,800,3200
C0992,Female,36,Jaipur,2025-12-02,Laptop,4.0,55000,220000
C0151,Female,27,Bangalore,2025-07-25,Keyboard,5.0,1500,7500
C0681,Male,37,Pune,2024-10-28,Keyboard,1.0,1500,1500
C0016,Female,20,Delhi,2024-05-06,Keyboard,5.0,1500,7500
C0055,Female,37,Jaipur,2025-11-07,Mouse,3.0,800,2400
C0855,Male,21,Mumbai,2024-10-17,Monitor,3.0,15000,45000
C0805,Male,23,Kolkata,2024-07-20,Keyboard,2.0,1500,3000
C0443,Male,36,Delhi,2024-12-29,Laptop,4.0,55000,220000
C0255,Female,45,Pune,2024-11-05,Laptop,3.0,55000,165000
C0612,Female,29,Bangalore,2025-08-15,Mouse,3.0,800,2400
C0143,Male,34,Delhi,2024-07-23,Mouse,5.0,800,4000
C0309,Female,23,Mumbai,2025-07-12,Printer,4.0,12000,48000
C0188,Female,45,Jaipur,2025-03-28,Monitor,5.0,15000,75000
C0711,Female,50,Kolkata,2024-12-28,Keyboard,4.0,1500,6000
C0438,Female,44,Pune,2025-07-26,Mouse,1.0,800,800
C0028,Female,23,Delhi,2024-09-05,Printer,3.0,12000,36000
C0595,Female,26,Bangalore,2024-10-27,Printer,5.0,12000,60000
C0055,Female,26,Pune,2025-06-14,Laptop,4.0,55000,220000
C0472,Male,23,Jaipur,2024-12-07,Keyboard,1.0,1500,1500
C0609,Male,36,Bangalore,2024-03-03,Mouse,3.0,800,2400
C0125,Male,31,Bangalore,2025-05-22,Monitor,5.0,15000,75000
C0140,Male,58,Delhi,2024-01-07,Keyboard,3.0,1500,4500
C0825,Female,57,Kolkata,2024-03-09,Monitor,1.0,15000,15000
C0001,Male,56,Jaipur,2024-09-10,Printer,1.0,12000,12000
C0210,Male,48,Jaipur,2025-02-04,Printer,4.0,12000,48000
C0057,Male,37,Pune,2024-08-28,Mouse,2.0,800,1600
C0862,Female,57,Kolkata,2024-05-06,Mouse,5.0,800,4000
C0443,Male,58,Jaipur,2025-11-04,Monitor,2.0,15000,30000
C0247,Male,50,Kolkata,2025-05-02,Printer,2.0,12000,24000
C0492,Female,36,Kolkata,2025-05-19,Laptop,5.0,55000,275000
C0377,Female,43,Pune,2025-03-02,Laptop,4.0,55000,220000
C0834,Female,27,Jaipur,2024-05-03,Keyboard,4.0,1500,6000
C0578,Female,18,Bangalore,2025-10-22,Keyboard,1.0,1500,1500
C0667,Female,20,Mumbai,2025-04-14,Monitor,4.0,15000,60000
C0284,Male,28,Mumbai,2024-08-03,Printer,5.0,12000,60000
C0358,Female,50,Jaipur,2024-12-26,Monitor,2.0,15000,30000
C0672,Female,47,Kolkata,2025-11-05,Monitor,3.0,15000,45000
C0311,Female,22,Kolkata,2025-04-28,Mouse,4.0,800,3200
C0621,Male,54,Kolkata,2024-09-22,Printer,5.0,12000,60000
C0133,Female,55,Bangalore,2025-09-24,Keyboard,5.0,1500,7500
C0850,Female,22,Jaipur,2024-08-25,Laptop,2.0,55000,110000
C0099,Male,49,Kolkata,2024-08-25,Mouse,3.0,800,2400
C0791,Male,24,Delhi,2024-03-06,Mouse,4.0,800,3200
C0064,Female,25,Jaipur,2025-01-18,Laptop,4.0,55000,220000
C0622,Male,29,Mumbai,2025-01-21,Laptop,4.0,55000,220000
C0137,Male,30,Mumbai,2025-11-26,Mouse,4.0,800,3200
C0293,Male,30,Kolkata,2025-06-25,Monitor,4.0,15000,60000
C0829,Male,23,Bangalore,2024-07-27,Laptop,1.0,55000,55000
C0035,Male,18,Mumbai,2025-07-13,Mouse,5.0,800,4000
C0886,Male,39,Delhi,2024-07-13,Printer,4.0,12000,48000
C0853,Male,54,Pune,2024-12-31,Printer,3.0,12000,36000
C0634,Male,22,Pune,2024-03-13,Mouse,4.0,800,3200
C0583,Male,26,Bangalore,2024-04-30,Keyboard,1.0,1500,1500
C0511,Male,21,Bangalore,2024-01-24,Printer,3.0,12000,36000
C0230,Female,34,Pune,2024-06-10,Keyboard,1.0,1500,1500
C0992,Female,22,Bangalore,2025-06-14,Printer,2.0,12000,24000
C0955,Female,43,Bangalore,2025-12-15,Laptop,5.0,55000,275000
C0914,Male,55,Pune,2024-02-03,Keyboard,1.0,1500,1500
C0347,Female,34,Delhi,2024-05-22,Keyboard,1.0,1500,1500
C0210,Female,60,Jaipur,2024-03-15,Monitor,4.0,15000,60000
C0825,Male,40,Jaipur,2025-09-19,Mouse,5.0,800,4000
C0952,Male,53,Pune,2024-02-12,Monitor,3.0,15000,45000
C0107,Male,49,Bangalore,2025-03-17,Monitor,3.0,15000,45000
C0490,Female,32,Jaipur,2024-07-19,Laptop,1.0,55000,55000
C0548,Female,19,Bangalore,2025-01-31,Mouse,1.0,800,800
C0785,Female,26,Pune,2024-05-21,Mouse,5.0,800,4000
C0119,Female,25,Bangalore,2024-07-17,Keyboard,3.0,1500,4500
C0352,Female,21,Delhi,2025-08-25,Monitor,1.0,15000,15000
C0011,Male,44,Kolkata,2024-02-16,Printer,5.0,12000,60000
C0822,Male,33,Jaipur,2024-05-09,Laptop,1.0,55000,55000
C0450,Male,36,Jaipur,2025-09-08,Keyboard,3.0,1500,4500
C0671,Male,36,Delhi,2025-05-05,Printer,4.0,12000,48000
C0674,Male,60,Jaipur,2025-07-10,Laptop,3.0,55000,165000
C0211,Female,40,Delhi,2025-01-10,Mouse,3.0,800,2400
C0799,Female,59,Delhi,2024-11-22,Printer,3.0,12000,36000
C0715,Male,21,Mumbai,2025-05-12,Mouse,5.0,800,4000
C0287,Male,31,Delhi,2024-11-08,Printer,2.0,12000,24000
C0760,Male,25,Mumbai,2024-08-28,Monitor,1.0,15000,15000
C0716,Female,59,Pune,2025-05-25,Laptop,1.0,55000,55000
C0857,Male,35,Mumbai,2024-11-03,Printer,4.0,12000,48000
C0848,Male,21,Mumbai,2025-05-22,Printer,4.0,12000,48000
C0020,Female,42,Pune,2024-07-29,Laptop,2.0,55000,110000
C0389,Male,60,Pune,2025-11-07,Printer,1.0,12000,12000
C0313,Male,52,Mumbai,2024-12-10,Laptop,5.0,55000,275000
C0945,Female,55,Delhi,2025-09-28,Laptop,3.0,55000,165000
C0445,Female,21,Jaipur,2025-11-25,Printer,4.0,12000,48000
C0295,Female,45,Bangalore,2024-09-23,Printer,5.0,12000,60000
C0167,Female,47,Kolkata,2024-01-16,Monitor,2.0,15000,30000
C0288,Female,23,Delhi,2024-12-11,Printer,3.0,12000,36000
C0585,Female,20,Bangalore,2024-10-02,Keyboard,3.0,1500,4500
C0676,Female,59,Bangalore,2024-11-10,Laptop,1.0,55000,55000
C0583,Female,34,Delhi,2024-01-18,Mouse,4.0,800,3200
C0451,Male,47,Jaipur,2025-10-15,Keyboard,4.0,1500,6000
C0865,Male,44,Jaipur,2024-10-10,Printer,1.0,12000,12000
C0919,Female,22,Pune,2024-10-09,Monitor,3.0,15000,45000
C0266,Female,26,Delhi,2025-09-24,Monitor,2.0,15000,30000
C0672,Male,32,Jaipur,2025-12-01,Laptop,2.0,55000,110000
C0519,Female,55,Mumbai,2024-08-21,Laptop,5.0,55000,275000
C0063,Female,34,Jaipur,2024-02-15,Keyboard,5.0,1500,7500
C0615,Male,40,Jaipur,2025-03-30,Laptop,5.0,55000,275000
C0116,Male,33,Delhi,2025-01-15,Keyboard,5.0,1500,7500
C0850,Female,22,Kolkata,2024-05-26,Mouse,3.0,800,2400
C0026,Female,56,Mumbai,2025-10-29,Keyboard,4.0,1500,6000
C0384,Female,36,Bangalore,2025-01-12,Laptop,2.0,55000,110000
C0046,Female,27,Bangalore,2025-09-15,Laptop,1.0,55000,55000
C0217,Female,50,Kolkata,2025-12-30,Printer,5.0,12000,60000
C0353,Male,42,Bangalore,2025-01-25,Laptop,2.0,55000,110000
C0781,Male,22,Delhi,2025-08-11,Printer,5.0,12000,60000
C0646,Female,52,Kolkata,2024-02-22,Laptop,5.0,55000,275000
C0622,Female,60,Bangalore,2024-11-20,Printer,4.0,12000,48000
C0276,Male,54,Mumbai,2024-09-05,Monitor,3.0,15000,45000
C0819,Female,32,Pune,2025-12-10,Keyboard,1.0,1500,1500
C0247,Female,44,Mumbai,2025-07-27,Laptop,3.0,55000,165000
C0518,Male,41,Kolkata,2024-08-23,Mouse,5.0,800,4000
C0460,Female,32,Bangalore,2024-09-07,Monitor,5.0,15000,75000
C0796,Female,55,Kolkata,2024-09-23,Monitor,5.0,15000,75000
C0815,Female,39,Mumbai,2025-02-22,Laptop,1.0,55000,55000
C0432,Male,54,Pune,2025-04-09,Monitor,2.0,15000,30000
C0016,Male,25,Pune,2025-12-29,Keyboard,5.0,1500,7500
C0953,Female,24,Delhi,2024-01-25,Laptop,4.0,55000,220000
C0707,Male,22,Delhi,2025-02-01,Printer,5.0,12000,60000
C0926,Female,40,Delhi,2024-09-04,Mouse,5.0,800,4000
C0730,Female,25,Mumbai,2025-09-15,Keyboard,5.0,1500,7500
C0632,Male,20,Jaipur,2025-02-22,Keyboard,4.0,1500,6000
C0646,Female,45,Mumbai,2024-07-06,Mouse,2.0,800,1600
C0742,Male,27,Jaipur,2025-01-13,Printer,5.0,12000,60000
C0691,Female,42,Mumbai,2025-06-04,Mouse,2.0,800,1600
C0740,Female,24,Delhi,2024-12-15,Keyboard,4.0,1500,6000
C0050,Female,36,Mumbai,2024-07-01,Mouse,3.0,800,2400
C0977,Male,20,Kolkata,2025-06-15,Monitor,4.0,15000,60000
C0285,Female,24,Mumbai,2024-05-01,Keyboard,2.0,1500,3000
C0295,Female,49,Pune,2024-10-22,Monitor,2.0,15000,30000
C0962,Female,56,Jaipur,2024-05-24,Monitor,3.0,15000,45000
C0099,Male,53,Bangalore,2025-09-04,Monitor,1.0,15000,15000
C0925,Male,52,Bangalore,2025-05-15,Monitor,1.0,15000,15000
C0853,Male,41,Delhi,2025-03-12,Keyboard,5.0,1500,7500
C0750,Female,51,Delhi,2024-04-22,Mouse,3.0,800,2400
C0734,Male,46,Pune,2024-03-29,Mouse,3.0,800,2400
C0886,Male,35,Kolkata,2024-03-21,Laptop,3.0,55000,165000
C0763,Male,22,Mumbai,2024-12-09,Monitor,5.0,15000,75000
C0283,Female,58,Kolkata,2025-12-24,Printer,1.0,12000,12000
C0705,Female,20,Pune,2024-11-21,Laptop,5.0,55000,275000
C0195,Male,58,Kolkata,2024-05-20,Laptop,2.0,55000,110000
C0601,Female,32,Kolkata,2025-04-26,Monitor,3.0,15000,45000
C0156,Female,29,Kolkata,2024-05-14,Mouse,3.0,800,2400
C0204,Male,51,Kolkata,2025-03-20,Monitor,1.0,15000,15000
C0069,Female,53,Bangalore,2024-02-09,Monitor,2.0,15000,30000
C0429,Female,57,Pune,2025-10-15,Printer,2.0,12000,24000
C0358,Female,51,Kolkata,2024-08-25,Monitor,3.0,15000,45000
C0897,Female,60,Pune,2025-09-04,Mouse,4.0,800,3200
C0366,Female,36,Jaipur,2024-10-21,Monitor,1.0,15000,15000
C0430,Female,38,Delhi,2024-06-29,Mouse,1.0,800,800
C0476,Female,60,Jaipur,2025-12-22,Keyboard,4.0,1500,6000
C0132,Female,49,Bangalore,2024-01-30,Mouse,2.0,800,1600
C0298,Female,50,Delhi,2025-07-29,Mouse,1.0,800,800
C0791,Female,34,Kolkata,2025-02-04,Keyboard,4.0,1500,6000
C0829,Female,45,Pune,2024-10-01,Keyboard,1.0,1500,1500
C0498,Male,39,Kolkata,2025-04-03,Laptop,3.0,55000,165000
C0420,Male,54,Delhi,2025-10-02,Printer,2.0,12000,24000
C0113,Female,26,Bangalore,2024-01-22,Printer,1.0,12000,12000
C0822,Female,23,Kolkata,2025-07-20,Keyboard,3.0,1500,4500
C0065,Male,51,Delhi,2024-07-22,Keyboard,5.0,1500,7500
C0161,Female,32,Mumbai,2024-12-05,Monitor,3.0,15000,45000
C0424,Male,53,Kolkata,2024-02-06,Monitor,1.0,15000,15000
C0866,Male,51,Jaipur,2025-05-11,Printer,4.0,12000,48000
C0044,Male,36,Mumbai,2025-10-08,Laptop,2.0,55000,110000
C0791,Male,20,Mumbai,2025-11-02,Laptop,4.0,55000,220000
C0411,Male,35,Jaipur,2025-05-31,Laptop,1.0,55000,55000
C0740,Female,19,Jaipur,2024-06-04,Printer,5.0,12000,60000
C0098,Female,30,Bangalore,2025-03-11,Keyboard,3.0,1500,4500
C0525,Male,37,Mumbai,2024-04-12,Mouse,2.0,800,1600
C0271,Female,42,Mumbai,2024-08-15,Mouse,1.0,800,800
C0991,Female,53,Mumbai,2025-12-20,Mouse,3.0,800,2400
C0547,Male,42,Jaipur,2025-01-16,Mouse,4.0,800,3200
C0782,Male,46,Delhi,2025-02-10,Printer,1.0,12000,12000
C0790,Male,46,Mumbai,2024-04-21,Mouse,5.0,800,4000
C0659,Female,39,Delhi,2025-07-28,Laptop,1.0,55000,55000
C0174,Male,49,Bangalore,2024-05-24,Monitor,1.0,15000,15000
C0413,Female,51,Kolkata,2024-03-01,Printer,2.0,12000,24000
C0786,Female,34,Pune,2024-06-03,Keyboard,3.0,1500,4500
C0038,Female,54,Bangalore,2024-10-01,Mouse,1.0,800,800
C0707,Male,53,Pune,2024-11-16,Printer,4.0,12000,48000
C0983,Male,38,Pune,2025-07-22,Mouse,5.0,800,4000
C0880,Male,24,Pune,2024-05-10,Laptop,4.0,55000,220000
C0776,Male,28,Bangalore,2024-07-21,Laptop,2.0,55000,110000
C0449,Male,20,Pune,2025-10-03,Mouse,2.0,800,1600
C0823,Female,26,Kolkata,2025-02-12,Printer,4.0,12000,48000
C0010,Female,25,Pune,2025-06-19,Keyboard,3.0,1500,4500
C0331,Female,54,Kolkata,2024-10-24,Monitor,2.0,15000,30000
C0536,Male,57,Kolkata,2025-09-11,Keyboard,5.0,1500,7500
C0258,Female,47,Delhi,2024-06-17,Keyboard,2.0,1500,3000
C0537,Female,18,Mumbai,2024-06-02,Mouse,2.0,800,1600
C0482,Male,18,Mumbai,2025-12-11,Monitor,2.0,15000,30000
C0097,Female,39,Jaipur,2025-04-24,Laptop,5.0,55000,275000
C0609,Male,22,Mumbai,2024-12-19,Printer,2.0,12000,24000
C0644,Male,30,Mumbai,2025-08-21,Keyboard,4.0,1500,6000
C0747,Female,41,Bangalore,2025-07-28,Mouse,3.0,800,2400
C0555,Male,22,Bangalore,2024-08-09,Monitor,1.0,15000,15000
C0287,Male,34,Bangalore,2025-06-18,Laptop,2.0,55000,110000
C0602,Female,39,Bangalore,2024-10-10,Printer,5.0,12000,60000
C0990,Female,31,Delhi,2024-08-09,Laptop,2.0,55000,110000
C0094,Male,27,Delhi,2024-11-27,Mouse,1.0,800,800
C0080,Male,26,Bangalore,2025-11-11,Mouse,4.0,800,3200
C0484,Female,37,Bangalore,2025-07-27,Laptop,2.0,55000,110000
C0403,Female,42,Kolkata,2024-11-15,Mouse,3.0,800,2400
C0859,Female,51,Jaipur,2024-06-19,Printer,2.0,12000,24000
C0969,Female,27,Pune,2025-05-16,Printer,4.0,12000,48000
C0712,Female,25,Bangalore,2024-07-01,Mouse,3.0,800,2400
C0026,Female,47,Kolkata,2024-08-06,Keyboard,4.0,1500,6000
C0632,Male,42,Mumbai,2024-07-19,Monitor,1.0,15000,15000
C0453,Female,51,Delhi,2024-11-13,Laptop,5.0,55000,275000
C0337,Male,41,Mumbai,2025-09-13,Printer,1.0,12000,12000
C0280,Male,59,Mumbai,2024-02-14,Mouse,4.0,800,3200
C0713,Female,35,Kolkata,2024-02-01,Laptop,5.0,55000,275000
C0884,Female,56,Kolkata,2024-06-26,Mouse,4.0,800,3200
C0485,Male,20,Mumbai,2025-12-31,Laptop,5.0,55000,275000
C0157,Male,26,Jaipur,2024-02-27,Mouse,1.0,800,800
C0455,Male,38,Jaipur,2024-07-17,Printer,3.0,12000,36000
C0671,Male,39,Kolkata,2025-08-23,Keyboard,2.0,1500,3000
C0740,Female,51,Jaipur,2025-11-14,Mouse,4.0,800,3200
C0686,Male,22,Delhi,2024-09-30,Printer,2.0,12000,24000
C0086,Male,46,Jaipur,2024-07-22,Keyboard,5.0,1500,7500
C0706,Female,29,Kolkata,2024-10-07,Laptop,3.0,55000,165000
C0575,Female,25,Mumbai,2025-12-14,Mouse,5.0,800,4000
C0089,Female,23,Jaipur,2024-03-29,Laptop,2.0,55000,110000
C0191,Female,55,Kolkata,2024-01-11,Laptop,2.0,55000,110000
C0223,Female,47,Jaipur,2025-11-28,Monitor,3.0,15000,45000
C0658,Male,26,Mumbai,2025-12-23,Laptop,4.0,55000,220000
C0294,Male,35,Delhi,2025-02-27,Printer,3.0,12000,36000
C0232,Male,35,Delhi,2024-09-22,Monitor,3.0,15000,45000
C0715,Female,34,Jaipur,2025-08-15,Mouse,3.0,800,2400
C0373,Female,59,Bangalore,2024-02-07,Mouse,2.0,800,1600
C0973,Female,27,Bangalore,2025-12-20,Printer,2.0,12000,24000
C0445,Female,59,Kolkata,2024-12-16,Keyboard,2.0,1500,3000
C0717,Female,23,Bangalore,2024-08-11,Monitor,3.0,15000,45000
C0479,Female,20,Jaipur,2025-05-01,Printer,2.0,12000,24000
C0144,Female,55,Mumbai,2025-01-21,Keyboard,5.0,1500,7500
C0675,Male,38,Kolkata,2024-01-09,Laptop,3.0,55000,165000
C0163,Female,48,Mumbai,2024-07-10,Keyboard,1.0,1500,1500
C0936,Female,37,Delhi,2024-07-09,Mouse,5.0,800,4000
C0771,Male,46,Bangalore,2025-08-12,Mouse,5.0,800,4000
C0712,Female,43,Pune,2025-01-17,Monitor,3.0,15000,45000
C0616,Female,48,Kolkata,2024-02-11,Mouse,3.0,800,2400
C0995,Male,50,Jaipur,2024-10-02,Mouse,4.0,800,3200
C0977,Female,55,Jaipur,2024-06-19,Monitor,5.0,15000,75000
C0945,Female,56,Kolkata,2025-08-04,Printer,2.0,12000,24000
C0770,Male,26,Kolkata,2024-04-02,Keyboard,1.0,1500,1500
C0317,Male,40,Pune,2025-04-16,Mouse,2.0,800,1600
C0001,Male,30,Delhi,2024-03-23,Keyboard,3.0,1500,4500
C0190,Male,31,Pune,2024-06-06,Laptop,2.0,55000,110000
C0702,Female,18,Pune,2024-04-12,Monitor,3.0,15000,45000
C0483,Female,31,Pune,2025-12-24,Mouse,4.0,800,3200
C0249,Male,42,Delhi,2025-02-13,Keyboard,2.0,1500,3000
C0792,Female,36,Kolkata,2025-02-07,Mouse,5.0,800,4000
C0547,Male,40,Pune,2024-08-15,Printer,1.0,12000,12000
C0907,Male,33,Mumbai,2025-05-28,Keyboard,3.0,1500,4500
C0843,Male,57,Bangalore,2025-10-23,Mouse,1.0,800,800
C0236,Male,49,Delhi,2024-11-05,Laptop,2.0,55000,110000
C0446,Male,39,Pune,2024-06-03,Monitor,4.0,15000,60000
C0292,Female,42,Kolkata,2024-09-24,Mouse,1.0,800,800
C0982,Female,29,Delhi,2024-04-18,Mouse,5.0,800,4000
C0477,Male,40,Kolkata,2024-01-13,Laptop,4.0,55000,220000
C0165,Female,26,Bangalore,2025-12-03,Printer,4.0,12000,48000
C0466,Male,49,Kolkata,2024-02-25,Mouse,4.0,800,3200
C0311,Female,34,Kolkata,2025-04-06,Laptop,5.0,55000,275000
C0515,Female,48,Kolkata,2025-01-08,Keyboard,5.0,1500,7500
C0115,Male,45,Bangalore,2024-06-02,Mouse,1.0,800,800
C0008,Female,55,Mumbai,2025-09-21,Monitor,5.0,15000,75000
C0746,Female,45,Jaipur,2024-02-10,Mouse,3.0,800,2400
C0125,Female,47,Mumbai,2025-12-03,Laptop,5.0,55000,275000
C0379,Female,45,Mumbai,2025-07-09,Keyboard,1.0,1500,1500
C0274,Male,36,Mumbai,2025-04-02,Mouse,1.0,800,800
C0333,Female,58,Jaipur,2024-12-31,Printer,1.0,12000,12000
C0750,Male,52,Kolkata,2024-06-28,Mouse,2.0,800,1600
C0087,Male,26,Kolkata,2025-03-17,Monitor,4.0,15000,60000
C0915,Female,40,Pune,2025-06-20,Printer,2.0,12000,24000
C0583,Female,20,Jaipur,2024-02-09,Keyboard,3.0,1500,4500
C0151,Male,42,Bangalore,2025-10-14,Laptop,3.0,55000,165000
C0768,Female,45,Pune,2024-09-20,Laptop,2.0,55000,110000
C0739,Male,45,Jaipur,2024-09-24,Monitor,5.0,15000,75000
C0311,Male,21,Mumbai,2024-08-08,Printer,4.0,12000,48000
C0779,Female,35,Kolkata,2025-05-28,Monitor,3.0,15000,45000
C0688,Male,56,Pune,2024-10-06,Monitor,3.0,15000,45000
C0006,Female,31,Jaipur,2024-10-08,Mouse,2.0,800,1600
C0274,Female,56,Kolkata,2024-08-14,Keyboard,1.0,1500,1500
C0231,Male,38,Delhi,2024-10-21,Laptop,5.0,55000,275000
C0746,Female,55,Pune,2025-07-08,Printer,3.0,12000,36000
C0399,Female,53,Jaipur,2024-11-23,Keyboard,3.0,1500,4500
C0355,Female,27,Pune,2025-06-29,Mouse,2.0,800,1600
C0715,Male,42,Mumbai,2025-11-07,Mouse,1.0,800,800
C0873,Male,58,Pune,2024-03-26,Printer,3.0,12000,36000
C0213,Female,37,Mumbai,2025-11-21,Keyboard,4.0,1500,6000
C0479,Male,27,Bangalore,2025-10-01,Printer,2.0,12000,24000
C0361,Female,44,Jaipur,2025-05-17,Keyboard,5.0,1500,7500
C0241,Female,52,Delhi,2024-05-06,Mouse,5.0,800,4000
C0100,Female,31,Delhi,2024-10-23,Laptop,5.0,55000,275000
C0183,Male,43,Bangalore,2024-08-10,Mouse,3.0,800,2400
C0429,Female,38,Mumbai,2025-05-29,Laptop,3.0,55000,165000
C0549,Female,32,Pune,2024-10-20,Mouse,4.0,800,3200
C0846,Female,28,Delhi,2024-01-04,Mouse,3.0,800,2400
C0546,Female,47,Kolkata,2025-01-27,Monitor,1.0,15000,15000
C0595,Female,44,Pune,2025-09-25,Monitor,1.0,15000,15000
C0230,Male,57,Bangalore,2025-09-05,Printer,1.0,12000,12000
C0585,Female,19,Mumbai,2024-06-19,Printer,2.0,12000,24000
C0583,Female,23,Mumbai,2025-10-31,Laptop,5.0,55000,275000
C0399,Male,28,Pune,2024-06-28,Keyboard,2.0,1500,3000
C0484,Male,38,Delhi,2024-02-01,Keyboard,1.0,1500,1500
C0212,Female,47,Delhi,2024-09-04,Printer,4.0,12000,48000
C0816,Male,47,Bangalore,2024-12-05,Laptop,5.0,55000,275000
C0894,Male,33,Pune,2024-02-03,Laptop,1.0,55000,55000
C0699,Female,51,Pune,2025-03-03,Mouse,1.0,800,800
C0981,Female,52,Jaipur,2024-01-25,Printer,5.0,12000,60000
C0450,Female,21,Mumbai,2025-01-07,Mouse,1.0,800,800
C0410,Female,45,Jaipur,2024-09-25,Laptop,2.0,55000,110000
C0777,Male,28,Mumbai,2024-05-25,Mouse,3.0,800,2400
C0935,Male,48,Delhi,2024-12-03,Keyboard,1.0,1500,1500
C0658,Male,47,Kolkata,2024-09-23,Mouse,2.0,800,1600
C0351,Female,46,Mumbai,2025-08-04,Mouse,3.0,800,2400
C0282,Male,26,Delhi,2024-01-27,Printer,3.0,12000,36000
C0227,Female,54,Mumbai,2024-06-11,Keyboard,3.0,1500,4500
C0582,Female,48,Kolkata,2024-06-07,Mouse,3.0,800,2400
C0762,Male,27,Bangalore,2024-09-20,Keyboard,4.0,1500,6000
C0653,Male,19,Delhi,2024-05-31,Printer,3.0,12000,36000
C0599,Male,34,Mumbai,2025-02-19,Printer,5.0,12000,60000
C0489,Male,40,Kolkata,2025-05-28,Monitor,5.0,15000,75000
C0322,Female,42,Pune,2025-05-08,Monitor,5.0,15000,75000
C0180,Female,42,Jaipur,2024-08-18,Laptop,3.0,55000,165000
C0317,Male,32,Delhi,2024-05-02,Keyboard,5.0,1500,7500
C0666,Male,40,Pune,2025-10-15,Mouse,5.0,800,4000
C0929,Male,51,Delhi,2025-11-11,Monitor,3.0,15000,45000
C0034,Female,58,Jaipur,2024-03-09,Keyboard,5.0,1500,7500
C0278,Male,21,Pune,2024-09-10,Printer,5.0,12000,60000
C0251,Female,29,Kolkata,2025-12-07,Monitor,2.0,15000,30000
C0735,Female,29,Jaipur,2025-07-19,Printer,3.0,12000,36000
C0285,Male,30,Kolkata,2025-06-19,Laptop,2.0,55000,110000
C0311,Male,31,Delhi,2025-08-18,Monitor,5.0,15000,75000
C0489,Female,24,Bangalore,2025-10-11,Laptop,3.0,55000,165000
C0075,Male,48,Jaipur,2025-05-02,Mouse,1.0,800,800
C0203,Male,52,Bangalore,2025-05-13,Monitor,5.0,15000,75000
C0308,Male,55,Pune,2025-10-20,Laptop,4.0,55000,220000
C0200,Female,18,Mumbai,2024-10-04,Mouse,5.0,800,4000
C0505,Male,39,Bangalore,2024-10-17,Mouse,5.0,800,4000
C0975,Female,34,Bangalore,2024-10-08,Monitor,3.0,15000,45000
C0695,Female,58,Pune,2025-05-14,Laptop,2.0,55000,110000
C0007,Female,50,Pune,2024-07-02,Mouse,2.0,800,1600
C0068,Female,37,Jaipur,2025-10-15,Mouse,3.0,800,2400
C0704,Male,30,Jaipur,2024-11-10,Monitor,2.0,15000,30000
C0514,Female,38,Bangalore,2025-12-02,Mouse,1.0,800,800
C0308,Male,54,Kolkata,2024-06-09,Monitor,3.0,15000,45000
C0197,Female,28,Delhi,2024-11-29,Printer,2.0,12000,24000
C0980,Female,59,Bangalore,2024-08-22,Mouse,3.0,800,2400
C0956,Female,48,Mumbai,2024-11-09,Keyboard,2.0,1500,3000
C0342,Female,38,Pune,2025-07-30,Keyboard,4.0,1500,6000
C0403,Female,18,Pune,2024-12-28,Laptop,4.0,55000,220000
C0662,Male,47,Mumbai,2024-08-01,Laptop,2.0,55000,110000
C0678,Female,36,Mumbai,2025-03-13,Laptop,3.0,55000,165000
C0810,Female,38,Bangalore,2024-08-08,Printer,2.0,12000,24000
C0633,Female,35,Jaipur,2024-06-13,Laptop,2.0,55000,110000
C0334,Female,55,Pune,2025-12-05,Laptop,4.0,55000,220000
C0983,Female,33,Mumbai,2025-01-19,Printer,5.0,12000,60000
C0061,Male,21,Kolkata,2025-07-04,Keyboard,3.0,1500,4500
C0379,Female,36,Jaipur,2024-03-16,Mouse,2.0,800,1600
C0333,Female,27,Delhi,2025-08-10,Printer,3.0,12000,36000
C0205,Male,46,Delhi,2025-07-13,Keyboard,5.0,1500,7500
C0782,Female,53,Bangalore,2024-05-23,Keyboard,1.0,1500,1500
C0791,Male,38,Mumbai,2024-07-07,Mouse,2.0,800,1600
C0329,Female,32,Pune,2024-07-22,Keyboard,3.0,1500,4500
C0694,Female,34,Bangalore,2024-05-02,Laptop,2.0,55000,110000
C0658,Female,45,Pune,2025-06-25,Mouse,1.0,800,800
C0062,Female,19,Bangalore,2025-05-31,Mouse,1.0,800,800
C0895,Female,52,Pune,2024-12-07,Keyboard,5.0,1500,7500
C0650,Male,22,Bangalore,2024-04-25,Laptop,5.0,55000,275000
C0545,Male,50,Jaipur,2025-09-16,Printer,4.0,12000,48000
C0666,Male,22,Kolkata,2025-04-21,Mouse,3.0,800,2400
C0463,Male,59,Mumbai,2025-10-25,Laptop,2.0,55000,110000
C0590,Female,47,Bangalore,2025-02-15,Mouse,1.0,800,800
C0589,Female,18,Bangalore,2024-01-09,Mouse,1.0,800,800
C0231,Female,45,Delhi,2025-08-21,Keyboard,2.0,1500,3000
C0691,Female,52,Pune,2024-12-29,Monitor,5.0,15000,75000
C0915,Male,30,Delhi,2024-07-04,Monitor,3.0,15000,45000
C0104,Male,52,Bangalore,2025-07-07,Laptop,2.0,55000,110000
C0357,Male,38,Mumbai,2024-07-25,Monitor,2.0,15000,30000
C0311,Male,45,Mumbai,2024-12-29,Monitor,2.0,15000,30000
C0028,Male,46,Jaipur,2025-03-30,Mouse,1.0,800,800
C0889,Male,42,Jaipur,2025-02-12,Mouse,4.0,800,3200
C0204,Male,42,Bangalore,2024-06-28,Laptop,1.0,55000,55000
C0519,Male,28,Delhi,2025-09-11,Laptop,4.0,55000,220000
C0367,Female,44,Delhi,2025-06-03,Monitor,1.0,15000,15000
C0369,Female,34,Bangalore,2024-01-17,Laptop,4.0,55000,220000
C0008,Female,44,Pune,2025-01-04,Laptop,3.0,55000,165000
C0969,Female,22,Pune,2025-12-19,Keyboard,2.0,1500,3000
C0087,Female,48,Jaipur,2024-02-16,Keyboard,3.0,1500,4500
C0145,Male,29,Bangalore,2025-06-15,Laptop,2.0,55000,110000
C0160,Male,48,Jaipur,2024-08-02,Laptop,5.0,55000,275000
C0888,Female,41,Bangalore,2025-03-05,Mouse,2.0,800,1600
C0177,Male,51,Delhi,2024-04-22,Monitor,3.0,15000,45000
C0806,Male,19,Pune,2025-02-17,Monitor,3.0,15000,45000
C0641,Female,34,Bangalore,2024-01-27,Keyboard,1.0,1500,1500
C0340,Male,48,Jaipur,2024-02-17,Monitor,4.0,15000,60000
C0553,Female,56,Kolkata,2024-06-10,Printer,2.0,12000,24000
C0103,Male,40,Delhi,2024-03-08,Laptop,4.0,55000,220000
C0116,Female,47,Pune,2024-05-17,Printer,4.0,12000,48000
C0878,Male,37,Pune,2024-05-11,Mouse,3.0,800,2400
C0331,Female,57,Kolkata,2025-05-19,Laptop,4.0,55000,220000
C0767,Male,26,Delhi,2024-05-26,Printer,2.0,12000,24000
C0231,Male,24,Kolkata,2025-09-21,Mouse,3.0,800,2400
C0108,Male,32,Mumbai,2024-12-02,Monitor,3.0,15000,45000
C0728,Female,60,Bangalore,2025-08-14,Printer,5.0,12000,60000
C0905,Female,26,Mumbai,2025-11-08,Mouse,3.0,800,2400
C0149,Male,42,Kolkata,2024-07-05,Laptop,2.0,55000,110000
C0015,Male,58,Jaipur,2025-02-10,Monitor,2.0,15000,30000
C0331,Male,54,Pune,2024-07-11,Mouse,3.0,800,2400
C0644,Female,46,Delhi,2024-09-26,Mouse,5.0,800,4000
C0559,Female,25,Kolkata,2024-12-11,Keyboard,5.0,1500,7500
C0346,Male,34,Mumbai,2025-04-12,Mouse,5.0,800,4000
C0680,Male,60,Mumbai,2024-03-05,Printer,3.0,12000,36000
C0801,Female,45,Kolkata,2024-05-09,Laptop,5.0,55000,275000
C0097,Male,47,Jaipur,2025-12-30,Laptop,5.0,55000,275000
C0303,Male,40,Mumbai,2025-07-20,Mouse,4.0,800,3200
C0963,Male,50,Delhi,2024-07-18,Mouse,5.0,800,4000
C0146,Male,19,Delhi,2025-09-07,Keyboard,5.0,1500,7500
C0799,Male,54,Bangalore,2025-06-29,Printer,1.0,12000,12000
C0372,Male,51,Delhi,2024-04-12,Keyboard,2.0,1500,3000
C0697,Male,58,Kolkata,2024-06-04,Printer,2.0,12000,24000
C0554,Female,30,Mumbai,2024-10-30,Laptop,4.0,55000,220000
C0400,Female,48,Pune,2024-11-03,Keyboard,2.0,1500,3000
C0001,Male,34,Kolkata,2024-08-01,Printer,3.0,12000,36000
C0946,Male,21,Pune,2025-05-07,Monitor,2.0,15000,30000
C0843,Male,33,Pune,2025-02-04,Monitor,4.0,15000,60000
C0606,Male,33,Mumbai,2024-10-09,Laptop,2.0,55000,110000
C0144,Female,25,Kolkata,2024-07-29,Printer,2.0,12000,24000
C0455,Male,35,Mumbai,2025-06-17,Laptop,1.0,55000,55000
C0319,Male,58,Bangalore,2025-11-07,Mouse,2.0,800,1600
C0449,Female,25,Bangalore,2024-06-06,Printer,4.0,12000,48000
C0073,Female,35,Jaipur,2024-04-25,Mouse,3.0,800,2400
C0642,Female,45,Bangalore,2024-10-25,Monitor,4.0,15000,60000
C0231,Male,23,Kolkata,2025-01-06,Printer,5.0,12000,60000
C0248,Female,45,Pune,2024-10-13,Laptop,1.0,55000,55000
C0863,Female,34,Kolkata,2025-03-05,Printer,3.0,12000,36000
C0683,Female,40,Jaipur,2025-12-31,Laptop,1.0,55000,55000
C0826,Female,33,Bangalore,2025-08-28,Mouse,2.0,800,1600
C0445,Female,24,Kolkata,2025-09-13,Mouse,5.0,800,4000
C0858,Female,56,Bangalore,2025-09-08,Mouse,1.0,800,800
C0111,Male,54,Jaipur,2025-01-04,Laptop,2.0,55000,110000
C0595,Female,43,Kolkata,2025-10-24,Laptop,3.0,55000,165000
C0808,Female,47,Bangalore,2025-02-12,Printer,1.0,12000,12000
C0833,Female,60,Jaipur,2024-07-04,Monitor,5.0,15000,75000
C0025,Female,24,Mumbai,2025-04-12,Mouse,1.0,800,800
C0870,Female,40,Kolkata,2024-09-11,Keyboard,3.0,1500,4500
C0284,Female,21,Mumbai,2024-06-13,Mouse,3.0,800,2400
C0215,Female,43,Mumbai,2024-04-01,Monitor,4.0,15000,60000
C0342,Female,57,Bangalore,2024-11-09,Monitor,3.0,15000,45000
C0104,Male,58,Pune,2025-05-24,Keyboard,5.0,1500,7500
C0655,Male,42,Delhi,2024-12-25,Keyboard,4.0,1500,6000
C0346,Female,41,Delhi,2024-01-17,Monitor,3.0,15000,45000
C0115,Male,55,Mumbai,2024-10-30,Printer,5.0,12000,60000
C0775,Male,43,Bangalore,2024-04-05,Laptop,2.0,55000,110000
C0093,Female,34,Delhi,2024-12-28,Keyboard,5.0,1500,7500
C0407,Male,42,Jaipur,2025-08-06,Keyboard,5.0,1500,7500
C0995,Male,38,Delhi,2024-09-08,Mouse,1.0,800,800
C0562,Male,60,Mumbai,2024-08-17,Laptop,4.0,55000,220000
C0854,Male,33,Delhi,2024-05-28,Mouse,2.0,800,1600
C0013,Female,33,Jaipur,2025-03-25,Printer,4.0,12000,48000
C0425,Male,44,Delhi,2025-02-13,Printer,5.0,12000,60000
C0643,Female,34,Kolkata,2025-03-17,Keyboard,3.0,1500,4500
C0380,Female,33,Mumbai,2024-03-19,Printer,3.0,12000,36000
C0982,Male,38,Kolkata,2025-08-15,Monitor,5.0,15000,75000
C0132,Male,50,Kolkata,2024-11-17,Mouse,5.0,800,4000
C0108,Male,40,Kolkata,2025-04-21,Printer,2.0,12000,24000
C0276,Male,47,Bangalore,2025-08-28,Mouse,4.0,800,3200
C0447,Male,28,Jaipur,2025-07-26,Printer,4.0,12000,48000
C0666,Male,40,Pune,2025-11-29,Monitor,1.0,15000,15000
C0363,Male,35,Bangalore,2025-12-31,Keyboard,1.0,1500,1500
C0613,Female,45,Kolkata,2024-08-08,Monitor,4.0,15000,60000
C0678,Female,37,Bangalore,2024-08-26,Keyboard,3.0,1500,4500
C0584,Female,27,Bangalore,2024-01-07,Printer,3.0,12000,36000
C0995,Male,40,Bangalore,2025-09-20,Laptop,1.0,55000,55000
C0066,Female,28,Kolkata,2025-09-07,Monitor,2.0,15000,30000
C0793,Male,29,Jaipur,2024-12-05,Mouse,1.0,800,800
C0092,Male,43,Bangalore,2025-01-25,Mouse,4.0,800,3200
C0714,Female,26,Mumbai,2024-11-14,Monitor,1.0,15000,15000
C0364,Male,45,Mumbai,2024-07-07,Mouse,1.0,800,800
C0267,Female,30,Delhi,2024-12-13,Keyboard,1.0,1500,1500
C0463,Male,51,Mumbai,2024-03-03,Laptop,5.0,55000,275000
C0571,Male,41,Jaipur,2025-06-25,Monitor,1.0,15000,15000
C0013,Male,38,Pune,2025-08-04,Keyboard,1.0,1500,1500
C0577,Female,22,Delhi,2025-05-25,Monitor,5.0,15000,75000
C0187,Male,40,Jaipur,2025-01-18,Monitor,5.0,15000,75000
C0588,Male,46,Kolkata,2024-06-01,Monitor,5.0,15000,75000
C0834,Female,19,Bangalore,2024-05-03,Laptop,5.0,55000,275000
C0827,Female,36,Jaipur,2025-08-27,Keyboard,2.0,1500,3000
C0531,Male,24,Pune,2024-06-07,Monitor,5.0,15000,75000
C0628,Female,47,Kolkata,2025-04-03,Printer,4.0,12000,48000
C0967,Male,60,Bangalore,2024-09-09,Laptop,3.0,55000,165000
C0375,Male,33,Pune,2024-02-12,Monitor,4.0,15000,60000
C0367,Male,48,Kolkata,2025-06-16,Printer,1.0,12000,12000
C0094,Female,51,Bangalore,2025-06-18,Printer,5.0,12000,60000
C0404,Male,36,Mumbai,2024-07-21,Monitor,4.0,15000,60000
C0300,Female,43,Pune,2025-05-17,Mouse,1.0,800,800
C0025,Female,24,Mumbai,2025-09-16,Printer,4.0,12000,48000
C0399,Female,49,Mumbai,2024-02-12,Laptop,5.0,55000,275000
C0193,Male,37,Bangalore,2024-06-26,Printer,5.0,12000,60000
C0657,Female,21,Bangalore,2024-11-06,Laptop,1.0,55000,55000
C0395,Male,40,Bangalore,2025-06-04,Laptop,4.0,55000,220000
C0537,Male,50,Mumbai,2024-04-11,Laptop,2.0,55000,110000
C0469,Male,32,Kolkata,2024-07-27,Keyboard,1.0,1500,1500
C0508,Male,54,Kolkata,2024-02-16,Printer,1.0,12000,12000
C0945,Female,31,Kolkata,2024-01-05,Laptop,3.0,55000,165000
C0927,Male,60,Mumbai,2024-08-21,Monitor,4.0,15000,60000
C0381,Female,20,Delhi,2024-09-09,Monitor,5.0,15000,75000
C0637,Female,45,Kolkata,2024-07-28,Printer,3.0,12000,36000
C0963,Female,44,Kolkata,2025-02-27,Laptop,4.0,55000,220000
C0387,Female,30,Pune,2024-01-11,Keyboard,5.0,1500,7500
C0642,Female,20,Kolkata,2025-11-09,Mouse,2.0,800,1600
C0707,Male,22,Kolkata,2024-06-11,Laptop,1.0,55000,55000
C0924,Female,22,Delhi,2024-06-20,Printer,3.0,12000,36000
C0967,Female,43,Mumbai,2024-10-18,Printer,3.0,12000,36000
C0877,Female,24,Jaipur,2024-03-29,Mouse,2.0,800,1600
C0569,Female,30,Delhi,2025-04-25,Printer,1.0,12000,12000
C0491,Male,25,Delhi,2024-07-07,Laptop,4.0,55000,220000
C0086,Male,33,Pune,2025-03-24,Printer,3.0,12000,36000
C0757,Male,46,Bangalore,2024-07-12,Laptop,5.0,55000,275000
C0787,Male,38,Jaipur,2024-06-05,Printer,1.0,12000,12000
C0350,Female,29,Mumbai,2025-10-21,Mouse,2.0,800,1600
C0058,Female,42,Delhi,2024-03-06,Keyboard,5.0,1500,7500
C0231,Male,58,Delhi,2024-01-26,Keyboard,4.0,1500,6000
C0893,Female,22,Delhi,2024-10-21,Printer,5.0,12000,60000
C0571,Male,27,Bangalore,2024-04-24,Keyboard,1.0,1500,1500
C0702,Male,44,Bangalore,2025-09-25,Printer,1.0,12000,12000
C0738,Male,38,Mumbai,2024-04-16,Laptop,2.0,55000,110000
C0701,Male,18,Pune,2024-02-29,Laptop,5.0,55000,275000
C0834,Female,54,Jaipur,2025-07-31,Monitor,1.0,15000,15000
C0559,Male,19,Kolkata,2025-10-22,Mouse,5.0,800,4000
C0396,Female,57,Pune,2025-11-30,Mouse,2.0,800,1600
C0503,Female,40,Kolkata,2024-06-05,Mouse,4.0,800,3200
C0466,Female,32,Delhi,2025-02-01,Keyboard,2.0,1500,3000
C0264,Male,41,Kolkata,2024-11-03,Laptop,4.0,55000,220000
C0148,Male,47,Pune,2025-02-15,Printer,2.0,12000,24000
C0129,Female,31,Pune,2025-04-16,Mouse,4.0,800,3200
C0752,Female,46,Pune,2024-12-11,Mouse,3.0,800,2400
C0334,Female,26,Kolkata,2024-09-08,Printer,2.0,12000,24000
C0223,Male,54,Delhi,2025-04-19,Printer,3.0,12000,36000
C0562,Female,41,Kolkata,2025-02-06,Keyboard,2.0,1500,3000
C0145,Female,24,Bangalore,2025-09-30,Mouse,3.0,800,2400
C0423,Male,30,Delhi,2024-06-09,Keyboard,5.0,1500,7500
C0676,Female,51,Pune,2024-01-25,Monitor,4.0,15000,60000
C0711,Male,42,Bangalore,2025-11-27,Monitor,3.0,15000,45000
C0577,Male,59,Pune,2024-06-03,Printer,2.0,12000,24000
C0422,Female,47,Delhi,2024-11-19,Monitor,4.0,15000,60000
C0626,Male,24,Jaipur,2024-01-09,Laptop,1.0,55000,55000
C0943,Male,39,Jaipur,2024-07-26,Keyboard,3.0,1500,4500
C0762,Male,31,Mumbai,2025-09-30,Laptop,3.0,55000,165000
C0932,Female,55,Pune,2025-12-21,Mouse,3.0,800,2400
C0180,Female,37,Jaipur,2024-06-04,Printer,2.0,12000,24000
C0168,Female,25,Bangalore,2024-06-11,Printer,4.0,12000,48000
C0576,Female,35,Kolkata,2025-11-10,Monitor,1.0,15000,15000
C0969,Male,46,Jaipur,2025-01-25,Laptop,2.0,55000,110000
C0485,Female,48,Delhi,2025-12-05,Laptop,5.0,55000,275000
C0838,Female,46,Bangalore,2025-04-03,Printer,2.0,12000,24000
C0916,Male,49,Kolkata,2024-12-13,Printer,3.0,12000,36000
C0088,Female,22,Delhi,2024-11-03,Monitor,5.0,15000,75000
C0694,Female,27,Jaipur,2024-10-26,Monitor,3.0,15000,45000
C0729,Male,40,Bangalore,2025-09-28,Mouse,1.0,800,800
C0913,Female,28,Mumbai,2025-06-09,Keyboard,2.0,1500,3000
C0287,Male,49,Mumbai,2025-10-26,Monitor,1.0,15000,15000
C0245,Female,34,Pune,2024-02-11,Mouse,3.0,800,2400
C0280,Female,60,Jaipur,2024-02-02,Keyboard,5.0,1500,7500
C0134,Male,54,Jaipur,2024-07-23,Keyboard,4.0,1500,6000
C0927,Female,42,Pune,2025-12-14,Laptop,3.0,55000,165000
C0385,Female,41,Bangalore,2025-12-25,Mouse,4.0,800,3200
C0351,Male,40,Kolkata,2024-07-16,Keyboard,5.0,1500,7500
C0501,Female,35,Jaipur,2025-11-13,Mouse,1.0,800,800
C0936,Female,50,Jaipur,2024-04-19,Laptop,2.0,55000,110000
C0249,Male,29,Mumbai,2025-08-08,Laptop,2.0,55000,110000
C0821,Male,23,Jaipur,2024-12-15,Laptop,1.0,55000,55000
C0892,Male,27,Bangalore,2025-11-11,Mouse,3.0,800,2400
C0109,Male,21,Kolkata,2024-03-24,Monitor,2.0,15000,30000
C0191,Male,23,Jaipur,2024-08-03,Mouse,2.0,800,1600
C0052,Male,42,Mumbai,2025-05-02,Printer,2.0,12000,24000
C0838,Male,49,Bangalore,2024-10-21,Monitor,4.0,15000,60000
C0750,Male,46,Delhi,2024-03-22,Printer,1.0,12000,12000
C0181,Male,34,Delhi,2024-07-12,Printer,5.0,12000,60000
C0717,Male,22,Delhi,2024-08-21,Monitor,3.0,15000,45000
C0167,Female,58,Bangalore,2025-02-26,Keyboard,5.0,1500,7500
C0519,Female,31,Pune,2024-09-03,Keyboard,3.0,1500,4500
C0544,Male,59,Kolkata,2024-06-14,Keyboard,3.0,1500,4500
C0067,Male,22,Pune,2025-09-26,Keyboard,1.0,1500,1500
C0774,Female,23,Kolkata,2025-11-21,Mouse,1.0,800,800
C0091,Female,55,Mumbai,2025-08-05,Printer,1.0,12000,12000
C0269,Female,46,Mumbai,2025-05-26,Mouse,3.0,800,2400
C0308,Female,38,Bangalore,2025-08-24,Monitor,2.0,15000,30000
C0175,Male,40,Pune,2024-11-28,Mouse,4.0,800,3200
C0946,Female,47,Pune,2024-05-25,Mouse,2.0,800,1600
C0756,Female,44,Jaipur,2025-01-25,Monitor,3.0,15000,45000
C0892,Male,43,Mumbai,2025-11-08,Laptop,4.0,55000,220000
C0928,Male,27,Bangalore,2024-04-07,Monitor,2.0,15000,30000
C0017,Female,48,Delhi,2024-07-21,Keyboard,3.0,1500,4500
C0023,Female,43,Delhi,2024-10-11,Keyboard,5.0,1500,7500
C0234,Male,49,Bangalore,2025-03-21,Mouse,4.0,800,3200
C0971,Male,49,Kolkata,2024-04-18,Laptop,3.0,55000,165000
C0069,Female,48,Bangalore,2024-08-28,Keyboard,2.0,1500,3000
C0532,Female,31,Pune,2024-11-11,Mouse,1.0,800,800
C0647,Male,39,Kolkata,2025-03-15,Keyboard,5.0,1500,7500
C0627,Male,56,Delhi,2024-12-15,Printer,3.0,12000,36000
C0743,Female,26,Mumbai,2024-03-05,Printer,4.0,12000,48000
C0019,Female,41,Pune,2024-11-30,Monitor,2.0,15000,30000
C0705,Male,38,Kolkata,2025-07-22,Mouse,3.0,800,2400
C0349,Female,30,Delhi,2024-08-22,Keyboard,5.0,1500,7500
C0726,Male,33,Pune,2024-01-20,Printer,4.0,12000,48000
C0321,Male,42,Delhi,2024-03-24,Printer,3.0,12000,36000
C0542,Female,47,Bangalore,2025-04-05,Keyboard,1.0,1500,1500
C0399,Male,35,Kolkata,2024-03-01,Monitor,3.0,15000,45000
C0486,Male,32,Kolkata,2024-12-30,Laptop,3.0,55000,165000
C0845,Female,53,Delhi,2025-05-11,Keyboard,3.0,1500,4500
C0322,Male,59,Delhi,2024-05-03,Printer,5.0,12000,60000
C0303,Male,30,Bangalore,2024-09-11,Printer,3.0,12000,36000
C0810,Female,45,Kolkata,2024-09-24,Laptop,3.0,55000,165000
C0210,Male,36,Jaipur,2024-03-21,Laptop,4.0,55000,220000
C0378,Female,27,Pune,2024-06-09,Mouse,5.0,800,4000
C0609,Female,38,Jaipur,2024-10-09,Keyboard,4.0,1500,6000
C0203,Female,36,Delhi,2024-11-26,Printer,2.0,12000,24000
C0980,Male,25,Jaipur,2025-05-03,Keyboard,5.0,1500,7500
C0378,Male,38,Kolkata,2024-01-27,Mouse,5.0,800,4000
C0644,Female,59,Mumbai,2024-11-30,Mouse,2.0,800,1600
C0628,Male,59,Mumbai,2025-08-05,Keyboard,5.0,1500,7500
C0041,Male,26,Pune,2024-05-23,Laptop,1.0,55000,55000
C0156,Male,51,Delhi,2025-01-03,Monitor,1.0,15000,15000
C0996,Female,39,Jaipur,2024-03-12,Mouse,3.0,800,2400
C0505,Female,52,Jaipur,2025-10-19,Printer,4.0,12000,48000
C0809,Female,27,Bangalore,2025-04-04,Laptop,2.0,55000,110000
C0163,Male,34,Delhi,2025-10-22,Monitor,1.0,15000,15000
C0700,Male,21,Kolkata,2024-02-13,Monitor,4.0,15000,60000
C0044,Male,32,Delhi,2024-11-23,Monitor,5.0,15000,75000
C0331,Female,58,Kolkata,2025-06-06,Mouse,1.0,800,800
C0784,Female,49,Jaipur,2024-03-10,Mouse,5.0,800,4000
C0042,Male,55,Jaipur,2025-08-19,Monitor,2.0,15000,30000
C0504,Male,40,Kolkata,2025-01-11,Laptop,5.0,55000,275000
C0522,Male,43,Delhi,2024-01-08,Monitor,5.0,15000,75000
C0938,Female,35,Bangalore,2025-02-01,Keyboard,5.0,1500,7500
C0164,Male,56,Mumbai,2024-11-30,Keyboard,2.0,1500,3000
C0920,Female,43,Jaipur,2024-01-30,Keyboard,4.0,1500,6000
C0457,Female,31,Delhi,2025-01-31,Laptop,1.0,55000,55000
C0824,Male,31,Delhi,2025-12-07,Printer,3.0,12000,36000
C0691,Male,55,Mumbai,2024-02-25,Keyboard,4.0,1500,6000
C0664,Male,54,Mumbai,2024-01-25,Monitor,5.0,15000,75000
C0318,Male,31,Delhi,2025-05-26,Keyboard,2.0,1500,3000
C0970,Female,38,Pune,2024-06-18,Mouse,5.0,800,4000
C0943,Female,48,Bangalore,2025-11-14,Printer,3.0,12000,36000
C0878,Male,22,Bangalore,2024-02-01,Laptop,1.0,55000,55000
C0635,Male,18,Mumbai,2025-03-31,Laptop,3.0,55000,165000
C0391,Male,24,Jaipur,2025-10-23,Keyboard,2.0,1500,3000
C0196,Female,41,Jaipur,2025-10-31,Keyboard,4.0,1500,6000
C0023,Female,20,Jaipur,2024-09-26,Keyboard,2.0,1500,3000
C0468,Male,25,Kolkata,2024-06-27,Laptop,4.0,55000,220000
C0015,Male,23,Kolkata,2025-08-16,Monitor,4.0,15000,60000
C0712,Female,35,Jaipur,2024-03-05,Printer,4.0,12000,48000
C0749,Male,31,Jaipur,2024-01-31,Mouse,4.0,800,3200
C0039,Female,45,Pune,2024-01-14,Mouse,2.0,800,1600
C0591,Male,60,Jaipur,2025-05-05,Keyboard,3.0,1500,4500
C0208,Female,19,Kolkata,2024-08-28,Keyboard,2.0,1500,3000
C0707,Female,18,Kolkata,2025-03-21,Laptop,5.0,55000,275000
C0573,Female,32,Kolkata,2025-01-07,Laptop,3.0,55000,165000
C0091,Female,47,Pune,2025-01-17,Printer,2.0,12000,24000
C0675,Female,53,Bangalore,2025-10-16,Monitor,3.0,15000,45000
C0356,Female,29,Bangalore,2025-04-23,Mouse,3.0,800,2400
C0356,Female,27,Kolkata,2025-02-21,Mouse,5.0,800,4000
C0369,Female,23,Bangalore,2024-12-06,Keyboard,2.0,1500,3000
C0947,Female,59,Pune,2025-11-27,Mouse,5.0,800,4000
C0169,Male,39,Bangalore,2024-12-15,Monitor,5.0,15000,75000
C0554,Male,54,Delhi,2024-03-24,Monitor,4.0,15000,60000
C0844,Female,25,Bangalore,2025-06-16,Printer,1.0,12000,12000
C0107,Male,34,Bangalore,2025-12-01,Monitor,2.0,15000,30000
C0727,Female,49,Jaipur,2025-07-15,Keyboard,3.0,1500,4500
C0960,Female,51,Kolkata,2025-08-13,Mouse,2.0,800,1600
C0360,Female,24,Delhi,2025-12-11,Mouse,2.0,800,1600
C0917,Male,18,Bangalore,2024-05-27,Laptop,4.0,55000,220000
C0938,Male,37,Delhi,2024-08-02,Mouse,3.0,800,2400
C0555,Male,30,Jaipur,2024-10-29,Laptop,1.0,55000,55000
C0124,Male,29,Kolkata,2024-09-16,Laptop,1.0,55000,55000
C0464,Male,45,Mumbai,2025-12-15,Mouse,1.0,800,800
C0612,Female,39,Pune,2024-11-07,Keyboard,2.0,1500,3000
C0439,Female,58,Bangalore,2025-11-26,Printer,1.0,12000,12000
C0504,Male,49,Mumbai,2024-09-18,Keyboard,1.0,1500,1500
C0718,Female,42,Bangalore,2025-12-06,Laptop,4.0,55000,220000
C0602,Female,49,Jaipur,2025-05-14,Mouse,1.0,800,800
C0778,Male,48,Mumbai,2024-03-25,Printer,1.0,12000,12000
C0252,Male,47,Pune,2025-09-10,Keyboard,2.0,1500,3000
C0481,Male,38,Mumbai,2024-08-09,Printer,4.0,12000,48000
C0629,Female,24,Jaipur,2025-11-22,Monitor,5.0,15000,75000
C0800,Male,50,Pune,2024-07-04,Laptop,5.0,55000,275000
C0475,Female,54,Pune,2024-09-16,Printer,1.0,12000,12000
C0600,Male,51,Pune,2024-10-27,Monitor,4.0,15000,60000
C0875,Male,20,Mumbai,2025-03-12,Printer,3.0,12000,36000
C0113,Male,22,Delhi,2024-09-12,Mouse,4.0,800,3200
C0006,Female,59,Delhi,2024-11-05,Mouse,1.0,800,800
C0188,Male,39,Kolkata,2024-08-22,Printer,4.0,12000,48000
C0731,Female,25,Jaipur,2024-05-15,Monitor,2.0,15000,30000
C0759,Male,46,Pune,2024-01-22,Keyboard,4.0,1500,6000
C0726,Female,58,Bangalore,2025-04-30,Laptop,4.0,55000,220000
C0035,Female,45,Bangalore,2024-03-07,Mouse,1.0,800,800
C0090,Female,60,Mumbai,2025-06-03,Mouse,4.0,800,3200
C0942,Male,26,Jaipur,2024-03-29,Laptop,2.0,55000,110000
C0585,Male,60,Delhi,2025-01-17,Mouse,5.0,800,4000
C0571,Female,48,Jaipur,2025-02-27,Monitor,5.0,15000,75000
C0119,Male,32,Delhi,2024-05-16,Monitor,3.0,15000,45000
C0765,Female,18,Mumbai,2024-01-13,Laptop,5.0,55000,275000
C0116,Female,55,Bangalore,2024-05-20,Laptop,3.0,55000,165000
C0328,Male,48,Delhi,2025-05-04,Monitor,4.0,15000,60000
C0491,Male,24,Delhi,2025-10-10,Mouse,5.0,800,4000
C0643,Male,27,Kolkata,2024-05-28,Monitor,5.0,15000,75000
C0882,Male,48,Bangalore,2024-06-17,Laptop,5.0,55000,275000
C0253,Female,58,Mumbai,2025-02-20,Monitor,3.0,15000,45000
C0062,Female,20,Mumbai,2024-07-16,Mouse,1.0,800,800
C0688,Female,43,Pune,2024-05-10,Printer,2.0,12000,24000
C0491,Female,59,Kolkata,2025-09-05,Monitor,2.0,15000,30000
C0534,Female,49,Jaipur,2024-02-01,Mouse,5.0,800,4000
C0428,Male,53,Jaipur,2025-01-13,Monitor,1.0,15000,15000
C0285,Female,35,Pune,2025-07-02,Keyboard,3.0,1500,4500
C0620,Female,37,Pune,2025-01-30,Printer,4.0,12000,48000
C0776,Male,48,Mumbai,2024-12-16,Laptop,4.0,55000,220000
C0546,Male,34,Kolkata,2024-10-22,Keyboard,3.0,1500,4500
C0609,Male,38,Mumbai,2024-07-14,Monitor,5.0,15000,75000
C0357,Female,30,Mumbai,2024-10-12,Printer,4.0,12000,48000
C0271,Female,60,Kolkata,2024-05-22,Monitor,5.0,15000,75000
C0822,Female,30,Kolkata,2025-07-20,Keyboard,5.0,1500,7500
C0329,Male,47,Bangalore,2024-04-30,Printer,2.0,12000,24000
C0742,Female,58,Delhi,2025-10-10,Monitor,5.0,15000,75000
C0851,Female,29,Kolkata,2024-09-08,Mouse,3.0,800,2400
C0402,Female,35,Bangalore,2024-12-15,Mouse,5.0,800,4000
C0150,Female,56,Jaipur,2025-01-20,Keyboard,1.0,1500,1500
C0833,Female,18,Jaipur,2025-05-21,Monitor,3.0,15000,45000
C0466,Female,50,Bangalore,2024-09-29,Mouse,2.0,800,1600
C0053,Female,58,Pune,2025-05-02,Printer,1.0,12000,12000
C0448,Female,38,Jaipur,2024-05-05,Monitor,2.0,15000,30000
C0371,Male,20,Jaipur,2025-07-15,Keyboard,1.0,1500,1500
C0549,Female,26,Jaipur,2024-02-10,Mouse,2.0,800,1600
C0913,Male,18,Jaipur,2024-10-10,Keyboard,5.0,1500,7500
C0292,Female,33,Delhi,2025-09-10,Monitor,5.0,15000,75000
C0585,Female,53,Mumbai,2024-01-24,Monitor,2.0,15000,30000
C0567,Female,32,Delhi,2025-07-08,Mouse,2.0,800,1600
C0632,Male,28,Jaipur,2024-10-03,Printer,5.0,12000,60000
C0829,Female,25,Jaipur,2024-08-14,Monitor,4.0,15000,60000
C0248,Female,57,Delhi,2024-10-13,Monitor,2.0,15000,30000
C0110,Male,33,Kolkata,2025-08-16,Keyboard,4.0,1500,6000
C0882,Female,46,Delhi,2024-03-24,Monitor,1.0,15000,15000
C0419,Female,46,Delhi,2025-01-24,Mouse,5.0,800,4000
C0024,Female,31,Kolkata,2025-06-20,Mouse,4.0,800,3200
C0351,Female,19,Pune,2025-02-01,Printer,5.0,12000,60000
C0859,Female,56,Delhi,2025-12-21,Keyboard,2.0,1500,3000
C0080,Female,28,Pune,2024-11-17,Monitor,2.0,15000,30000
C0362,Female,35,Delhi,2025-01-23,Keyboard,2.0,1500,3000
C0615,Female,19,Kolkata,2025-10-22,Printer,2.0,12000,24000
C0715,Male,46,Kolkata,2025-08-08,Laptop,4.0,55000,220000
C0354,Female,42,Jaipur,2025-04-01,Mouse,4.0,800,3200
C0932,Female,23,Pune,2024-08-22,Keyboard,3.0,1500,4500
C0276,Female,34,Pune,2024-08-12,Monitor,2.0,15000,30000
C0875,Male,20,Pune,2024-08-22,Keyboard,1.0,1500,1500
C0093,Male,23,Bangalore,2024-09-13,Printer,1.0,12000,12000
C0082,Female,46,Delhi,2025-03-22,Keyboard,2.0,1500,3000
C0286,Male,32,Pune,2025-06-17,Keyboard,2.0,1500,3000
C0069,Male,23,Bangalore,2025-11-01,Laptop,5.0,55000,275000
C0802,Male,36,Bangalore,2024-06-20,Mouse,4.0,800,3200
C0242,Male,30,Bangalore,2024-04-13,Laptop,1.0,55000,55000
C0276,Male,52,Jaipur,2025-01-12,Mouse,5.0,800,4000
C0741,Male,27,Bangalore,2024-01-09,Monitor,2.0,15000,30000
C0334,Male,35,Bangalore,2025-05-31,Laptop,5.0,55000,275000
C0917,Male,43,Delhi,2025-04-25,Monitor,1.0,15000,15000
C0160,Male,33,Bangalore,2024-10-12,Keyboard,5.0,1500,7500
C0474,Male,47,Delhi,2024-06-14,Laptop,2.0,55000,110000
C0656,Male,22,Pune,2024-10-21,Monitor,1.0,15000,15000
C0472,Female,43,Bangalore,2025-06-21,Printer,4.0,12000,48000
C0478,Female,56,Bangalore,2025-06-20,Mouse,3.0,800,2400
C0960,Female,28,Bangalore,2024-02-07,Mouse,2.0,800,1600
C0212,Male,56,Mumbai,2025-09-10,Keyboard,1.0,1500,1500
C0926,Female,42,Pune,2024-01-25,Keyboard,3.0,1500,4500
C0323,Female,30,Jaipur,2025-10-15,Monitor,4.0,15000,60000
C0769,Male,46,Bangalore,2025-02-09,Monitor,3.0,15000,45000
C0251,Male,19,Delhi,2025-05-13,Mouse,3.0,800,2400
C0409,Female,47,Mumbai,2024-05-13,Monitor,4.0,15000,60000
C0426,Male,33,Delhi,2025-01-18,Laptop,3.0,55000,165000
C0055,Female,47,Pune,2025-09-04,Mouse,1.0,800,800
C0302,Female,50,Bangalore,2025-05-05,Mouse,1.0,800,800
C0070,Female,39,Delhi,2024-06-18,Keyboard,5.0,1500,7500
C0012,Male,27,Kolkata,2024-03-02,Printer,3.0,12000,36000
C0026,Male,58,Bangalore,2025-04-04,Keyboard,1.0,1500,1500
C0414,Female,57,Pune,2024-11-30,Keyboard,5.0,1500,7500
C0292,Female,21,Bangalore,2025-03-24,Printer,1.0,12000,12000
C0777,Female,45,Bangalore,2025-08-02,Laptop,5.0,55000,275000
C0519,Male,27,Pune,2025-10-12,Keyboard,4.0,1500,6000
C0274,Male,27,Delhi,2025-01-28,Laptop,5.0,55000,275000
C0283,Female,32,Jaipur,2024-01-13,Laptop,3.0,55000,165000
C0977,Male,30,Pune,2025-03-03,Printer,2.0,12000,24000
C0819,Male,45,Bangalore,2024-08-03,Printer,3.0,12000,36000
C0001,Male,28,Jaipur,2024-03-08,Keyboard,4.0,1500,6000
C0225,Female,28,Kolkata,2024-03-22,Mouse,1.0,800,800
C0686,Female,39,Bangalore,2024-09-21,Keyboard,4.0,1500,6000
C0591,Female,58,Kolkata,2024-06-08,Keyboard,5.0,1500,7500
C0684,Female,56,Delhi,2025-03-20,Monitor,1.0,15000,15000
C0495,Female,39,Bangalore,2025-02-18,Keyboard,4.0,1500,6000
C0053,Female,34,Jaipur,2024-08-16,Monitor,5.0,15000,75000
C0865,Male,33,Pune,2025-12-15,Monitor,1.0,15000,15000
C0556,Female,44,Kolkata,2025-08-03,Mouse,4.0,800,3200
C0340,Female,23,Delhi,2025-05-07,Monitor,5.0,15000,75000
C0972,Male,38,Jaipur,2025-03-18,Mouse,4.0,800,3200
C0158,Female,48,Jaipur,2024-05-01,Keyboard,3.0,1500,4500
C0316,Male,49,Pune,2024-08-07,Mouse,5.0,800,4000
C0416,Female,33,Mumbai,2024-06-17,Monitor,5.0,15000,75000
C0345,Male,56,Mumbai,2024-03-25,Printer,4.0,12000,48000
C0104,Male,23,Kolkata,2025-07-07,Laptop,2.0,55000,110000
C0439,Female,23,Kolkata,2024-01-03,Monitor,1.0,15000,15000
C0483,Male,20,Delhi,2025-11-26,Keyboard,3.0,1500,4500
C0703,Female,60,Bangalore,2024-06-18,Laptop,1.0,55000,55000
C0915,Female,39,Jaipur,2024-03-25,Laptop,5.0,55000,275000
C0041,Male,30,Delhi,2024-04-20,Mouse,4.0,800,3200
C0274,Female,57,Bangalore,2024-10-18,Laptop,5.0,55000,275000
C0142,Male,47,Bangalore,2025-10-20,Keyboard,2.0,1500,3000
C0795,Male,49,Bangalore,2024-02-02,Monitor,3.0,15000,45000
C0403,Female,60,Delhi,2025-01-02,Mouse,4.0,800,3200
C0975,Female,36,Kolkata,2024-08-28,Mouse,4.0,800,3200
C0814,Female,60,Mumbai,2025-04-17,Monitor,2.0,15000,30000
C0153,Male,20,Jaipur,2024-04-30,Laptop,5.0,55000,275000
C0152,Male,46,Delhi,2024-10-16,Monitor,1.0,15000,15000
C0789,Female,38,Bangalore,2025-03-21,Monitor,4.0,15000,60000
C0420,Male,59,Kolkata,2024-11-05,Printer,5.0,12000,60000
C0960,Male,48,Kolkata,2024-06-09,Laptop,3.0,55000,165000
C0401,Male,40,Jaipur,2024-09-15,Laptop,1.0,55000,55000
C0399,Male,49,Pune,2025-04-05,Mouse,3.0,800,2400
C0137,Female,45,Kolkata,2025-12-17,Keyboard,5.0,1500,7500
C0189,Male,28,Mumbai,2025-05-13,Mouse,1.0,800,800
C0897,Female,27,Jaipur,2025-06-09,Monitor,2.0,15000,30000
C0619,Female,35,Delhi,2024-02-09,Monitor,4.0,15000,60000
C0790,Male,58,Mumbai,2025-01-16,Keyboard,5.0,1500,7500
C0346,Male,24,Pune,2024-08-04,Printer,2.0,12000,24000
C0152,Female,60,Kolkata,2025-06-27,Printer,3.0,12000,36000
C0401,Male,45,Kolkata,2025-08-28,Laptop,4.0,55000,220000
C0561,Female,52,Pune,2024-12-06,Laptop,3.0,55000,165000
C0019,Female,55,Kolkata,2025-03-03,Laptop,4.0,55000,220000
C0952,Female,56,Bangalore,2025-08-28,Monitor,3.0,15000,45000
C0229,Female,34,Mumbai,2025-11-15,Laptop,2.0,55000,110000
C0927,Female,43,Mumbai,2024-08-22,Laptop,5.0,55000,275000
C0042,Male,46,Delhi,2025-03-16,Mouse,1.0,800,800
C0049,Male,35,Bangalore,2024-01-17,Printer,4.0,12000,48000
C0514,Female,56,Kolkata,2025-08-17,Laptop,4.0,55000,220000
C0219,Female,25,Delhi,2024-12-02,Mouse,5.0,800,4000
C0182,Male,18,Kolkata,2024-12-02,Mouse,1.0,800,800
C0663,Male,48,Jaipur,2024-09-21,Laptop,2.0,55000,110000
C0174,Female,60,Mumbai,2025-03-12,Mouse,2.0,800,1600
C0209,Male,41,Jaipur,2025-07-09,Keyboard,3.0,1500,4500
C0709,Male,22,Delhi,2024-09-02,Laptop,1.0,55000,55000
C0068,Female,29,Jaipur,2024-05-04,Mouse,3.0,800,2400
C0513,Female,50,Jaipur,2024-10-11,Mouse,5.0,800,4000
C0805,Male,40,Jaipur,2025-02-01,Keyboard,2.0,1500,3000
C0826,Male,52,Mumbai,2024-03-29,Laptop,5.0,55000,275000
C0065,Male,27,Mumbai,2025-12-07,Monitor,5.0,15000,75000
C0548,Male,48,Kolkata,2024-12-14,Keyboard,1.0,1500,1500
C0874,Female,45,Jaipur,2024-08-05,Printer,4.0,12000,48000
C0172,Male,57,Kolkata,2025-12-15,Mouse,5.0,800,4000
C0069,Male,60,Pune,2025-01-31,Printer,4.0,12000,48000
C0330,Female,30,Jaipur,2024-07-11,Laptop,4.0,55000,220000
C0004,Female,19,Kolkata,2025-03-01,Keyboard,3.0,1500,4500
C0768,Male,38,Pune,2024-04-08,Laptop,2.0,55000,110000
C0609,Male,55,Delhi,2025-07-20,Mouse,4.0,800,3200
C0565,Female,25,Bangalore,2024-09-08,Laptop,3.0,55000,165000
C0320,Female,36,Jaipur,2024-11-03,Laptop,1.0,55000,55000
C0681,Male,34,Pune,2024-12-14,Monitor,3.0,15000,45000
C0871,Female,22,Bangalore,2025-05-25,Keyboard,1.0,1500,1500
C0316,Female,44,Jaipur,2024-12-01,Laptop,3.0,55000,165000
C0190,Male,26,Bangalore,2024-04-12,Printer,5.0,12000,60000
C0372,Male,24,Mumbai,2024-05-06,Keyboard,3.0,1500,4500
C0188,Male,55,Jaipur,2024-10-10,Monitor,1.0,15000,15000
C0319,Male,53,Bangalore,2025-07-19,Printer,3.0,12000,36000
C0674,Female,24,Pune,2025-03-06,Laptop,3.0,55000,165000
C0096,Female,35,Kolkata,2024-03-11,Laptop,2.0,55000,110000
C0097,Male,24,Pune,2025-01-04,Laptop,4.0,55000,220000
C0416,Male,34,Delhi,2024-09-10,Printer,5.0,12000,60000
C0084,Female,28,Delhi,2025-10-07,Printer,1.0,12000,12000
C0832,Male,48,Delhi,2025-11-29,Monitor,2.0,15000,30000
C0522,Male,44,Jaipur,2025-08-13,Printer,3.0,12000,36000
C0814,Male,49,Bangalore,2025-03-16,Monitor,1.0,15000,15000
C0217,Female,30,Bangalore,2024-05-19,Keyboard,3.0,1500,4500
C0415,Female,55,Mumbai,2025-09-23,Keyboard,2.0,1500,3000
C0877,Male,44,Mumbai,2024-01-02,Printer,4.0,12000,48000
C0118,Female,55,Delhi,2025-08-13,Keyboard,2.0,1500,3000
C0189,Male,60,Delhi,2024-08-24,Monitor,1.0,15000,15000
C0256,Male,22,Kolkata,2024-08-11,Mouse,2.0,800,1600
C0284,Male,54,Jaipur,2025-12-13,Monitor,1.0,15000,15000
C0015,Female,24,Mumbai,2024-05-27,Monitor,4.0,15000,60000
C0151,Male,41,Mumbai,2025-11-06,Mouse,4.0,800,3200
C0532,Female,46,Kolkata,2024-07-30,Monitor,2.0,15000,30000
C0399,Female,30,Kolkata,2025-05-15,Monitor,4.0,15000,60000
C0972,Female,45,Jaipur,2025-03-19,Keyboard,1.0,1500,1500
C0475,Male,21,Jaipur,2024-10-23,Mouse,5.0,800,4000
C0209,Female,25,Mumbai,2024-10-13,Monitor,3.0,15000,45000
C0182,Female,18,Pune,2025-08-23,Printer,1.0,12000,12000
C0466,Female,37,Kolkata,2024-07-24,Monitor,4.0,15000,60000
C0705,Female,48,Pune,2025-05-06,Keyboard,2.0,1500,3000
C0226,Female,26,Jaipur,2025-01-28,Monitor,4.0,15000,60000
C0225,Male,25,Mumbai,2024-09-17,Keyboard,5.0,1500,7500
C0707,Male,35,Kolkata,2025-02-17,Printer,3.0,12000,36000
C0021,Male,54,Jaipur,2024-09-15,Monitor,3.0,15000,45000
C0830,Male,60,Bangalore,2025-06-26,Printer,5.0,12000,60000
C0944,Male,58,Pune,2024-06-01,Printer,1.0,12000,12000
C0982,Male,38,Kolkata,2025-08-04,Printer,4.0,12000,48000
C0350,Male,48,Delhi,2024-11-09,Monitor,1.0,15000,15000
C0739,Female,34,Kolkata,2024-07-23,Keyboard,5.0,1500,7500
C0644,Female,60,Bangalore,2024-12-31,Printer,5.0,12000,60000
C0099,Female,48,Bangalore,2024-11-28,Monitor,2.0,15000,30000
C0047,Female,40,Pune,2024-12-07,Monitor,5.0,15000,75000
C0505,Male,45,Bangalore,2024-04-15,Laptop,1.0,55000,55000
C0579,Male,32,Pune,2025-04-23,Laptop,2.0,55000,110000
C0423,Male,24,Kolkata,2024-05-18,Printer,4.0,12000,48000
C0227,Male,31,Mumbai,2024-09-19,Laptop,1.0,55000,55000
C0012,Female,25,Mumbai,2024-08-02,Printer,4.0,12000,48000
C0096,Female,33,Bangalore,2024-09-13,Laptop,1.0,55000,55000
C0811,Male,20,Pune,2024-06-20,Keyboard,5.0,1500,7500
C0674,Male,49,Delhi,2024-04-12,Mouse,3.0,800,2400
C0091,Male,54,Mumbai,2025-12-14,Laptop,4.0,55000,220000
C0358,Female,46,Bangalore,2024-04-09,Monitor,1.0,15000,15000
C0643,Male,60,Mumbai,2024-06-09,Monitor,2.0,15000,30000
C0240,Male,29,Delhi,2024-05-15,Monitor,2.0,15000,30000
C0303,Female,21,Kolkata,2025-09-25,Mouse,2.0,800,1600
C0138,Male,25,Kolkata,2025-10-04,Monitor,3.0,15000,45000
C0775,Female,45,Delhi,2025-04-30,Laptop,2.0,55000,110000
C0388,Male,28,Mumbai,2024-06-28,Laptop,5.0,55000,275000
C0701,Female,24,Jaipur,2024-03-15,Monitor,2.0,15000,30000
C0158,Female,24,Pune,2024-09-29,Monitor,2.0,15000,30000
C0731,Female,46,Delhi,2025-11-07,Printer,5.0,12000,60000
C0581,Male,46,Pune,2025-03-31,Monitor,5.0,15000,75000
C0286,Female,34,Bangalore,2024-07-19,Monitor,1.0,15000,15000
C0416,Female,42,Bangalore,2025-08-18,Mouse,1.0,800,800
C0119,Male,21,Delhi,2025-07-27,Printer,1.0,12000,12000
C0491,Female,59,Bangalore,2025-06-14,Monitor,1.0,15000,15000
C0185,Male,26,Delhi,2025-09-13,Laptop,5.0,55000,275000
C0557,Male,33,Bangalore,2024-12-13,Printer,1.0,12000,12000
C0538,Male,34,Mumbai,2024-05-19,Keyboard,5.0,1500,7500
C0848,Male,20,Pune,2024-05-23,Mouse,2.0,800,1600
C0823,Male,58,Jaipur,2025-10-01,Printer,2.0,12000,24000
C0453,Male,45,Kolkata,2024-11-25,Printer,1.0,12000,12000
C0472,Male,35,Mumbai,2024-01-12,Laptop,1.0,55000,55000
C0799,Male,60,Kolkata,2024-03-26,Laptop,1.0,55000,55000
C0331,Male,58,Bangalore,2025-12-05,Laptop,1.0,55000,55000
C0195,Female,24,Pune,2024-02-28,Printer,3.0,12000,36000
C0807,Male,27,Mumbai,2025-11-19,Keyboard,4.0,1500,6000
C0118,Female,36,Mumbai,2025-07-12,Monitor,1.0,15000,15000
C0833,Male,56,Kolkata,2025-05-03,Printer,5.0,12000,60000
C0295,Female,51,Jaipur,2024-10-22,Monitor,2.0,15000,30000
C0514,Male,38,Pune,2025-06-03,Mouse,1.0,800,800
C0446,Female,19,Jaipur,2024-01-03,Printer,1.0,12000,12000
C0678,Female,33,Pune,2024-03-31,Keyboard,3.0,1500,4500
C0371,Female,51,Delhi,2025-07-30,Mouse,4.0,800,3200
C0126,Male,44,Delhi,2024-08-21,Keyboard,5.0,1500,7500
C0330,Female,60,Jaipur,2024-06-23,Keyboard,3.0,1500,4500
C0804,Female,20,Bangalore,2024-02-24,Laptop,4.0,55000,220000
C0417,Male,33,Pune,2025-07-25,Printer,5.0,12000,60000
C0472,Female,19,Bangalore,2024-05-08,Printer,2.0,12000,24000
C0067,Male,35,Jaipur,2024-09-15,Laptop,4.0,55000,220000
C0855,Male,53,Bangalore,2025-10-02,Laptop,3.0,55000,165000
C0751,Female,59,Delhi,2025-05-25,Printer,4.0,12000,48000
C0902,Male,51,Delhi,2025-06-25,Mouse,2.0,800,1600
C0664,Male,43,Mumbai,2025-11-20,Monitor,2.0,15000,30000
C0068,Male,43,Bangalore,2025-06-18,Keyboard,2.0,1500,3000
C0586,Female,44,Mumbai,2024-09-05,Monitor,1.0,15000,15000
C0901,Female,26,Mumbai,2024-08-07,Printer,4.0,12000,48000
C0107,Female,34,Jaipur,2025-02-03,Mouse,1.0,800,800
C0299,Female,28,Mumbai,2024-02-13,Keyboard,3.0,1500,4500
C0192,Female,32,Kolkata,2025-07-10,Keyboard,3.0,1500,4500
C0700,Male,36,Delhi,2025-04-26,Laptop,1.0,55000,55000
C0387,Female,44,Mumbai,2025-08-12,Keyboard,5.0,1500,7500
C0984,Male,32,Kolkata,2024-09-04,Laptop,3.0,55000,165000
C0570,Male,35,Mumbai,2025-09-16,Monitor,4.0,15000,60000
C0852,Male,39,Jaipur,2024-10-25,Keyboard,1.0,1500,1500
C0245,Male,31,Delhi,2025-06-22,Keyboard,2.0,1500,3000
C0264,Female,25,Pune,2024-04-14,Monitor,2.0,15000,30000
C0093,Male,56,Pune,2024-05-06,Printer,4.0,12000,48000
C0558,Male,56,Delhi,2024-04-03,Monitor,5.0,15000,75000
C0647,Male,49,Delhi,2025-10-21,Monitor,4.0,15000,60000
C0331,Male,20,Pune,2024-03-26,Laptop,1.0,55000,55000
C0941,Female,38,Pune,2025-05-27,Laptop,4.0,55000,220000
C0879,Female,53,Kolkata,2024-01-11,Printer,1.0,12000,12000
C0934,Male,31,Jaipur,2024-04-19,Laptop,5.0,55000,275000
C0343,Female,25,Bangalore,2025-06-20,Monitor,5.0,15000,75000
C0947,Male,33,Kolkata,2025-04-28,Mouse,3.0,800,2400
C0653,Female,34,Kolkata,2024-05-02,Keyboard,5.0,1500,7500
C0984,Female,18,Bangalore,2025-01-11,Monitor,4.0,15000,60000
C0625,Female,26,Jaipur,2025-09-10,Laptop,3.0,55000,165000
C0073,Male,51,Kolkata,2024-04-21,Printer,3.0,12000,36000
C0553,Female,32,Delhi,2025-05-03,Mouse,5.0,800,4000
C0352,Male,55,Delhi,2024-06-23,Mouse,2.0,800,1600
C0835,Male,31,Bangalore,2024-05-31,Printer,5.0,12000,60000
C0076,Male,46,Mumbai,2025-03-04,Keyboard,3.0,1500,4500
C0079,Male,34,Jaipur,2025-06-16,Keyboard,2.0,1500,3000
C0549,Female,20,Mumbai,2024-08-31,Laptop,3.0,55000,165000
C0505,Female,45,Pune,2025-12-11,Laptop,5.0,55000,275000
C0099,Male,26,Pune,2024-07-16,Laptop,1.0,55000,55000
C0896,Male,51,Delhi,2025-02-11,Keyboard,4.0,1500,6000
C0906,Male,19,Pune,2024-03-15,Monitor,4.0,15000,60000
C0329,Male,24,Delhi,2024-12-14,Monitor,3.0,15000,45000
C0365,Male,45,Bangalore,2025-03-22,Printer,2.0,12000,24000
C0586,Male,49,Kolkata,2025-07-28,Mouse,4.0,800,3200
C0660,Male,57,Delhi,2024-10-24,Printer,3.0,12000,36000
C0768,Male,25,Delhi,2024-01-06,Keyboard,5.0,1500,7500
C0813,Female,30,Mumbai,2025-05-03,Keyboard,2.0,1500,3000
C0884,Male,44,Jaipur,2025-10-22,Monitor,2.0,15000,30000
C0384,Male,21,Jaipur,2025-12-08,Keyboard,4.0,1500,6000
C0711,Male,56,Jaipur,2025-08-01,Printer,3.0,12000,36000
C0595,Male,36,Mumbai,2024-01-17,Printer,2.0,12000,24000
C0732,Female,34,Bangalore,2025-09-04,Monitor,4.0,15000,60000
C0724,Female,57,Bangalore,2025-07-19,Mouse,3.0,800,2400
C0658,Female,23,Bangalore,2025-07-02,Keyboard,2.0,1500,3000
C0803,Female,55,Pune,2024-05-30,Printer,2.0,12000,24000
C0339,Male,36,Jaipur,2025-08-06,Printer,3.0,12000,36000
C0634,Male,29,Delhi,2024-08-16,Laptop,2.0,55000,110000
C0302,Male,45,Pune,2024-02-26,Printer,5.0,12000,60000
C0418,Male,53,Pune,2025-10-17,Monitor,4.0,15000,60000
C0121,Female,44,Jaipur,2024-08-09,Mouse,2.0,800,1600
C0317,Male,51,Bangalore,2025-11-17,Monitor,3.0,15000,45000
C0679,Female,59,Delhi,2025-11-04,Printer,2.0,12000,24000
C0919,Male,36,Jaipur,2025-11-10,Keyboard,4.0,1500,6000
C0121,Male,54,Bangalore,2024-01-31,Mouse,3.0,800,2400
C0563,Male,43,Bangalore,2025-11-23,Keyboard,5.0,1500,7500
C0151,Female,60,Mumbai,2025-01-26,Laptop,5.0,55000,275000
C0587,Female,40,Pune,2024-01-16,Laptop,2.0,55000,110000
C0576,Female,45,Jaipur,2025-06-25,Monitor,2.0,15000,30000
C0322,Female,25,Mumbai,2025-02-12,Monitor,3.0,15000,45000
C0555,Male,33,Bangalore,2024-10-05,Keyboard,5.0,1500,7500
C0642,Male,19,Delhi,2024-01-02,Mouse,2.0,800,1600
C0007,Female,56,Pune,2024-02-26,Mouse,1.0,800,800
C0120,Female,50,Delhi,2025-11-15,Laptop,1.0,55000,55000
C0198,Female,19,Jaipur,2025-06-24,Laptop,4.0,55000,220000
C0058,Female,23,Mumbai,2024-11-25,Printer,1.0,12000,12000
C0056,Female,44,Delhi,2025-08-19,Printer,2.0,12000,24000
C0973,Female,59,Pune,2025-01-12,Monitor,1.0,15000,15000
C0226,Female,35,Jaipur,2025-03-29,Mouse,4.0,800,3200
C0614,Female,43,Delhi,2024-05-23,Laptop,4.0,55000,220000
C0744,Female,44,Kolkata,2024-05-20,Monitor,5.0,15000,75000
C0353,Male,53,Jaipur,2025-01-28,Mouse,4.0,800,3200
C0946,Male,28,Bangalore,2024-09-26,Printer,1.0,12000,12000
C0024,Female,51,Kolkata,2024-03-09,Printer,3.0,12000,36000
C0994,Male,30,Delhi,2024-04-01,Mouse,2.0,800,1600
C0960,Male,38,Mumbai,2024-12-19,Monitor,2.0,15000,30000
C0938,Female,24,Pune,2025-04-20,Printer,1.0,12000,12000
C0011,Male,28,Kolkata,2025-09-09,Laptop,1.0,55000,55000
C0168,Male,42,Jaipur,2024-08-31,Monitor,4.0,15000,60000
C0845,Female,26,Pune,2025-08-10,Mouse,5.0,800,4000
C1000,Female,42,Jaipur,2025-04-03,Monitor,2.0,15000,30000
C0077,Female,37,Mumbai,2024-06-21,Printer,1.0,12000,12000
C0886,Female,21,Delhi,2025-06-06,Mouse,3.0,800,2400
C0045,Male,45,Mumbai,2024-08-30,Keyboard,1.0,1500,1500
C0463,Male,34,Jaipur,2025-07-01,Mouse,4.0,800,3200
C0111,Male,47,Kolkata,2024-06-23,Mouse,5.0,800,4000
C0938,Male,22,Jaipur,2025-05-18,Monitor,1.0,15000,15000
C0916,Male,24,Kolkata,2025-06-15,Monitor,3.0,15000,45000
C0953,Female,28,Bangalore,2025-05-18,Printer,3.0,12000,36000
C0804,Female,32,Pune,2024-09-05,Monitor,5.0,15000,75000
C0898,Male,50,Delhi,2025-02-22,Printer,3.0,12000,36000
C0030,Female,32,Bangalore,2025-05-19,Mouse,1.0,800,800
C0805,Female,43,Kolkata,2025-05-04,Laptop,4.0,55000,220000
C0717,Male,43,Pune,2025-06-14,Monitor,4.0,15000,60000
C0799,Male,18,Mumbai,2025-07-07,Laptop,4.0,55000,220000
C0148,Male,60,Delhi,2025-10-06,Monitor,2.0,15000,30000
C0358,Female,28,Jaipur,2024-01-16,Mouse,3.0,800,2400
C0796,Female,52,Pune,2025-02-18,Laptop,3.0,55000,165000
C0584,Male,22,Bangalore,2025-08-07,Monitor,1.0,15000,15000
C0143,Female,54,Pune,2024-02-10,Mouse,5.0,800,4000
C0571,Female,33,Pune,2025-07-08,Printer,5.0,12000,60000
C0296,Male,28,Delhi,2024-02-04,Laptop,3.0,55000,165000
C0975,Male,60,Bangalore,2025-12-09,Mouse,5.0,800,4000
C0257,Female,59,Delhi,2024-12-11,Keyboard,5.0,1500,7500
C0867,Male,59,Jaipur,2025-04-07,Keyboard,3.0,1500,4500
C0642,Female,20,Kolkata,2024-12-31,Mouse,1.0,800,800
C0946,Male,33,Bangalore,2025-02-03,Mouse,4.0,800,3200
C0490,Male,52,Kolkata,2025-09-22,Monitor,1.0,15000,15000
C0463,Female,42,Jaipur,2025-10-04,Printer,1.0,12000,12000
C0680,Female,49,Bangalore,2025-01-28,Printer,4.0,12000,48000
C0555,Male,57,Bangalore,2025-05-24,Mouse,5.0,800,4000
C0736,Male,26,Mumbai,2024-07-19,Printer,5.0,12000,60000
C0506,Male,59,Bangalore,2024-01-01,Keyboard,5.0,1500,7500
C0409,Male,58,Delhi,2025-12-13,Keyboard,1.0,1500,1500
C0276,Male,60,Mumbai,2025-09-26,Mouse,4.0,800,3200
C0340,Female,54,Jaipur,2024-06-20,Laptop,1.0,55000,55000
C0287,Male,39,Mumbai,2024-07-05,Keyboard,3.0,1500,4500
C0957,Female,47,Bangalore,2024-05-23,Mouse,2.0,800,1600
C0362,Female,29,Kolkata,2025-11-30,Monitor,2.0,15000,30000
C0546,Female,43,Delhi,2025-08-09,Monitor,5.0,15000,75000
C0957,Male,39,Pune,2024-03-22,Monitor,3.0,15000,45000
C0701,Female,29,Bangalore,2024-07-01,Keyboard,4.0,1500,6000
C0936,Female,42,Delhi,2025-02-17,Printer,2.0,12000,24000
C0969,Male,32,Mumbai,2025-12-03,Printer,5.0,12000,60000
C0379,Male,32,Bangalore,2025-12-28,Laptop,5.0,55000,275000
C0401,Female,41,Jaipur,2024-09-26,Mouse,5.0,800,4000
C0980,Female,53,Mumbai,2024-11-24,Laptop,5.0,55000,275000
C0775,Female,36,Mumbai,2024-07-17,Monitor,1.0,15000,15000
C0314,Male,50,Bangalore,2025-05-07,Laptop,1.0,55000,55000
C0614,Female,28,Jaipur,2025-12-22,Monitor,5.0,15000,75000
C0342,Male,35,Jaipur,2024-08-03,Laptop,3.0,55000,165000
C0404,Female,23,Mumbai,2024-04-20,Keyboard,4.0,1500,6000
C0335,Female,30,Jaipur,2025-01-09,Monitor,2.0,15000,30000
C0635,Male,44,Pune,2024-08-31,Printer,1.0,12000,12000
C0818,Female,46,Mumbai,2025-09-27,Laptop,1.0,55000,55000
C0273,Male,59,Jaipur,2024-02-06,Keyboard,1.0,1500,1500
C0795,Female,29,Pune,2025-06-25,Mouse,5.0,800,4000
C0971,Male,55,Bangalore,2024-03-02,Mouse,5.0,800,4000
C0620,Male,48,Jaipur,2024-05-12,Keyboard,3.0,1500,4500
C0241,Female,43,Delhi,2025-07-24,Monitor,3.0,15000,45000
C0829,Female,44,Jaipur,2025-06-02,Keyboard,5.0,1500,7500
C0426,Female,52,Pune,2024-06-20,Keyboard,3.0,1500,4500
C0142,Female,39,Bangalore,2025-07-08,Keyboard,3.0,1500,4500
C0648,Female,55,Pune,2025-12-30,Keyboard,3.0,1500,4500
C0862,Female,29,Bangalore,2025-09-21,Monitor,3.0,15000,45000
C0933,Male,23,Kolkata,2024-01-27,Mouse,3.0,800,2400
C0140,Male,20,Jaipur,2025-01-16,Monitor,3.0,15000,45000
C0655,Male,55,Kolkata,2024-08-30,Monitor,1.0,15000,15000
C0135,Male,38,Mumbai,2024-01-06,Laptop,2.0,55000,110000
C0332,Female,48,Jaipur,2025-10-10,Printer,2.0,12000,24000
C0649,Female,53,Kolkata,2024-10-17,Monitor,1.0,15000,15000
C0311,Female,51,Bangalore,2025-01-30,Printer,4.0,12000,48000
C0601,Female,27,Pune,2025-04-04,Monitor,4.0,15000,60000
C0921,Female,36,Kolkata,2024-01-07,Mouse,2.0,800,1600
C0133,Female,50,Kolkata,2024-10-21,Monitor,3.0,15000,45000
C0215,Male,51,Delhi,2024-04-18,Monitor,5.0,15000,75000
C0755,Male,30,Jaipur,2025-09-13,Monitor,2.0,15000,30000
C0147,Male,58,Mumbai,2024-03-01,Printer,1.0,12000,12000
C0387,Male,23,Bangalore,2024-09-25,Monitor,4.0,15000,60000
C0502,Male,31,Kolkata,2024-12-19,Printer,4.0,12000,48000
C0025,Male,48,Pune,2025-11-12,Printer,1.0,12000,12000
C0467,Male,29,Mumbai,2024-11-24,Mouse,4.0,800,3200
C0267,Female,53,Kolkata,2024-05-18,Keyboard,4.0,1500,6000
C0389,Male,54,Jaipur,2025-09-25,Keyboard,2.0,1500,3000
C0093,Female,42,Kolkata,2024-04-14,Printer,2.0,12000,24000
C0402,Male,53,Delhi,2025-10-22,Mouse,1.0,800,800
C0481,Male,22,Pune,2025-03-29,Monitor,2.0,15000,30000
C0807,Male,54,Kolkata,2024-01-30,Printer,2.0,12000,24000
C0334,Male,29,Delhi,2025-09-21,Printer,5.0,12000,60000
C0220,Female,28,Jaipur,2025-11-04,Mouse,3.0,800,2400
C0875,Male,58,Mumbai,2025-07-17,Monitor,5.0,15000,75000
C0148,Male,28,Mumbai,2025-08-14,Keyboard,2.0,1500,3000
C0877,Male,38,Bangalore,2025-03-03,Keyboard,3.0,1500,4500
C0126,Female,59,Pune,2024-06-14,Mouse,2.0,800,1600
C0828,Female,36,Delhi,2024-12-06,Laptop,5.0,55000,275000
C0268,Female,54,Pune,2024-07-03,Printer,1.0,12000,12000
C0915,Female,56,Bangalore,2024-07-10,Mouse,1.0,800,800
C0585,Male,46,Jaipur,2024-12-05,Monitor,1.0,15000,15000
C0253,Female,51,Pune,2025-05-17,Laptop,2.0,55000,110000
C0725,Female,26,Bangalore,2024-09-05,Printer,5.0,12000,60000
C0134,Male,19,Kolkata,2025-01-08,Laptop,2.0,55000,110000
C0407,Male,53,Delhi,2024-02-15,Monitor,1.0,15000,15000
C0272,Female,56,Kolkata,2025-05-30,Mouse,5.0,800,4000
C0519,Female,40,Kolkata,2025-11-14,Monitor,3.0,15000,45000
C0527,Female,29,Delhi,2024-03-03,Printer,4.0,12000,48000
C0818,Male,30,Jaipur,2024-08-29,Keyboard,3.0,1500,4500
C0945,Female,59,Jaipur,2024-11-24,Printer,5.0,12000,60000
C0113,Female,22,Mumbai,2025-08-07,Monitor,2.0,15000,30000
C0921,Male,19,Delhi,2025-08-23,Printer,2.0,12000,24000
C0768,Female,60,Jaipur,2024-07-22,Laptop,3.0,55000,165000
C0490,Female,59,Kolkata,2024-02-28,Printer,2.0,12000,24000
C0627,Male,18,Bangalore,2024-03-25,Mouse,4.0,800,3200
C0216,Female,23,Bangalore,2025-02-11,Laptop,2.0,55000,110000
C0050,Male,27,Jaipur,2024-04-30,Monitor,2.0,15000,30000
C0888,Female,44,Pune,2024-04-27,Monitor,1.0,15000,15000
C0621,Male,25,Jaipur,2024-04-17,Mouse,4.0,800,3200
C0133,Male,20,Jaipur,2025-04-02,Printer,1.0,12000,12000
C0140,Female,60,Kolkata,2024-09-11,Printer,4.0,12000,48000
C0203,Male,20,Mumbai,2025-03-17,Printer,2.0,12000,24000
C0390,Female,31,Bangalore,2025-04-11,Laptop,2.0,55000,110000
C0667,Female,51,Jaipur,2024-06-29,Monitor,3.0,15000,45000
C0103,Male,36,Jaipur,2025-10-02,Printer,4.0,12000,48000
C0538,Male,39,Jaipur,2024-05-17,Printer,3.0,12000,36000
C0154,Female,42,Delhi,2024-07-17,Laptop,5.0,55000,275000
C0718,Female,40,Kolkata,2025-11-01,Mouse,1.0,800,800
C0002,Male,60,Bangalore,2024-05-11,Printer,3.0,12000,36000
C0798,Female,19,Jaipur,2024-05-01,Monitor,4.0,15000,60000
C0146,Female,30,Pune,2024-11-30,Keyboard,5.0,1500,7500
C0553,Female,42,Mumbai,2024-01-28,Monitor,2.0,15000,30000
C0266,Male,27,Jaipur,2024-02-25,Monitor,4.0,15000,60000
C0433,Male,41,Bangalore,2024-08-24,Monitor,4.0,15000,60000
C0571,Female,35,Jaipur,2025-09-26,Monitor,5.0,15000,75000
C0063,Female,23,Pune,2024-01-23,Mouse,5.0,800,4000
C0423,Male,26,Delhi,2025-10-27,Keyboard,5.0,1500,7500
C0968,Male,39,Mumbai,2025-12-01,Keyboard,2.0,1500,3000
C0647,Male,32,Kolkata,2024-09-12,Keyboard,1.0,1500,1500
C0061,Male,19,Bangalore,2025-05-23,Keyboard,4.0,1500,6000
C0578,Female,41,Pune,2024-03-07,Keyboard,5.0,1500,7500
C0380,Female,55,Kolkata,2024-10-18,Keyboard,3.0,1500,4500
C0436,Male,33,Mumbai,2024-05-20,Mouse,1.0,800,800
C0857,Female,47,Pune,2024-02-15,Laptop,1.0,55000,55000
C0569,Male,25,Bangalore,2024-07-31,Laptop,1.0,55000,55000
C0028,Female,53,Delhi,2025-02-12,Laptop,4.0,55000,220000
C0283,Male,49,Delhi,2024-02-13,Mouse,5.0,800,4000
C0558,Male,51,Jaipur,2024-04-19,Keyboard,4.0,1500,6000
C0152,Male,24,Mumbai,2024-03-27,Laptop,4.0,55000,220000
C0201,Male,44,Pune,2024-02-25,Laptop,2.0,55000,110000
C0474,Male,39,Jaipur,2025-01-04,Laptop,3.0,55000,165000
C0994,Female,49,Mumbai,2024-06-28,Monitor,4.0,15000,60000
C0117,Male,19,Jaipur,2024-07-05,Printer,4.0,12000,48000
C0358,Female,46,Pune,2024-09-16,Mouse,5.0,800,4000
C0509,Male,31,Jaipur,2024-12-07,Printer,1.0,12000,12000
C0204,Male,56,Pune,2024-09-17,Monitor,4.0,15000,60000
C0859,Female,43,Pune,2024-12-27,Monitor,1.0,15000,15000
C0600,Male,51,Delhi,2024-01-20,Monitor,4.0,15000,60000
C0033,Male,35,Pune,2024-04-12,Mouse,4.0,800,3200
C0319,Female,58,Bangalore,2024-04-29,Laptop,1.0,55000,55000
C0052,Female,55,Pune,2024-09-15,Mouse,1.0,800,800
C0039,Male,59,Mumbai,2025-07-10,Printer,2.0,12000,24000
C0787,Male,54,Kolkata,2024-01-04,Keyboard,5.0,1500,7500
C0323,Male,60,Kolkata,2024-06-25,Laptop,3.0,55000,165000
C0044,Female,57,Bangalore,2025-08-26,Printer,1.0,12000,12000
C0305,Female,43,Bangalore,2025-10-16,Printer,4.0,12000,48000
C0230,Male,30,Pune,2025-12-02,Printer,4.0,12000,48000
C0124,Female,42,Bangalore,2024-04-14,Printer,3.0,12000,36000
C0421,Female,24,Delhi,2024-10-20,Monitor,4.0,15000,60000
C0976,Male,49,Pune,2024-09-11,Printer,3.0,12000,36000
C0239,Male,38,Pune,2025-12-06,Monitor,2.0,15000,30000
C0991,Female,55,Bangalore,2025-04-01,Laptop,5.0,55000,275000
C0827,Male,22,Kolkata,2025-03-17,Keyboard,2.0,1500,3000
C0869,Male,19,Delhi,2025-06-11,Mouse,1.0,800,800
C0472,Male,24,Jaipur,2024-06-11,Mouse,1.0,800,800
C0677,Male,58,Kolkata,2025-07-12,Keyboard,1.0,1500,1500
C0967,Male,33,Mumbai,2025-06-09,Printer,5.0,12000,60000
C0610,Female,27,Jaipur,2024-01-23,Laptop,4.0,55000,220000
C0749,Female,60,Bangalore,2025-07-13,Laptop,1.0,55000,55000
C0951,Female,34,Mumbai,2024-06-13,Printer,2.0,12000,24000
C0777,Male,46,Mumbai,2024-08-26,Printer,5.0,12000,60000
C0585,Female,50,Mumbai,2025-07-06,Mouse,1.0,800,800
C0177,Male,19,Mumbai,2025-03-04,Printer,1.0,12000,12000
C0486,Female,48,Kolkata,2024-07-12,Laptop,2.0,55000,110000
C0390,Male,37,Bangalore,2025-10-25,Mouse,1.0,800,800
C0685,Male,28,Bangalore,2024-10-03,Mouse,5.0,800,4000
C0811,Male,56,Kolkata,2025-05-31,Mouse,5.0,800,4000
C0155,Female,43,Bangalore,2024-09-30,Mouse,1.0,800,800
C0045,Female,32,Kolkata,2024-03-31,Laptop,3.0,55000,165000
C0810,Female,25,Mumbai,2025-05-21,Mouse,1.0,800,800
C0922,Male,29,Pune,2025-07-25,Keyboard,5.0,1500,7500
C0230,Female,42,Mumbai,2025-08-17,Laptop,4.0,55000,220000
C0818,Female,29,Mumbai,2025-03-07,Laptop,5.0,55000,275000
C0719,Female,57,Pune,2024-09-11,Mouse,5.0,800,4000
C0738,Female,57,Pune,2025-04-08,Laptop,3.0,55000,165000
C0524,Female,27,Jaipur,2024-06-05,Mouse,1.0,800,800
C0575,Female,24,Pune,2024-12-30,Monitor,2.0,15000,30000
C0594,Male,58,Pune,2025-07-13,Keyboard,5.0,1500,7500
C0129,Male,50,Bangalore,2025-07-01,Monitor,3.0,15000,45000
C0410,Male,57,Jaipur,2024-09-21,Mouse,2.0,800,1600
C0405,Female,27,Bangalore,2025-08-12,Mouse,5.0,800,4000
C0070,Female,19,Bangalore,2024-11-03,Laptop,1.0,55000,55000
C0076,Male,25,Bangalore,2025-11-08,Monitor,3.0,15000,45000
C0774,Male,31,Kolkata,2024-08-26,Mouse,1.0,800,800
C0219,Female,44,Jaipur,2024-09-11,Keyboard,2.0,1500,3000
C0045,Female,38,Bangalore,2025-02-14,Printer,1.0,12000,12000
C0341,Male,28,Mumbai,2025-05-22,Keyboard,3.0,1500,4500
C0149,Female,25,Bangalore,2024-11-21,Laptop,4.0,55000,220000
C0666,Male,30,Kolkata,2024-01-29,Keyboard,3.0,1500,4500
C0807,Female,43,Jaipur,2024-03-07,Mouse,4.0,800,3200
C0791,Male,34,Bangalore,2025-07-13,Printer,5.0,12000,60000
C0646,Male,52,Bangalore,2025-04-17,Laptop,4.0,55000,220000
C0854,Male,24,Mumbai,2024-10-04,Laptop,4.0,55000,220000
C0424,Male,32,Mumbai,2025-02-07,Printer,2.0,12000,24000
C0642,Female,34,Bangalore,2025-11-10,Mouse,5.0,800,4000
C0552,Male,55,Pune,2025-03-26,Printer,5.0,12000,60000
C0320,Female,54,Mumbai,2024-12-14,Laptop,3.0,55000,165000
C0603,Female,38,Kolkata,2024-05-07,Laptop,1.0,55000,55000
C0629,Male,56,Kolkata,2025-12-04,Monitor,1.0,15000,15000
C0800,Female,41,Delhi,2024-12-25,Mouse,1.0,800,800
C0117,Male,48,Jaipur,2024-08-20,Mouse,1.0,800,800
C0853,Female,31,Pune,2025-02-24,Keyboard,2.0,1500,3000
C1000,Male,24,Bangalore,2024-12-01,Printer,3.0,12000,36000
C0382,Male,42,Pune,2024-01-26,Laptop,1.0,55000,55000
C0609,Female,26,Mumbai,2024-09-13,Printer,5.0,12000,60000
C0184,Male,36,Pune,2025-07-24,Mouse,3.0,800,2400
C0629,Female,45,Pune,2024-11-30,Mouse,1.0,800,800
C0809,Female,34,Delhi,2024-11-18,Laptop,3.0,55000,165000
C0434,Female,49,Pune,2024-01-30,Keyboard,5.0,1500,7500
C0585,Female,37,Mumbai,2025-06-02,Monitor,2.0,15000,30000
C0825,Male,45,Delhi,2024-09-21,Monitor,3.0,15000,45000
C0819,Female,42,Delhi,2024-12-10,Monitor,4.0,15000,60000
C0718,Female,21,Jaipur,2025-09-10,Mouse,3.0,800,2400
C0623,Female,32,Jaipur,2024-06-13,Laptop,4.0,55000,220000
C0877,Male,25,Delhi,2024-07-04,Monitor,3.0,15000,45000
C0987,Female,45,Pune,2025-02-14,Mouse,3.0,800,2400
C0138,Female,57,Jaipur,2024-04-16,Mouse,1.0,800,800
C0081,Male,35,Kolkata,2025-01-16,Laptop,1.0,55000,55000
C0933,Female,52,Bangalore,2024-01-07,Mouse,1.0,800,800
C0779,Male,24,Pune,2025-02-09,Printer,5.0,12000,60000
C0493,Female,53,Delhi,2024-06-26,Monitor,1.0,15000,15000
C0592,Female,46,Jaipur,2024-05-18,Keyboard,4.0,1500,6000
C0736,Female,34,Delhi,2024-05-30,Mouse,1.0,800,800
C0748,Male,28,Jaipur,2024-09-14,Monitor,5.0,15000,75000
C0235,Female,39,Delhi,2025-12-14,Mouse,3.0,800,2400
C0603,Female,52,Jaipur,2024-12-24,Mouse,5.0,800,4000
C0998,Male,41,Mumbai,2024-11-13,Printer,2.0,12000,24000
C0131,Male,60,Bangalore,2024-11-28,Monitor,5.0,15000,75000
C0900,Female,41,Mumbai,2025-11-23,Laptop,1.0,55000,55000
C0968,Female,34,Mumbai,2025-10-29,Keyboard,3.0,1500,4500
C0479,Female,27,Delhi,2024-05-23,Laptop,1.0,55000,55000
C0968,Male,27,Kolkata,2025-07-04,Mouse,3.0,800,2400
C0630,Female,57,Kolkata,2025-03-24,Laptop,4.0,55000,220000
C0923,Female,31,Delhi,2025-05-16,Keyboard,2.0,1500,3000
C0174,Male,30,Bangalore,2025-12-02,Printer,4.0,12000,48000
C0174,Male,48,Mumbai,2024-03-03,Laptop,5.0,55000,275000
C0821,Male,56,Pune,2024-09-18,Monitor,1.0,15000,15000
C0337,Male,20,Pune,2024-11-28,Printer,2.0,12000,24000
C0737,Male,35,Bangalore,2024-08-23,Monitor,3.0,15000,45000
C0903,Female,18,Jaipur,2024-03-11,Laptop,5.0,55000,275000
C0733,Female,46,Pune,2025-06-10,Printer,3.0,12000,36000
C0927,Male,45,Mumbai,2024-09-17,Monitor,3.0,15000,45000
C0261,Female,34,Mumbai,2025-06-28,Mouse,1.0,800,800
C0216,Female,22,Pune,2024-08-10,Printer,5.0,12000,60000
C0462,Male,18,Kolkata,2025-10-21,Keyboard,2.0,1500,3000
C0611,Male,27,Bangalore,2025-06-08,Mouse,5.0,800,4000
C0677,Female,52,Kolkata,2025-08-04,Mouse,5.0,800,4000
C0594,Female,55,Bangalore,2025-12-08,Printer,2.0,12000,24000
C0614,Male,37,Mumbai,2025-12-20,Mouse,5.0,800,4000
C0137,Female,24,Mumbai,2024-09-16,Mouse,2.0,800,1600
C0386,Male,20,Jaipur,2025-01-25,Printer,5.0,12000,60000
C0728,Female,29,Mumbai,2025-07-24,Monitor,2.0,15000,30000
C0665,Male,55,Pune,2024-08-29,Monitor,5.0,15000,75000
C0244,Male,27,Jaipur,2024-01-31,Printer,4.0,12000,48000
C0402,Male,54,Delhi,2025-06-11,Monitor,5.0,15000,75000
C0947,Male,54,Bangalore,2024-05-29,Monitor,2.0,15000,30000
C0125,Male,25,Jaipur,2024-06-28,Monitor,2.0,15000,30000
C0911,Male,19,Jaipur,2025-04-17,Printer,4.0,12000,48000
C0445,Female,25,Jaipur,2025-10-08,Laptop,5.0,55000,275000
C0612,Female,42,Jaipur,2024-03-26,Laptop,5.0,55000,275000
C0838,Female,30,Mumbai,2024-10-22,Mouse,1.0,800,800
C0064,Male,53,Mumbai,2025-10-18,Keyboard,2.0,1500,3000
C0967,Male,55,Bangalore,2024-10-09,Laptop,4.0,55000,220000
C0432,Male,30,Mumbai,2025-08-25,Keyboard,4.0,1500,6000
C0324,Male,20,Jaipur,2025-04-13,Monitor,1.0,15000,15000
C0856,Female,29,Jaipur,2024-12-03,Keyboard,3.0,1500,4500
C0976,Female,46,Jaipur,2025-12-06,Keyboard,1.0,1500,1500
C0048,Female,45,Kolkata,2024-10-02,Mouse,4.0,800,3200
C0095,Male,18,Kolkata,2024-11-02,Mouse,3.0,800,2400
C0889,Male,23,Kolkata,2024-01-02,Monitor,3.0,15000,45000
C0828,Female,52,Mumbai,2025-09-20,Laptop,4.0,55000,220000
C0838,Female,57,Pune,2025-09-21,Laptop,5.0,55000,275000
C0016,Female,53,Delhi,2025-07-15,Mouse,4.0,800,3200
C0208,Female,53,Delhi,2025-08-04,Mouse,5.0,800,4000
C0579,Female,28,Pune,2024-01-16,Printer,4.0,12000,48000
C0541,Male,52,Pune,2025-06-16,Printer,5.0,12000,60000
C0920,Male,48,Bangalore,2024-03-15,Mouse,5.0,800,4000
C0373,Male,41,Bangalore,2025-01-06,Mouse,2.0,800,1600
C0465,Male,54,Pune,2025-12-10,Mouse,1.0,800,800
C0609,Male,26,Jaipur,2025-03-17,Laptop,2.0,55000,110000
C0903,Female,47,Kolkata,2025-07-26,Printer,5.0,12000,60000
C0851,Male,42,Jaipur,2025-07-20,Keyboard,1.0,1500,1500
C0876,Male,54,Mumbai,2025-04-17,Monitor,1.0,15000,15000
C0370,Female,50,Mumbai,2025-05-13,Laptop,4.0,55000,220000
C0468,Female,23,Kolkata,2024-10-30,Monitor,4.0,15000,60000
C0395,Male,22,Jaipur,2024-05-28,Printer,5.0,12000,60000
C0288,Male,56,Kolkata,2024-05-21,Printer,4.0,12000,48000
C0447,Female,29,Delhi,2025-05-03,Monitor,5.0,15000,75000
C0343,Male,46,Jaipur,2024-09-29,Keyboard,3.0,1500,4500
C0939,Male,24,Bangalore,2025-01-16,Keyboard,3.0,1500,4500
C0498,Male,38,Pune,2024-01-03,Printer,2.0,12000,24000
C0866,Male,26,Mumbai,2025-12-28,Mouse,1.0,800,800
C0589,Male,21,Jaipur,2025-12-22,Mouse,2.0,800,1600
C0921,Female,44,Mumbai,2024-06-24,Laptop,4.0,55000,220000
C0217,Male,35,Pune,2024-06-15,Monitor,5.0,15000,75000
C0942,Female,35,Jaipur,2025-05-12,Laptop,1.0,55000,55000
C0533,Male,28,Kolkata,2024-09-03,Keyboard,4.0,1500,6000
C0093,Male,44,Jaipur,2025-01-17,Mouse,5.0,800,4000
C0007,Female,22,Jaipur,2025-10-18,Keyboard,5.0,1500,7500
C0715,Male,23,Jaipur,2024-01-02,Printer,3.0,12000,36000
C0626,Male,47,Jaipur,2024-07-09,Laptop,3.0,55000,165000
C0438,Male,20,Kolkata,2025-03-27,Keyboard,2.0,1500,3000
C0055,Male,30,Jaipur,2024-03-13,Laptop,4.0,55000,220000
C0830,Female,55,Mumbai,2025-05-10,Laptop,1.0,55000,55000
C0263,Male,50,Bangalore,2025-12-29,Keyboard,5.0,1500,7500
C0336,Female,32,Kolkata,2025-06-18,Monitor,5.0,15000,75000
C0480,Female,55,Bangalore,2025-02-26,Printer,2.0,12000,24000
C0353,Male,56,Mumbai,2024-04-28,Keyboard,4.0,1500,6000
C0424,Male,57,Kolkata,2025-04-30,Printer,2.0,12000,24000
C0208,Female,52,Jaipur,2024-02-06,Monitor,1.0,15000,15000
C0265,Female,20,Delhi,2025-11-10,Keyboard,5.0,1500,7500
C0626,Female,32,Kolkata,2025-04-24,Monitor,1.0,15000,15000
C0914,Female,31,Kolkata,2024-09-19,Keyboard,4.0,1500,6000
C0537,Male,39,Delhi,2024-03-02,Mouse,5.0,800,4000
C0416,Female,52,Pune,2025-04-03,Laptop,4.0,55000,220000
C0199,Male,34,Mumbai,2024-07-18,Printer,5.0,12000,60000
C0561,Female,29,Mumbai,2025-10-07,Monitor,4.0,15000,60000
C0993,Female,43,Delhi,2024-12-04,Printer,1.0,12000,12000
C0343,Male,46,Pune,2025-02-06,Keyboard,1.0,1500,1500
C0369,Female,57,Mumbai,2025-01-07,Keyboard,1.0,1500,1500
C0984,Female,28,Delhi,2024-01-10,Printer,2.0,12000,24000
C0609,Male,52,Mumbai,2024-02-13,Keyboard,1.0,1500,1500
C0506,Female,19,Kolkata,2024-08-27,Printer,1.0,12000,12000
C0103,Male,24,Pune,2024-04-07,Printer,4.0,12000,48000
C0616,Male,27,Mumbai,2025-11-29,Keyboard,4.0,1500,6000
C0399,Male,29,Delhi,2025-09-27,Laptop,4.0,55000,220000
C0380,Male,38,Mumbai,2024-01-01,Laptop,2.0,55000,110000
C0915,Male,60,Delhi,2024-11-17,Monitor,4.0,15000,60000
C0804,Female,21,Jaipur,2025-12-17,Monitor,4.0,15000,60000
C0942,Male,23,Mumbai,2024-08-07,Laptop,3.0,55000,165000
C0884,Male,40,Kolkata,2025-03-26,Printer,3.0,12000,36000
C0649,Female,20,Pune,2025-05-19,Keyboard,1.0,1500,1500
C0103,Female,30,Delhi,2025-07-17,Mouse,5.0,800,4000
C0051,Female,55,Kolkata,2024-08-24,Keyboard,1.0,1500,1500
C0683,Male,21,Jaipur,2025-11-24,Mouse,3.0,800,2400
C0637,Male,37,Kolkata,2025-12-07,Laptop,2.0,55000,110000
C0919,Male,18,Mumbai,2024-02-02,Keyboard,2.0,1500,3000
C0900,Male,45,Jaipur,2025-12-16,Printer,5.0,12000,60000
C0996,Female,22,Jaipur,2025-10-03,Printer,3.0,12000,36000
C0629,Male,32,Kolkata,2025-09-23,Keyboard,5.0,1500,7500
C0914,Male,52,Mumbai,2025-01-17,Keyboard,2.0,1500,3000
C0703,Female,27,Jaipur,2024-03-13,Keyboard,4.0,1500,6000
C0035,Male,44,Pune,2024-01-14,Printer,5.0,12000,60000
C0660,Male,43,Bangalore,2024-03-01,Mouse,5.0,800,4000
C0076,Female,46,Pune,2025-12-13,Keyboard,1.0,1500,1500
C0917,Male,48,Bangalore,2024-08-11,Keyboard,2.0,1500,3000
C0679,Male,54,Mumbai,2025-12-16,Keyboard,5.0,1500,7500
C0987,Female,32,Jaipur,2025-05-17,Laptop,4.0,55000,220000
C0470,Female,28,Mumbai,2024-08-11,Keyboard,1.0,1500,1500
C0165,Female,18,Jaipur,2025-01-23,Mouse,2.0,800,1600
C0321,Female,26,Pune,2024-04-18,Monitor,3.0,15000,45000
C0471,Female,29,Bangalore,2025-11-08,Laptop,2.0,55000,110000
C0970,Male,32,Delhi,2024-04-07,Keyboard,3.0,1500,4500
C0072,Male,20,Bangalore,2025-11-24,Laptop,4.0,55000,220000
C0048,Female,33,Jaipur,2025-02-27,Printer,5.0,12000,60000
C0523,Female,33,Jaipur,2024-03-31,Monitor,1.0,15000,15000
C0394,Female,46,Delhi,2024-01-07,Monitor,5.0,15000,75000
C0289,Female,47,Mumbai,2025-07-10,Printer,5.0,12000,60000
C0462,Female,54,Delhi,2025-08-30,Laptop,2.0,55000,110000
C0755,Female,37,Delhi,2024-08-24,Mouse,1.0,800,800
C0977,Male,44,Kolkata,2025-12-11,Monitor,1.0,15000,15000
C0145,Female,41,Mumbai,2024-03-20,Printer,2.0,12000,24000
C0262,Female,47,Jaipur,2024-01-02,Printer,2.0,12000,24000
C0930,Female,25,Jaipur,2024-08-19,Keyboard,2.0,1500,3000
C0731,Male,29,Delhi,2024-04-11,Mouse,2.0,800,1600
C0663,Male,22,Mumbai,2025-06-18,Printer,1.0,12000,12000
C0587,Female,18,Kolkata,2024-04-06,Keyboard,5.0,1500,7500
C0445,Male,25,Bangalore,2025-07-02,Mouse,2.0,800,1600
C0381,Female,53,Bangalore,2024-11-16,Laptop,5.0,55000,275000
C0583,Female,48,Delhi,2025-07-23,Laptop,4.0,55000,220000
C0530,Male,21,Mumbai,2025-07-01,Monitor,4.0,15000,60000
C0784,Male,22,Bangalore,2024-06-07,Mouse,5.0,800,4000
C0521,Female,29,Bangalore,2024-11-14,Keyboard,3.0,1500,4500
C0888,Male,60,Jaipur,2024-06-21,Printer,2.0,12000,24000
C0740,Female,28,Jaipur,2025-07-18,Laptop,2.0,55000,110000
C0219,Female,52,Delhi,2025-11-09,Monitor,2.0,15000,30000
C0969,Male,21,Mumbai,2024-10-12,Laptop,3.0,55000,165000
C0499,Female,59,Delhi,2024-04-22,Monitor,5.0,15000,75000
C0068,Female,41,Bangalore,2025-12-18,Printer,2.0,12000,24000
C0011,Male,58,Kolkata,2024-02-06,Laptop,2.0,55000,110000
C0650,Male,21,Mumbai,2024-05-14,Monitor,2.0,15000,30000
C0134,Female,49,Mumbai,2024-09-06,Monitor,1.0,15000,15000
C0382,Male,20,Delhi,2025-03-03,Printer,1.0,12000,12000
C0344,Male,44,Mumbai,2024-01-03,Mouse,2.0,800,1600
C0699,Male,40,Kolkata,2025-03-26,Printer,2.0,12000,24000
C0468,Female,40,Pune,2025-09-17,Printer,1.0,12000,12000
C0551,Male,26,Jaipur,2025-09-04,Laptop,2.0,55000,110000
C0092,Female,22,Pune,2025-09-14,Keyboard,4.0,1500,6000
C0042,Male,55,Kolkata,2024-05-02,Printer,2.0,12000,24000
C0967,Male,34,Delhi,2024-03-09,Printer,3.0,12000,36000
C0635,Female,43,Delhi,2024-03-24,Monitor,5.0,15000,75000
C0821,Male,25,Pune,2025-05-28,Mouse,1.0,800,800
C0058,Female,43,Bangalore,2025-02-06,Keyboard,4.0,1500,6000
C0472,Male,42,Delhi,2024-03-27,Mouse,2.0,800,1600
C0585,Female,41,Mumbai,2025-08-18,Laptop,3.0,55000,165000
C0294,Female,37,Kolkata,2025-03-17,Laptop,4.0,55000,220000
C0401,Male,37,Bangalore,2025-08-04,Monitor,2.0,15000,30000
C0427,Female,18,Mumbai,2024-06-20,Printer,4.0,12000,48000
C0465,Male,26,Delhi,2025-03-20,Mouse,2.0,800,1600
C0904,Male,23,Mumbai,2024-08-09,Monitor,3.0,15000,45000
C0805,Female,60,Delhi,2025-12-13,Keyboard,5.0,1500,7500
C0329,Female,27,Jaipur,2025-10-13,Printer,5.0,12000,60000
C0908,Male,52,Kolkata,2025-12-04,Mouse,5.0,800,4000
C0633,Male,57,Pune,2024-11-14,Monitor,2.0,15000,30000
C0930,Male,60,Bangalore,2024-09-26,Printer,4.0,12000,48000
C0226,Male,53,Mumbai,2024-10-15,Monitor,2.0,15000,30000
C0970,Female,29,Mumbai,2025-06-28,Laptop,3.0,55000,165000
C0242,Male,33,Mumbai,2025-12-07,Monitor,1.0,15000,15000
C0247,Male,23,Kolkata,2025-05-26,Keyboard,5.0,1500,7500
C0416,Male,41,Kolkata,2025-04-23,Keyboard,3.0,1500,4500
C0798,Female,54,Kolkata,2024-12-04,Keyboard,4.0,1500,6000
C0816,Female,43,Bangalore,2024-07-23,Keyboard,3.0,1500,4500
C0370,Male,45,Mumbai,2024-10-04,Printer,4.0,12000,48000
C0403,Female,56,Bangalore,2025-03-17,Mouse,1.0,800,800
C0214,Female,26,Jaipur,2024-10-19,Monitor,3.0,15000,45000
C0379,Male,52,Kolkata,2024-12-06,Laptop,5.0,55000,275000
C0948,Female,50,Jaipur,2025-02-12,Keyboard,2.0,1500,3000
C0611,Male,38,Mumbai,2025-02-10,Printer,4.0,12000,48000
C0310,Female,29,Jaipur,2025-04-09,Monitor,1.0,15000,15000
C0891,Female,26,Delhi,2024-05-01,Keyboard,5.0,1500,7500
C0273,Male,42,Jaipur,2025-11-14,Keyboard,1.0,1500,1500
C0977,Female,59,Bangalore,2024-09-10,Printer,2.0,12000,24000
C0812,Male,44,Jaipur,2024-11-12,Keyboard,3.0,1500,4500
C0219,Male,46,Bangalore,2025-11-04,Mouse,2.0,800,1600
C0789,Female,32,Jaipur,2025-06-30,Laptop,1.0,55000,55000
C0662,Male,49,Bangalore,2024-05-25,Keyboard,2.0,1500,3000
C0955,Male,23,Mumbai,2024-04-04,Printer,4.0,12000,48000
C0939,Female,38,Delhi,2025-11-04,Monitor,3.0,15000,45000
C0287,Male,45,Bangalore,2024-09-30,Mouse,3.0,800,2400
C0865,Female,21,Jaipur,2025-10-20,Mouse,2.0,800,1600
C0989,Male,59,Kolkata,2025-02-24,Laptop,5.0,55000,275000
C0816,Female,27,Delhi,2025-04-08,Mouse,4.0,800,3200
C0136,Female,43,Kolkata,2024-07-11,Keyboard,4.0,1500,6000
C0200,Female,18,Jaipur,2025-10-23,Keyboard,1.0,1500,1500
C0848,Male,58,Kolkata,2025-03-25,Keyboard,2.0,1500,3000
C0955,Male,19,Mumbai,2025-11-05,Keyboard,5.0,1500,7500
C0047,Male,19,Delhi,2024-05-11,Mouse,2.0,800,1600
C0068,Female,29,Mumbai,2024-05-02,Mouse,2.0,800,1600
C0436,Male,56,Mumbai,2025-12-09,Monitor,5.0,15000,75000
C0811,Male,31,Pune,2025-05-21,Printer,1.0,12000,12000
C0169,Male,30,Jaipur,2025-09-29,Monitor,4.0,15000,60000
C0355,Female,27,Bangalore,2024-01-28,Mouse,2.0,800,1600
C0616,Male,54,Kolkata,2024-12-18,Mouse,2.0,800,1600
C0131,Female,57,Mumbai,2024-05-31,Monitor,2.0,15000,30000
C0174,Male,58,Kolkata,2025-12-17,Mouse,2.0,800,1600
C0631,Male,51,Bangalore,2024-01-02,Printer,2.0,12000,24000
C0295,Female,48,Kolkata,2024-08-18,Monitor,3.0,15000,45000
C0133,Male,45,Pune,2024-12-24,Laptop,5.0,55000,275000
C0996,Male,48,Pune,2025-07-18,Laptop,1.0,55000,55000
C1000,Female,20,Bangalore,2025-09-13,Monitor,4.0,15000,60000
C0510,Male,50,Delhi,2024-02-09,Monitor,4.0,15000,60000
C0102,Male,49,Jaipur,2024-04-12,Monitor,4.0,15000,60000
C0363,Male,53,Kolkata,2025-12-24,Printer,2.0,12000,24000
C0092,Female,60,Kolkata,2025-06-30,Mouse,3.0,800,2400
C0881,Female,43,Pune,2025-03-29,Monitor,3.0,15000,45000
C0772,Female,26,Delhi,2025-12-08,Monitor,2.0,15000,30000
C0157,Male,28,Kolkata,2025-10-11,Printer,1.0,12000,12000
C0109,Female,34,Delhi,2025-11-17,Keyboard,5.0,1500,7500
C0879,Male,60,Kolkata,2024-12-28,Monitor,2.0,15000,30000
C0415,Male,42,Delhi,2024-08-04,Printer,3.0,12000,36000
C0381,Male,42,Delhi,2024-03-09,Mouse,2.0,800,1600
C0876,Male,52,Jaipur,2025-12-01,Keyboard,4.0,1500,6000
C0813,Female,35,Jaipur,2025-05-12,Monitor,1.0,15000,15000
C0686,Female,32,Bangalore,2025-10-30,Keyboard,1.0,1500,1500
C0576,Female,27,Jaipur,2025-01-29,Laptop,2.0,55000,110000
C0179,Female,60,Jaipur,2025-11-10,Printer,3.0,12000,36000
C0409,Male,54,Kolkata,2025-01-30,Mouse,3.0,800,2400
C0065,Female,35,Pune,2024-11-22,Laptop,3.0,55000,165000
C0258,Male,29,Kolkata,2024-03-29,Laptop,3.0,55000,165000
C0439,Female,22,Jaipur,2024-12-03,Printer,3.0,12000,36000
C0439,Female,19,Bangalore,2025-01-19,Laptop,5.0,55000,275000
C0607,Male,55,Mumbai,2025-05-23,Mouse,5.0,800,4000
C0367,Male,21,Pune,2024-01-19,Laptop,2.0,55000,110000
C0260,Male,45,Delhi,2025-09-29,Laptop,1.0,55000,55000
C0888,Female,24,Delhi,2024-11-10,Laptop,2.0,55000,110000
C0076,Male,54,Delhi,2025-02-17,Mouse,5.0,800,4000
C0474,Female,43,Jaipur,2025-04-30,Printer,5.0,12000,60000
C0221,Male,28,Pune,2024-08-24,Mouse,4.0,800,3200
C0082,Male,26,Pune,2025-04-16,Mouse,1.0,800,800
C0983,Female,54,Bangalore,2025-05-01,Printer,5.0,12000,60000
C0665,Female,40,Delhi,2025-12-16,Monitor,5.0,15000,75000
C0710,Female,30,Jaipur,2025-10-07,Printer,1.0,12000,12000
C0789,Female,39,Mumbai,2025-06-08,Monitor,1.0,15000,15000
C0689,Female,29,Delhi,2024-02-16,Laptop,2.0,55000,110000
C0163,Male,55,Jaipur,2024-12-23,Keyboard,1.0,1500,1500
C0498,Female,35,Mumbai,2024-10-17,Printer,4.0,12000,48000
C0492,Male,21,Jaipur,2025-07-28,Monitor,4.0,15000,60000
C0476,Female,37,Mumbai,2025-05-23,Printer,4.0,12000,48000
C0411,Female,54,Pune,2024-11-12,Printer,4.0,12000,48000
C0907,Male,44,Delhi,2025-03-12,Mouse,3.0,800,2400
C0708,Male,34,Mumbai,2025-02-20,Laptop,1.0,55000,55000
C0251,Female,38,Kolkata,2024-07-22,Monitor,4.0,15000,60000
C0039,Female,35,Bangalore,2024-07-09,Mouse,5.0,800,4000
C0986,Female,46,Jaipur,2025-10-27,Laptop,5.0,55000,275000
C0367,Male,54,Kolkata,2024-11-24,Mouse,2.0,800,1600
C0211,Male,41,Bangalore,2024-07-02,Mouse,1.0,800,800
C0377,Female,25,Delhi,2025-04-18,Printer,2.0,12000,24000
C0424,Male,45,Mumbai,2024-11-17,Monitor,1.0,15000,15000
C0629,Female,51,Bangalore,2024-12-09,Printer,5.0,12000,60000
C0627,Female,40,Mumbai,2024-09-10,Mouse,4.0,800,3200
C0306,Female,34,Mumbai,2025-12-27,Monitor,3.0,15000,45000
C0264,Male,37,Bangalore,2025-08-06,Laptop,4.0,55000,220000
C0951,Male,56,Delhi,2025-08-15,Keyboard,3.0,1500,4500
C0462,Female,32,Bangalore,2024-09-27,Keyboard,4.0,1500,6000
C0018,Male,27,Delhi,2024-12-02,Laptop,5.0,55000,275000
C0513,Female,26,Bangalore,2025-08-12,Mouse,2.0,800,1600
C0686,Female,24,Delhi,2024-01-09,Monitor,1.0,15000,15000
C0916,Female,26,Jaipur,2025-05-05,Monitor,1.0,15000,15000
C0780,Male,48,Mumbai,2024-12-22,Keyboard,5.0,1500,7500
C0198,Female,58,Kolkata,2024-12-10,Mouse,3.0,800,2400
C0484,Male,26,Jaipur,2024-02-13,Monitor,1.0,15000,15000
C0310,Female,54,Pune,2024-03-06,Keyboard,4.0,1500,6000
C0152,Male,54,Jaipur,2024-12-30,Laptop,2.0,55000,110000
C0110,Male,25,Delhi,2025-02-06,Mouse,3.0,800,2400
C0886,Female,51,Kolkata,2024-07-13,Printer,4.0,12000,48000
C0339,Female,58,Kolkata,2025-07-22,Mouse,1.0,800,800
C0963,Female,23,Bangalore,2024-03-11,Printer,2.0,12000,24000
C0268,Female,53,Mumbai,2025-12-13,Monitor,3.0,15000,45000
C0336,Female,42,Delhi,2024-08-16,Laptop,1.0,55000,55000
C0957,Female,21,Delhi,2024-07-14,Keyboard,2.0,1500,3000
C0849,Female,28,Kolkata,2024-09-11,Monitor,1.0,15000,15000
C0200,Female,47,Mumbai,2025-02-20,Monitor,3.0,15000,45000
C0213,Male,19,Mumbai,2025-08-16,Monitor,4.0,15000,60000
C0426,Female,52,Jaipur,2025-10-28,Laptop,5.0,55000,275000
C0322,Male,54,Mumbai,2024-02-21,Mouse,5.0,800,4000
C0157,Male,59,Kolkata,2024-10-19,Mouse,4.0,800,3200
C0066,Female,34,Delhi,2024-07-31,Laptop,3.0,55000,165000
C0862,Female,21,Delhi,2025-01-10,Monitor,5.0,15000,75000
C0970,Male,28,Delhi,2024-10-14,Printer,5.0,12000,60000
C0433,Female,39,Delhi,2024-06-12,Mouse,3.0,800,2400
C0204,Male,26,Bangalore,2024-08-27,Monitor,5.0,15000,75000
C0010,Male,19,Delhi,2025-08-10,Keyboard,4.0,1500,6000
C0111,Male,31,Jaipur,2024-08-12,Monitor,1.0,15000,15000
C0203,Female,44,Pune,2025-12-09,Mouse,1.0,800,800
C0126,Female,47,Mumbai,2025-03-13,Laptop,4.0,55000,220000
C0146,Female,57,Bangalore,2024-09-12,Keyboard,3.0,1500,4500
C0921,Male,29,Mumbai,2024-02-27,Keyboard,2.0,1500,3000
C0081,Male,32,Kolkata,2024-09-21,Printer,5.0,12000,60000
C0836,Female,28,Delhi,2024-10-04,Laptop,2.0,55000,110000
C0734,Male,20,Delhi,2025-04-14,Printer,3.0,12000,36000
C0070,Male,23,Pune,2025-11-08,Monitor,2.0,15000,30000
C0817,Male,36,Jaipur,2025-03-25,Keyboard,1.0,1500,1500
C0834,Female,34,Kolkata,2024-04-14,Printer,4.0,12000,48000
C0852,Female,59,Kolkata,2024-09-23,Mouse,3.0,800,2400
C0424,Male,57,Bangalore,2024-02-21,Monitor,3.0,15000,45000
C0396,Female,58,Bangalore,2025-03-27,Monitor,5.0,15000,75000
C0158,Female,58,Delhi,2024-03-06,Keyboard,5.0,1500,7500
C0185,Male,38,Bangalore,2025-12-05,Laptop,5.0,55000,275000
C0352,Female,43,Bangalore,2025-06-03,Keyboard,3.0,1500,4500
C0743,Male,33,Pune,2025-04-07,Monitor,2.0,15000,30000
C0588,Male,29,Jaipur,2024-03-29,Monitor,1.0,15000,15000
C0049,Male,51,Pune,2024-08-29,Printer,1.0,12000,12000
C0714,Female,53,Pune,2025-11-16,Printer,1.0,12000,12000
C0939,Male,47,Jaipur,2025-12-11,Mouse,3.0,800,2400
C0037,Male,56,Delhi,2025-08-24,Keyboard,1.0,1500,1500
C0995,Female,40,Delhi,2024-04-22,Printer,3.0,12000,36000
C0506,Male,29,Delhi,2025-02-01,Monitor,4.0,15000,60000
C0767,Female,33,Delhi,2024-07-05,Printer,4.0,12000,48000
C0168,Male,41,Mumbai,2024-04-25,Monitor,2.0,15000,30000
C0385,Male,42,Kolkata,2025-08-28,Keyboard,3.0,1500,4500
C0901,Female,30,Delhi,2024-07-19,Laptop,5.0,55000,275000
C0208,Female,36,Mumbai,2024-11-08,Mouse,1.0,800,800
C0515,Female,50,Bangalore,2024-01-13,Printer,3.0,12000,36000
C0278,Female,19,Delhi,2025-09-20,Laptop,3.0,55000,165000
C0700,Female,50,Kolkata,2025-09-18,Keyboard,1.0,1500,1500
C0785,Female,30,Kolkata,2024-09-20,Mouse,4.0,800,3200
C0639,Male,43,Pune,2025-09-04,Monitor,2.0,15000,30000
C0759,Female,44,Delhi,2025-04-08,Keyboard,2.0,1500,3000
C0944,Female,48,Mumbai,2025-01-02,Monitor,2.0,15000,30000
C0581,Male,19,Pune,2024-12-23,Laptop,4.0,55000,220000
C0556,Male,27,Bangalore,2025-10-31,Monitor,1.0,15000,15000
C0378,Male,27,Bangalore,2024-03-14,Keyboard,1.0,1500,1500
C0331,Female,31,Jaipur,2024-11-21,Monitor,5.0,15000,75000
C0324,Female,32,Pune,2025-11-15,Monitor,4.0,15000,60000
C0738,Male,59,Pune,2024-10-30,Monitor,5.0,15000,75000
C0681,Male,20,Pune,2024-12-09,Mouse,1.0,800,800
C0680,Female,57,Bangalore,2024-12-13,Laptop,5.0,55000,275000
C0100,Male,31,Kolkata,2025-11-01,Laptop,2.0,55000,110000
C0552,Male,20,Mumbai,2024-08-17,Printer,5.0,12000,60000
C0722,Male,22,Kolkata,2024-06-04,Laptop,2.0,55000,110000
C0097,Male,22,Mumbai,2025-11-09,Keyboard,5.0,1500,7500
C0934,Male,41,Bangalore,2025-07-10,Monitor,4.0,15000,60000
C0428,Female,43,Mumbai,2025-08-19,Laptop,1.0,55000,55000
C0113,Female,34,Bangalore,2025-02-02,Printer,1.0,12000,12000
C0317,Female,26,Kolkata,2025-02-01,Laptop,1.0,55000,55000
C0182,Female,46,Kolkata,2024-09-07,Printer,4.0,12000,48000
C0852,Female,51,Mumbai,2024-10-15,Mouse,4.0,800,3200
C0969,Female,37,Kolkata,2025-03-21,Laptop,5.0,55000,275000
C0742,Male,31,Mumbai,2025-09-17,Monitor,1.0,15000,15000
C0145,Female,27,Delhi,2024-07-06,Laptop,2.0,55000,110000
C0018,Female,22,Jaipur,2025-09-18,Keyboard,2.0,1500,3000
C0260,Male,25,Mumbai,2025-08-04,Mouse,5.0,800,4000
C0792,Male,23,Pune,2024-06-06,Printer,4.0,12000,48000
C0846,Female,55,Bangalore,2024-10-11,Printer,5.0,12000,60000
C0590,Male,59,Delhi,2024-04-23,Printer,2.0,12000,24000
C0754,Male,21,Delhi,2025-02-23,Mouse,4.0,800,3200
C0022,Male,18,Jaipur,2024-07-20,Laptop,3.0,55000,165000
C0766,Male,52,Mumbai,2025-02-09,Monitor,5.0,15000,75000
C0194,Male,18,Mumbai,2024-07-02,Laptop,3.0,55000,165000
C0277,Male,51,Delhi,2024-12-29,Printer,1.0,12000,12000
C0567,Male,44,Bangalore,2025-09-18,Monitor,5.0,15000,75000
C0064,Male,46,Pune,2024-06-16,Printer,4.0,12000,48000
C0843,Female,45,Delhi,2025-07-23,Monitor,2.0,15000,30000
C0911,Male,50,Bangalore,2024-08-07,Mouse,2.0,800,1600
C0835,Female,44,Kolkata,2024-12-10,Laptop,5.0,55000,275000
C0651,Male,58,Bangalore,2025-02-11,Mouse,2.0,800,1600
C0466,Male,33,Pune,2024-04-21,Printer,3.0,12000,36000
C0001,Male,30,Delhi,2024-07-24,Printer,2.0,12000,24000
C0922,Male,56,Delhi,2025-06-04,Laptop,5.0,55000,275000
C0749,Male,40,Delhi,2024-03-05,Mouse,5.0,800,4000
C0542,Female,38,Kolkata,2025-05-08,Laptop,4.0,55000,220000
C0505,Female,24,Kolkata,2025-10-06,Laptop,4.0,55000,220000
C0741,Female,55,Delhi,2025-06-19,Laptop,5.0,55000,275000
C0103,Female,33,Jaipur,2025-04-23,Printer,2.0,12000,24000
C0622,Female,44,Jaipur,2025-12-12,Mouse,5.0,800,4000
C0114,Female,55,Pune,2025-10-20,Printer,5.0,12000,60000
C0253,Female,40,Kolkata,2025-11-22,Mouse,2.0,800,1600
C0018,Male,43,Pune,2025-06-30,Keyboard,4.0,1500,6000
C0394,Male,57,Mumbai,2024-05-21,Printer,1.0,12000,12000
C0332,Female,31,Mumbai,2025-08-30,Printer,5.0,12000,60000
C0580,Male,39,Mumbai,2024-10-06,Monitor,5.0,15000,75000
C0688,Female,58,Kolkata,2024-11-01,Laptop,4.0,55000,220000
C0908,Male,55,Bangalore,2024-10-01,Laptop,4.0,55000,220000
C0643,Female,27,Bangalore,2025-08-27,Mouse,4.0,800,3200
C0312,Male,46,Bangalore,2025-05-11,Printer,4.0,12000,48000
C0023,Male,53,Bangalore,2025-12-03,Mouse,3.0,800,2400
C0697,Female,34,Bangalore,2025-08-07,Keyboard,5.0,1500,7500
C0292,Female,35,Jaipur,2025-09-14,Printer,2.0,12000,24000
C0822,Female,25,Pune,2024-10-22,Mouse,2.0,800,1600
C0860,Female,51,Kolkata,2025-02-12,Keyboard,2.0,1500,3000
C0751,Male,42,Mumbai,2024-01-29,Printer,5.0,12000,60000
C0272,Female,38,Jaipur,2025-11-09,Printer,2.0,12000,24000
C0656,Female,18,Mumbai,2024-02-02,Monitor,1.0,15000,15000
C0168,Female,26,Pune,2025-02-13,Laptop,4.0,55000,220000
C0297,Male,19,Bangalore,2025-07-01,Monitor,3.0,15000,45000
C0854,Female,40,Bangalore,2024-01-01,Laptop,2.0,55000,110000
C0570,Male,60,Jaipur,2024-11-08,Keyboard,4.0,1500,6000
C0683,Male,57,Bangalore,2024-04-18,Mouse,3.0,800,2400
C0567,Female,44,Delhi,2025-04-02,Laptop,2.0,55000,110000
C0808,Female,18,Jaipur,2024-02-17,Laptop,2.0,55000,110000
C0696,Female,42,Kolkata,2025-08-29,Mouse,1.0,800,800
C0910,Female,59,Delhi,2025-01-31,Laptop,3.0,55000,165000
C0300,Male,53,Mumbai,2025-03-24,Printer,2.0,12000,24000
C0555,Female,45,Pune,2025-05-29,Printer,1.0,12000,12000
C0780,Female,19,Kolkata,2025-04-28,Laptop,5.0,55000,275000
C0166,Female,59,Jaipur,2025-10-08,Laptop,1.0,55000,55000
C0769,Male,45,Mumbai,2024-08-24,Laptop,1.0,55000,55000
C0278,Female,37,Mumbai,2025-09-01,Monitor,5.0,15000,75000
C0961,Male,43,Pune,2025-03-08,Keyboard,3.0,1500,4500
C0573,Female,41,Delhi,2025-01-21,Keyboard,1.0,1500,1500
C0146,Male,25,Mumbai,2025-09-03,Keyboard,5.0,1500,7500
C0447,Female,26,Mumbai,2024-07-07,Mouse,2.0,800,1600
C0962,Male,25,Bangalore,2024-08-29,Laptop,3.0,55000,165000
C0221,Female,46,Jaipur,2024-11-10,Keyboard,4.0,1500,6000
C0492,Female,37,Bangalore,2025-01-16,Keyboard,3.0,1500,4500
C0612,Male,56,Pune,2024-04-08,Keyboard,2.0,1500,3000
C0869,Male,52,Delhi,2025-05-15,Keyboard,1.0,1500,1500
C0851,Male,26,Mumbai,2024-08-11,Keyboard,3.0,1500,4500
C0105,Male,56,Jaipur,2025-02-07,Laptop,2.0,55000,110000
C0131,Male,23,Jaipur,2025-10-17,Mouse,2.0,800,1600
C0147,Female,49,Delhi,2025-07-02,Mouse,3.0,800,2400
C0658,Male,57,Mumbai,2025-12-30,Printer,3.0,12000,36000
C0692,Female,53,Mumbai,2025-08-21,Monitor,2.0,15000,30000
C0685,Female,28,Kolkata,2025-12-30,Keyboard,2.0,1500,3000
C0880,Female,24,Pune,2024-12-01,Laptop,5.0,55000,275000
C0501,Female,57,Jaipur,2024-02-26,Mouse,1.0,800,800
C0345,Male,51,Kolkata,2024-11-11,Laptop,3.0,55000,165000
C0614,Male,34,Pune,2024-10-02,Mouse,3.0,800,2400
C0483,Male,41,Kolkata,2024-05-24,Monitor,3.0,15000,45000
C0305,Female,51,Kolkata,2025-04-17,Keyboard,1.0,1500,1500
C0122,Female,55,Mumbai,2024-07-23,Printer,4.0,12000,48000
C0267,Female,56,Delhi,2024-08-24,Laptop,3.0,55000,165000
C0501,Male,32,Delhi,2024-08-10,Laptop,5.0,55000,275000
C0432,Male,22,Kolkata,2025-10-21,Monitor,2.0,15000,30000
C0534,Male,45,Jaipur,2025-06-02,Printer,4.0,12000,48000
C0548,Male,53,Jaipur,2025-05-06,Keyboard,2.0,1500,3000
C0557,Female,30,Jaipur,2025-03-21,Keyboard,5.0,1500,7500
C0189,Female,22,Mumbai,2025-03-31,Monitor,1.0,15000,15000
C0709,Female,44,Mumbai,2024-08-19,Monitor,3.0,15000,45000
C0495,Male,24,Bangalore,2024-12-30,Printer,1.0,12000,12000
C0436,Female,30,Mumbai,2025-05-23,Keyboard,4.0,1500,6000
C0090,Female,46,Kolkata,2025-08-29,Mouse,2.0,800,1600
C0829,Female,55,Jaipur,2024-08-02,Keyboard,2.0,1500,3000
C0834,Female,26,Bangalore,2024-09-20,Printer,5.0,12000,60000
C0910,Female,58,Pune,2024-02-23,Keyboard,3.0,1500,4500
C0625,Male,20,Jaipur,2025-09-01,Laptop,5.0,55000,275000
C0568,Female,48,Delhi,2025-06-28,Printer,1.0,12000,12000
C0928,Male,39,Delhi,2025-07-07,Laptop,1.0,55000,55000
C0609,Female,60,Bangalore,2024-06-23,Keyboard,3.0,1500,4500
C0667,Female,42,Mumbai,2024-10-31,Printer,5.0,12000,60000
C0635,Female,55,Mumbai,2025-07-28,Mouse,2.0,800,1600
C0933,Female,49,Mumbai,2025-06-16,Printer,3.0,12000,36000
C0130,Male,55,Jaipur,2024-03-14,Monitor,2.0,15000,30000
C0452,Female,52,Bangalore,2024-11-02,Laptop,2.0,55000,110000
C0542,Male,58,Bangalore,2025-04-18,Mouse,1.0,800,800
C0015,Female,55,Bangalore,2024-12-02,Keyboard,3.0,1500,4500
C0831,Male,35,Delhi,2024-06-12,Mouse,4.0,800,3200
C0536,Female,51,Jaipur,2024-08-10,Laptop,2.0,55000,110000
C0654,Male,31,Bangalore,2025-03-20,Printer,3.0,12000,36000
C0870,Male,23,Bangalore,2025-05-18,Monitor,5.0,15000,75000
C0855,Male,35,Mumbai,2024-01-24,Printer,1.0,12000,12000
C0756,Male,24,Pune,2024-02-18,Mouse,5.0,800,4000
C0380,Female,27,Bangalore,2025-08-22,Mouse,4.0,800,3200
C0213,Male,41,Jaipur,2025-07-05,Keyboard,5.0,1500,7500
C0769,Male,47,Kolkata,2024-07-18,Laptop,3.0,55000,165000
C0130,Female,19,Kolkata,2025-08-12,Laptop,1.0,55000,55000
C0247,Male,18,Delhi,2025-08-10,Printer,2.0,12000,24000
C0486,Female,26,Kolkata,2024-05-04,Keyboard,3.0,1500,4500
C0250,Female,20,Bangalore,2024-12-01,Laptop,5.0,55000,275000
C0847,Male,50,Kolkata,2024-10-17,Laptop,1.0,55000,55000
C0336,Male,26,Mumbai,2024-07-30,Monitor,4.0,15000,60000
C0411,Male,39,Kolkata,2024-07-29,Printer,4.0,12000,48000
C0389,Female,26,Pune,2025-12-07,Laptop,2.0,55000,110000
C0358,Female,54,Delhi,2024-09-04,Monitor,3.0,15000,45000
C0818,Male,18,Kolkata,2024-11-25,Keyboard,5.0,1500,7500
C0999,Female,23,Mumbai,2025-11-12,Keyboard,4.0,1500,6000
C0253,Male,59,Mumbai,2024-09-02,Mouse,4.0,800,3200
C0599,Female,54,Delhi,2024-04-28,Keyboard,3.0,1500,4500
C0104,Female,36,Delhi,2024-02-13,Mouse,5.0,800,4000
C0676,Male,50,Delhi,2024-07-05,Mouse,4.0,800,3200
C0468,Male,28,Bangalore,2025-10-27,Printer,4.0,12000,48000
C0388,Female,18,Mumbai,2024-06-30,Monitor,3.0,15000,45000
C0534,Male,42,Mumbai,2025-12-22,Keyboard,1.0,1500,1500
C0700,Female,22,Jaipur,2025-12-14,Laptop,5.0,55000,275000
C0473,Female,58,Delhi,2025-10-12,Keyboard,5.0,1500,7500
C0942,Female,44,Mumbai,2024-05-07,Laptop,3.0,55000,165000
C0039,Male,60,Bangalore,2024-05-18,Printer,1.0,12000,12000
C0503,Male,18,Mumbai,2025-03-05,Monitor,4.0,15000,60000
C0214,Female,26,Bangalore,2025-10-10,Laptop,3.0,55000,165000
C0266,Female,47,Jaipur,2024-08-23,Printer,5.0,12000,60000
C0607,Female,31,Jaipur,2025-08-11,Printer,4.0,12000,48000
C0817,Male,44,Pune,2025-12-12,Mouse,3.0,800,2400
C0775,Male,54,Delhi,2025-07-03,Monitor,5.0,15000,75000
C0782,Female,57,Bangalore,2024-11-23,Mouse,3.0,800,2400
C0773,Female,25,Kolkata,2025-07-04,Monitor,3.0,15000,45000
C0767,Female,26,Pune,2024-09-29,Laptop,4.0,55000,220000
C0910,Male,19,Kolkata,2025-07-27,Mouse,5.0,800,4000
C0123,Male,42,Mumbai,2024-11-08,Laptop,2.0,55000,110000
C0970,Male,55,Bangalore,2025-06-03,Printer,1.0,12000,12000
C0506,Male,53,Pune,2025-06-08,Mouse,3.0,800,2400
C0228,Male,31,Pune,2025-04-05,Keyboard,4.0,1500,6000
C0015,Female,24,Delhi,2024-01-13,Laptop,5.0,55000,275000
C0638,Male,40,Delhi,2024-01-24,Printer,4.0,12000,48000
C0191,Male,43,Delhi,2024-06-19,Keyboard,3.0,1500,4500
C0994,Male,34,Jaipur,2024-03-28,Monitor,2.0,15000,30000
C0626,Male,59,Mumbai,2024-05-17,Mouse,4.0,800,3200
C0008,Female,35,Jaipur,2025-12-25,Laptop,1.0,55000,55000
C0707,Female,55,Kolkata,2025-08-01,Keyboard,1.0,1500,1500
C0221,Male,35,Mumbai,2025-10-20,Monitor,5.0,15000,75000
C0078,Male,57,Pune,2024-04-11,Printer,3.0,12000,36000
C0978,Male,27,Mumbai,2024-01-29,Printer,4.0,12000,48000
C0602,Female,27,Kolkata,2025-08-11,Mouse,3.0,800,2400
C0417,Male,29,Delhi,2025-05-22,Keyboard,1.0,1500,1500
C0863,Female,27,Delhi,2024-09-28,Keyboard,1.0,1500,1500
C0853,Male,29,Pune,2025-06-30,Laptop,1.0,55000,55000
C0849,Male,20,Delhi,2025-06-22,Keyboard,4.0,1500,6000
C0442,Male,42,Delhi,2024-01-13,Laptop,4.0,55000,220000
C0153,Female,46,Kolkata,2024-06-04,Monitor,1.0,15000,15000
C0798,Male,20,Bangalore,2025-02-04,Keyboard,2.0,1500,3000
C0915,Female,26,Jaipur,2024-07-20,Printer,3.0,12000,36000
C0420,Male,18,Mumbai,2025-09-11,Mouse,4.0,800,3200
C0321,Male,21,Jaipur,2024-05-19,Mouse,2.0,800,1600
C0342,Male,19,Pune,2025-04-17,Monitor,5.0,15000,75000
C0092,Male,20,Kolkata,2024-06-13,Mouse,2.0,800,1600
C0096,Male,31,Bangalore,2024-02-12,Mouse,5.0,800,4000
C0762,Female,22,Kolkata,2024-05-25,Mouse,4.0,800,3200
C0191,Male,19,Mumbai,2025-02-21,Keyboard,3.0,1500,4500
C0812,Male,49,Jaipur,2025-07-14,Printer,2.0,12000,24000
C0828,Male,48,Jaipur,2024-11-09,Mouse,3.0,800,2400
C0251,Female,21,Delhi,2024-10-27,Monitor,3.0,15000,45000
C0878,Male,29,Mumbai,2025-10-25,Monitor,1.0,15000,15000
C0407,Male,27,Mumbai,2025-08-24,Monitor,2.0,15000,30000
C0277,Male,27,Kolkata,2024-10-05,Laptop,5.0,55000,275000
C0313,Female,48,Delhi,2024-01-24,Mouse,5.0,800,4000
C0214,Male,44,Kolkata,2024-04-06,Keyboard,3.0,1500,4500
C0231,Male,48,Pune,2025-09-09,Laptop,4.0,55000,220000
C0838,Female,53,Jaipur,2024-12-19,Monitor,3.0,15000,45000
C0848,Female,55,Bangalore,2025-01-26,Keyboard,1.0,1500,1500
C0038,Male,24,Jaipur,2024-11-23,Printer,1.0,12000,12000
C0979,Male,28,Pune,2025-12-20,Printer,4.0,12000,48000
C0293,Female,34,Pune,2025-06-10,Printer,4.0,12000,48000
C0691,Female,26,Delhi,2024-03-01,Mouse,4.0,800,3200
C0930,Male,50,Bangalore,2025-04-12,Keyboard,3.0,1500,4500
C0266,Male,50,Kolkata,2025-11-04,Monitor,4.0,15000,60000
C0571,Male,54,Jaipur,2025-05-17,Printer,1.0,12000,12000
C0299,Male,23,Pune,2024-02-21,Keyboard,1.0,1500,1500
C0414,Male,43,Bangalore,2024-11-29,Monitor,2.0,15000,30000
C0236,Female,52,Mumbai,2024-10-03,Printer,4.0,12000,48000
C0460,Male,50,Delhi,2025-08-10,Laptop,2.0,55000,110000
C0989,Female,38,Mumbai,2024-05-31,Mouse,2.0,800,1600
C0732,Male,28,Jaipur,2025-05-18,Monitor,2.0,15000,30000
C0703,Male,18,Mumbai,2024-08-01,Keyboard,1.0,1500,1500
C0780,Male,18,Jaipur,2025-07-15,Laptop,1.0,55000,55000
C0532,Female,33,Mumbai,2024-09-02,Mouse,4.0,800,3200
C0608,Male,57,Jaipur,2025-06-17,Laptop,5.0,55000,275000
C0586,Male,25,Mumbai,2024-01-03,Laptop,4.0,55000,220000
C0024,Male,42,Bangalore,2024-05-22,Monitor,2.0,15000,30000
C0702,Female,30,Pune,2025-08-14,Printer,5.0,12000,60000
C0745,Female,57,Jaipur,2025-07-08,Mouse,1.0,800,800
C0815,Female,37,Bangalore,2025-03-11,Laptop,5.0,55000,275000
C0492,Female,42,Delhi,2024-01-24,Laptop,1.0,55000,55000
C0944,Female,32,Delhi,2024-04-09,Mouse,1.0,800,800
C0741,Male,46,Jaipur,2024-03-28,Laptop,5.0,55000,275000
C0326,Male,60,Bangalore,2025-12-11,Printer,3.0,12000,36000
C0266,Female,50,Delhi,2024-06-02,Printer,3.0,12000,36000
C0997,Male,30,Kolkata,2024-03-11,Keyboard,1.0,1500,1500
C0372,Male,38,Delhi,2025-02-24,Keyboard,4.0,1500,6000
C0031,Female,38,Pune,2025-09-03,Printer,5.0,12000,60000
C0257,Female,55,Kolkata,2025-03-18,Keyboard,4.0,1500,6000
C0453,Male,21,Jaipur,2024-05-21,Laptop,5.0,55000,275000
C0274,Male,26,Kolkata,2025-12-06,Printer,1.0,12000,12000
C0520,Male,26,Kolkata,2025-04-02,Monitor,5.0,15000,75000
C0611,Female,18,Delhi,2024-02-04,Mouse,2.0,800,1600
C0544,Female,50,Jaipur,2025-12-06,Mouse,3.0,800,2400
C0333,Male,47,Delhi,2025-02-25,Keyboard,2.0,1500,3000
C0320,Male,32,Mumbai,2024-01-09,Mouse,1.0,800,800
C0302,Male,28,Bangalore,2024-05-22,Laptop,5.0,55000,275000
C0565,Female,24,Bangalore,2024-03-12,Laptop,4.0,55000,220000
C0644,Male,58,Mumbai,2024-01-19,Keyboard,5.0,1500,7500
C0294,Female,25,Jaipur,2025-09-08,Laptop,4.0,55000,220000
C0178,Male,21,Mumbai,2024-01-25,Mouse,4.0,800,3200
C0056,Male,26,Bangalore,2024-05-26,Monitor,5.0,15000,75000
C0470,Male,19,Jaipur,2024-05-10,Monitor,2.0,15000,30000
C0582,Female,22,Mumbai,2024-01-31,Laptop,2.0,55000,110000
C0671,Female,52,Kolkata,2025-05-24,Keyboard,1.0,1500,1500
C0754,Female,45,Mumbai,2024-11-15,Monitor,3.0,15000,45000
C0391,Male,37,Kolkata,2025-03-26,Monitor,2.0,15000,30000
C0430,Male,58,Mumbai,2024-04-19,Mouse,1.0,800,800
C0637,Male,39,Delhi,2025-05-26,Laptop,3.0,55000,165000
C0737,Male,37,Pune,2024-08-28,Monitor,3.0,15000,45000
C0359,Female,23,Pune,2024-06-22,Mouse,5.0,800,4000
C0168,Female,24,Kolkata,2025-11-15,Monitor,4.0,15000,60000
C0976,Male,43,Pune,2025-02-05,Laptop,5.0,55000,275000
C0868,Female,42,Mumbai,2024-05-13,Mouse,2.0,800,1600
C0283,Male,57,Pune,2025-03-28,Mouse,5.0,800,4000
C0523,Female,57,Mumbai,2024-03-23,Mouse,4.0,800,3200
C0679,Male,55,Jaipur,2024-01-16,Monitor,3.0,15000,45000
C0038,Female,24,Bangalore,2025-08-02,Keyboard,5.0,1500,7500
C0495,Female,27,Delhi,2024-10-05,Monitor,3.0,15000,45000
C0832,Male,37,Jaipur,2025-01-22,Keyboard,4.0,1500,6000
C0561,Male,25,Delhi,2025-10-14,Laptop,3.0,55000,165000
C0444,Female,56,Kolkata,2024-12-31,Keyboard,2.0,1500,3000
C0263,Male,19,Pune,2025-10-20,Keyboard,3.0,1500,4500
C0839,Male,25,Jaipur,2024-07-19,Printer,4.0,12000,48000
C0560,Male,51,Delhi,2024-01-03,Mouse,2.0,800,1600
C0878,Female,32,Mumbai,2025-11-24,Monitor,3.0,15000,45000
C0601,Female,50,Bangalore,2025-06-24,Monitor,1.0,15000,15000
C0530,Female,55,Pune,2025-02-18,Printer,1.0,12000,12000
C0415,Female,19,Mumbai,2024-02-14,Laptop,1.0,55000,55000
C0187,Male,28,Mumbai,2025-11-03,Keyboard,2.0,1500,3000
C0768,Female,23,Kolkata,2024-01-31,Monitor,2.0,15000,30000
C0122,Female,21,Mumbai,2025-03-10,Printer,5.0,12000,60000
C0005,Male,49,Delhi,2025-01-29,Laptop,5.0,55000,275000
C0055,Male,30,Delhi,2024-04-17,Laptop,2.0,55000,110000
C0609,Female,53,Bangalore,2024-02-20,Printer,5.0,12000,60000
C0083,Male,35,Jaipur,2024-10-31,Laptop,2.0,55000,110000
C0942,Female,25,Delhi,2024-04-11,Laptop,4.0,55000,220000
C0604,Female,59,Bangalore,2024-04-17,Mouse,1.0,800,800
C0906,Female,27,Mumbai,2025-06-03,Printer,1.0,12000,12000
C0265,Male,55,Kolkata,2025-06-20,Keyboard,4.0,1500,6000
C0337,Female,18,Kolkata,2024-07-29,Laptop,1.0,55000,55000
C0982,Female,39,Delhi,2024-06-18,Keyboard,5.0,1500,7500
C0724,Male,19,Pune,2025-06-25,Monitor,5.0,15000,75000
C0693,Female,51,Kolkata,2024-05-20,Laptop,4.0,55000,220000
C0799,Female,56,Jaipur,2024-04-24,Monitor,4.0,15000,60000
C0969,Female,24,Pune,2025-12-07,Laptop,5.0,55000,275000
C0525,Male,57,Pune,2024-07-26,Monitor,2.0,15000,30000
C0694,Female,34,Pune,2025-07-02,Mouse,1.0,800,800
C0203,Female,39,Delhi,2025-03-05,Laptop,4.0,55000,220000
C0574,Male,18,Delhi,2024-01-16,Keyboard,5.0,1500,7500
C0690,Female,40,Pune,2024-01-16,Printer,1.0,12000,12000
C0174,Female,60,Mumbai,2024-08-06,Monitor,2.0,15000,30000
C0898,Female,29,Delhi,2025-08-22,Laptop,4.0,55000,220000
C0039,Female,56,Kolkata,2024-12-26,Mouse,5.0,800,4000
C0868,Female,34,Pune,2025-02-02,Mouse,1.0,800,800
C0821,Female,40,Jaipur,2025-12-07,Mouse,5.0,800,4000
C0122,Male,54,Mumbai,2024-11-25,Monitor,1.0,15000,15000
C0057,Male,44,Mumbai,2024-03-15,Monitor,4.0,15000,60000
C0005,Female,18,Delhi,2024-02-17,Monitor,3.0,15000,45000
C0964,Female,28,Mumbai,2025-09-26,Monitor,1.0,15000,15000
C0552,Male,54,Delhi,2024-10-26,Keyboard,5.0,1500,7500
C0516,Male,32,Jaipur,2024-04-19,Laptop,3.0,55000,165000
C0757,Female,56,Jaipur,2024-08-22,Laptop,3.0,55000,165000
C0048,Male,24,Mumbai,2025-05-02,Laptop,4.0,55000,220000
C0737,Female,53,Pune,2025-12-31,Keyboard,4.0,1500,6000
C0814,Male,32,Kolkata,2024-08-26,Printer,3.0,12000,36000
C0318,Male,23,Jaipur,2024-05-01,Keyboard,1.0,1500,1500
C0902,Female,49,Pune,2025-05-17,Keyboard,2.0,1500,3000
C0518,Female,25,Mumbai,2025-07-19,Mouse,2.0,800,1600
C0346,Female,25,Delhi,2025-04-04,Printer,1.0,12000,12000
C0930,Female,39,Jaipur,2025-08-29,Monitor,2.0,15000,30000
C0382,Female,50,Jaipur,2024-09-22,Keyboard,3.0,1500,4500
C0159,Female,58,Jaipur,2024-06-13,Printer,4.0,12000,48000
C0233,Female,19,Delhi,2025-03-21,Keyboard,3.0,1500,4500
C0777,Female,35,Pune,2024-05-24,Mouse,4.0,800,3200
C0038,Female,22,Pune,2025-04-16,Laptop,1.0,55000,55000
C0209,Male,50,Pune,2025-01-28,Laptop,3.0,55000,165000
C0825,Female,59,Pune,2025-05-07,Printer,2.0,12000,24000
C0681,Male,31,Jaipur,2024-11-10,Mouse,3.0,800,2400
C0234,Male,29,Pune,2024-11-04,Keyboard,1.0,1500,1500
C0516,Female,47,Kolkata,2024-02-21,Monitor,4.0,15000,60000
C0166,Male,39,Mumbai,2025-02-16,Mouse,5.0,800,4000
C0152,Female,29,Bangalore,2024-02-16,Printer,3.0,12000,36000
C0460,Female,45,Mumbai,2025-04-01,Monitor,1.0,15000,15000
C0669,Female,31,Delhi,2025-12-24,Mouse,1.0,800,800
C0212,Female,31,Kolkata,2025-05-02,Printer,4.0,12000,48000
C0428,Male,40,Bangalore,2025-06-25,Monitor,2.0,15000,30000
C0442,Female,56,Jaipur,2024-09-26,Mouse,1.0,800,800
C0530,Female,55,Kolkata,2024-02-28,Monitor,2.0,15000,30000
C0711,Female,41,Delhi,2024-12-21,Keyboard,1.0,1500,1500
C0808,Male,51,Bangalore,2024-07-23,Monitor,4.0,15000,60000
C0592,Female,23,Mumbai,2025-03-15,Printer,4.0,12000,48000
C0975,Female,18,Mumbai,2025-02-25,Monitor,3.0,15000,45000
C0462,Male,48,Bangalore,2025-05-26,Printer,4.0,12000,48000
C0728,Female,40,Mumbai,2024-03-19,Monitor,4.0,15000,60000
C0601,Male,33,Bangalore,2024-07-04,Keyboard,2.0,1500,3000
C0489,Male,43,Kolkata,2024-07-30,Monitor,4.0,15000,60000
C0185,Male,29,Delhi,2024-04-15,Monitor,4.0,15000,60000
C0109,Male,47,Mumbai,2025-09-13,Mouse,4.0,800,3200
C0124,Female,24,Pune,2024-10-28,Monitor,1.0,15000,15000
C0162,Female,25,Mumbai,2025-02-17,Keyboard,5.0,1500,7500
C0591,Male,20,Mumbai,2025-03-11,Monitor,1.0,15000,15000
C0979,Male,31,Bangalore,2024-01-31,Monitor,2.0,15000,30000
C0921,Male,44,Bangalore,2024-04-07,Printer,1.0,12000,12000
C0912,Female,29,Kolkata,2025-05-22,Mouse,3.0,800,2400
C0849,Male,21,Pune,2024-03-14,Printer,1.0,12000,12000
C0462,Female,19,Delhi,2024-07-17,Laptop,4.0,55000,220000
C0457,Male,39,Kolkata,2024-10-25,Laptop,1.0,55000,55000
C0598,Male,31,Delhi,2024-07-06,Mouse,4.0,800,3200
C0260,Female,42,Bangalore,2025-03-27,Monitor,1.0,15000,15000
C0164,Female,46,Pune,2024-01-06,Monitor,5.0,15000,75000
C0553,Male,54,Jaipur,2024-09-23,Mouse,3.0,800,2400
C0063,Male,40,Bangalore,2024-11-28,Printer,5.0,12000,60000
C0112,Male,56,Delhi,2025-12-18,Monitor,4.0,15000,60000
C0162,Female,29,Bangalore,2025-08-09,Laptop,2.0,55000,110000
C0121,Female,32,Mumbai,2025-07-30,Laptop,3.0,55000,165000
C0837,Female,21,Delhi,2025-04-08,Mouse,4.0,800,3200
C0405,Female,28,Pune,2025-10-21,Monitor,5.0,15000,75000
C0312,Female,31,Bangalore,2025-09-30,Mouse,3.0,800,2400
C0767,Female,19,Pune,2025-07-13,Laptop,5.0,55000,275000
C0446,Female,18,Pune,2025-02-26,Mouse,3.0,800,2400
C0867,Male,28,Jaipur,2025-11-12,Printer,1.0,12000,12000
C0733,Male,54,Delhi,2024-06-18,Printer,1.0,12000,12000
C0191,Male,41,Mumbai,2024-02-03,Monitor,5.0,15000,75000
C0287,Female,52,Bangalore,2024-08-18,Laptop,5.0,55000,275000
C0178,Male,40,Delhi,2024-06-26,Monitor,2.0,15000,30000
C0007,Male,33,Mumbai,2024-06-06,Laptop,1.0,55000,55000
C0830,Female,59,Mumbai,2024-04-26,Keyboard,1.0,1500,1500
C0634,Male,39,Mumbai,2024-08-19,Keyboard,1.0,1500,1500
C0876,Female,55,Bangalore,2024-10-18,Printer,5.0,12000,60000
C0712,Male,57,Delhi,2024-06-15,Monitor,2.0,15000,30000
C0302,Male,43,Delhi,2024-05-15,Printer,4.0,12000,48000
C0008,Male,40,Bangalore,2024-05-05,Printer,2.0,12000,24000
C0130,Female,35,Jaipur,2024-02-28,Monitor,5.0,15000,75000
C0455,Female,56,Pune,2025-09-07,Keyboard,5.0,1500,7500
C0630,Male,21,Jaipur,2025-05-23,Monitor,2.0,15000,30000
C0412,Male,22,Pune,2025-08-25,Mouse,3.0,800,2400
C0381,Female,28,Jaipur,2024-07-05,Laptop,4.0,55000,220000
C0610,Female,59,Jaipur,2025-04-03,Printer,2.0,12000,24000
C0351,Male,55,Delhi,2025-04-02,Monitor,4.0,15000,60000
C0078,Male,24,Pune,2025-02-14,Keyboard,2.0,1500,3000
C0132,Female,35,Pune,2025-11-14,Keyboard,2.0,1500,3000
C0874,Female,34,Pune,2025-12-19,Laptop,2.0,55000,110000
C0027,Female,25,Pune,2024-01-05,Monitor,1.0,15000,15000
C0585,Male,60,Kolkata,2024-11-18,Printer,3.0,12000,36000
C0896,Male,35,Jaipur,2025-12-23,Monitor,2.0,15000,30000
C0109,Male,40,Kolkata,2024-12-29,Monitor,3.0,15000,45000
C0011,Female,24,Mumbai,2024-04-12,Monitor,2.0,15000,30000
C0596,Male,37,Delhi,2025-03-28,Laptop,5.0,55000,275000
C0497,Female,58,Delhi,2025-09-11,Keyboard,4.0,1500,6000
C0998,Male,41,Kolkata,2024-06-06,Keyboard,2.0,1500,3000
C0995,Male,50,Bangalore,2025-10-05,Monitor,3.0,15000,45000
C0818,Female,52,Jaipur,2024-01-08,Printer,2.0,12000,24000
C0310,Female,49,Jaipur,2025-10-11,Mouse,4.0,800,3200
C0392,Male,31,Delhi,2025-08-26,Monitor,5.0,15000,75000
C0572,Female,40,Jaipur,2024-02-28,Keyboard,5.0,1500,7500
C0170,Female,47,Kolkata,2025-03-19,Printer,3.0,12000,36000
C0282,Male,51,Mumbai,2025-06-23,Printer,3.0,12000,36000
C0544,Male,52,Delhi,2025-12-28,Keyboard,4.0,1500,6000
C0813,Female,26,Pune,2025-06-04,Monitor,1.0,15000,15000
C0273,Female,48,Delhi,2025-01-06,Printer,2.0,12000,24000
C0313,Male,58,Mumbai,2025-08-22,Keyboard,1.0,1500,1500
C0402,Male,53,Delhi,2024-12-24,Monitor,2.0,15000,30000
C0009,Male,52,Delhi,2024-06-21,Keyboard,4.0,1500,6000
C0776,Female,46,Delhi,2024-07-12,Printer,4.0,12000,48000
C0604,Female,29,Kolkata,2024-06-22,Laptop,1.0,55000,55000
C0812,Male,33,Mumbai,2025-08-06,Laptop,3.0,55000,165000
C0588,Male,56,Jaipur,2025-12-20,Laptop,5.0,55000,275000
C0671,Female,43,Delhi,2024-05-17,Mouse,1.0,800,800
C0420,Female,18,Mumbai,2025-08-17,Keyboard,1.0,1500,1500
C0370,Female,30,Delhi,2024-10-18,Laptop,4.0,55000,220000
C0663,Male,19,Kolkata,2024-03-17,Monitor,5.0,15000,75000
C0052,Male,54,Delhi,2024-07-24,Monitor,3.0,15000,45000
C0552,Male,26,Delhi,2024-04-05,Keyboard,4.0,1500,6000
C0089,Male,42,Jaipur,2024-01-22,Laptop,4.0,55000,220000
C0955,Male,47,Pune,2025-02-13,Laptop,3.0,55000,165000
C0288,Female,25,Kolkata,2025-04-30,Mouse,1.0,800,800
C1000,Female,26,Pune,2025-12-26,Keyboard,2.0,1500,3000
C0539,Female,18,Jaipur,2024-08-21,Printer,3.0,12000,36000
C0475,Male,30,Mumbai,2025-03-31,Mouse,1.0,800,800
C0846,Female,60,Delhi,2024-07-29,Monitor,1.0,15000,15000
C0889,Male,44,Jaipur,2024-09-22,Laptop,5.0,55000,275000
C0290,Male,45,Mumbai,2024-04-11,Monitor,2.0,15000,30000
C0399,Female,35,Mumbai,2025-04-15,Laptop,2.0,55000,110000
C0183,Female,48,Kolkata,2025-01-05,Mouse,5.0,800,4000
C0489,Female,20,Pune,2025-09-10,Monitor,3.0,15000,45000
C0300,Male,57,Jaipur,2024-03-12,Keyboard,4.0,1500,6000
C0485,Female,39,Jaipur,2025-03-27,Printer,5.0,12000,60000
C0021,Male,49,Bangalore,2024-07-12,Printer,5.0,12000,60000
C0177,Female,29,Jaipur,2025-07-27,Monitor,3.0,15000,45000
C0225,Female,37,Mumbai,2025-05-23,Keyboard,1.0,1500,1500
C0173,Male,35,Mumbai,2024-07-20,Mouse,3.0,800,2400
C0514,Female,54,Mumbai,2024-01-12,Mouse,5.0,800,4000
C0170,Female,36,Bangalore,2025-01-22,Keyboard,2.0,1500,3000
C0863,Male,44,Bangalore,2024-10-14,Printer,1.0,12000,12000
C0705,Female,29,Delhi,2025-12-24,Printer,4.0,12000,48000
C0273,Male,59,Jaipur,2024-12-13,Laptop,5.0,55000,275000
C0233,Female,58,Mumbai,2024-06-27,Mouse,3.0,800,2400
C0094,Female,35,Delhi,2025-09-09,Keyboard,5.0,1500,7500
C0017,Male,55,Delhi,2024-03-20,Mouse,5.0,800,4000
C0269,Female,21,Mumbai,2024-04-06,Mouse,4.0,800,3200
C0301,Male,47,Bangalore,2024-10-09,Printer,3.0,12000,36000
C0218,Female,21,Pune,2025-07-09,Mouse,1.0,800,800
C0771,Female,59,Mumbai,2025-02-28,Mouse,3.0,800,2400
C0870,Female,26,Kolkata,2025-02-17,Mouse,2.0,800,1600
C0567,Male,41,Kolkata,2025-06-15,Keyboard,1.0,1500,1500
C0382,Male,21,Delhi,2025-12-13,Mouse,4.0,800,3200
C0171,Male,18,Bangalore,2024-02-11,Keyboard,3.0,1500,4500
C0715,Female,59,Bangalore,2024-10-24,Mouse,1.0,800,800
C1000,Male,41,Pune,2024-12-11,Mouse,1.0,800,800
C0922,Male,32,Kolkata,2024-09-30,Monitor,4.0,15000,60000
C0937,Female,55,Bangalore,2024-01-28,Monitor,2.0,15000,30000
C0406,Female,59,Pune,2025-02-18,Monitor,1.0,15000,15000
C0483,Male,53,Delhi,2025-03-06,Monitor,2.0,15000,30000
C0421,Female,54,Kolkata,2025-09-21,Keyboard,1.0,1500,1500
C0017,Female,50,Kolkata,2024-12-02,Printer,4.0,12000,48000
C0224,Female,56,Jaipur,2024-07-29,Mouse,4.0,800,3200
C0587,Female,31,Mumbai,2025-12-11,Monitor,5.0,15000,75000
C0633,Female,43,Jaipur,2024-01-23,Keyboard,3.0,1500,4500
C0865,Female,54,Delhi,2025-12-12,Monitor,1.0,15000,15000
C0467,Male,34,Kolkata,2025-12-17,Printer,4.0,12000,48000
C0784,Male,52,Pune,2025-02-20,Mouse,1.0,800,800
C0401,Male,29,Jaipur,2024-06-15,Laptop,4.0,55000,220000
C0592,Male,48,Delhi,2024-06-30,Printer,5.0,12000,60000
C0786,Male,54,Bangalore,2024-05-02,Monitor,4.0,15000,60000
C0576,Male,44,Kolkata,2024-08-26,Keyboard,2.0,1500,3000
C0475,Male,47,Kolkata,2025-03-09,Laptop,5.0,55000,275000
C0843,Female,57,Mumbai,2025-08-24,Monitor,4.0,15000,60000
C0299,Male,19,Delhi,2025-12-04,Printer,5.0,12000,60000
C0977,Male,23,Kolkata,2024-11-05,Monitor,3.0,15000,45000
C0704,Male,25,Mumbai,2025-09-17,Keyboard,5.0,1500,7500
C0429,Female,19,Pune,2024-03-06,Printer,2.0,12000,24000
C0632,Female,52,Pune,2025-01-11,Monitor,1.0,15000,15000
C0265,Male,35,Delhi,2024-10-11,Printer,5.0,12000,60000
C0675,Male,21,Kolkata,2025-04-22,Monitor,1.0,15000,15000
C0743,Male,44,Pune,2025-01-30,Printer,1.0,12000,12000
C0650,Female,59,Mumbai,2024-12-17,Monitor,1.0,15000,15000
C0905,Male,24,Pune,2025-11-04,Keyboard,5.0,1500,7500
C0146,Male,39,Jaipur,2024-02-17,Monitor,4.0,15000,60000
C0118,Female,21,Bangalore,2025-10-07,Monitor,4.0,15000,60000
C0306,Male,46,Jaipur,2025-06-09,Monitor,1.0,15000,15000
C0645,Male,51,Kolkata,2024-06-12,Laptop,4.0,55000,220000
C0412,Male,51,Delhi,2025-07-17,Printer,4.0,12000,48000
C0179,Female,37,Bangalore,2025-11-07,Keyboard,1.0,1500,1500
C0872,Male,47,Delhi,2025-11-06,Printer,5.0,12000,60000
C0594,Female,54,Delhi,2024-03-31,Mouse,3.0,800,2400
C0078,Female,52,Jaipur,2025-12-02,Mouse,5.0,800,4000
C0116,Female,25,Delhi,2025-02-05,Mouse,4.0,800,3200
C0136,Male,53,Jaipur,2024-01-18,Printer,2.0,12000,24000
C0246,Male,47,Jaipur,2024-07-18,Monitor,4.0,15000,60000
C0689,Female,35,Mumbai,2025-09-01,Monitor,3.0,15000,45000
C0391,Male,59,Mumbai,2025-11-27,Keyboard,5.0,1500,7500
C0842,Female,18,Jaipur,2024-10-29,Monitor,1.0,15000,15000
C0830,Male,37,Delhi,2025-02-21,Keyboard,2.0,1500,3000
C0611,Male,55,Jaipur,2025-04-14,Monitor,2.0,15000,30000
C0373,Male,18,Delhi,2025-08-06,Printer,3.0,12000,36000
C0463,Female,21,Delhi,2025-10-26,Printer,4.0,12000,48000
C0780,Female,18,Delhi,2025-01-19,Keyboard,2.0,1500,3000
C0326,Male,37,Jaipur,2024-08-15,Keyboard,3.0,1500,4500
C0716,Female,34,Bangalore,2025-03-26,Laptop,5.0,55000,275000
C0809,Female,35,Kolkata,2025-02-13,Laptop,2.0,55000,110000
C0847,Female,50,Bangalore,2024-12-26,Monitor,1.0,15000,15000
C0896,Female,49,Delhi,2024-10-10,Printer,3.0,12000,36000
C0962,Female,44,Delhi,2024-08-24,Monitor,2.0,15000,30000
C0439,Male,42,Pune,2025-10-01,Mouse,5.0,800,4000
C0994,Female,36,Bangalore,2025-01-16,Laptop,2.0,55000,110000
C0596,Female,54,Pune,2024-02-21,Monitor,2.0,15000,30000
C0975,Female,29,Bangalore,2024-07-07,Printer,4.0,12000,48000
C0170,Female,54,Bangalore,2025-01-28,Monitor,1.0,15000,15000
C0427,Female,22,Pune,2025-02-21,Printer,5.0,12000,60000
C0182,Male,40,Pune,2025-09-07,Printer,5.0,12000,60000
C0674,Male,55,Kolkata,2024-09-10,Printer,5.0,12000,60000
C0221,Female,53,Kolkata,2025-07-23,Mouse,4.0,800,3200
C0528,Female,49,Pune,2025-01-16,Printer,2.0,12000,24000
C0939,Female,18,Mumbai,2024-09-17,Laptop,2.0,55000,110000
C0538,Male,21,Bangalore,2024-09-09,Keyboard,5.0,1500,7500
C0098,Female,30,Bangalore,2025-09-05,Printer,2.0,12000,24000
C0087,Male,26,Pune,2024-01-05,Laptop,1.0,55000,55000
C0919,Male,36,Mumbai,2025-02-12,Laptop,4.0,55000,220000
C0151,Male,37,Kolkata,2024-10-18,Monitor,1.0,15000,15000
C0749,Male,31,Mumbai,2024-07-28,Laptop,1.0,55000,55000
C0529,Female,38,Delhi,2024-05-15,Printer,4.0,12000,48000
C0034,Female,59,Mumbai,2024-06-12,Mouse,3.0,800,2400
C0761,Male,36,Jaipur,2025-12-27,Keyboard,5.0,1500,7500
C0665,Male,21,Bangalore,2024-12-10,Monitor,2.0,15000,30000
C0852,Male,19,Bangalore,2025-03-14,Mouse,4.0,800,3200
C0624,Male,57,Mumbai,2025-02-14,Printer,5.0,12000,60000
C0129,Male,59,Mumbai,2024-05-14,Mouse,5.0,800,4000
C0901,Male,23,Pune,2025-10-05,Keyboard,2.0,1500,3000
C0958,Male,46,Bangalore,2024-04-12,Mouse,4.0,800,3200
C0959,Female,54,Mumbai,2025-10-29,Mouse,2.0,800,1600
C0938,Female,18,Mumbai,2025-05-17,Monitor,3.0,15000,45000
C0264,Male,28,Mumbai,2025-11-03,Monitor,1.0,15000,15000
C0199,Female,60,Bangalore,2024-04-09,Keyboard,4.0,1500,6000
C0014,Male,49,Pune,2025-10-19,Mouse,2.0,800,1600
C0174,Male,49,Mumbai,2025-03-05,Laptop,2.0,55000,110000
C0089,Male,20,Delhi,2025-08-20,Keyboard,5.0,1500,7500
C0612,Male,55,Delhi,2024-07-17,Printer,4.0,12000,48000
C0216,Female,20,Delhi,2024-10-27,Keyboard,2.0,1500,3000
C0873,Female,35,Pune,2025-09-15,Keyboard,5.0,1500,7500
C0001,Female,49,Pune,2025-07-01,Laptop,4.0,55000,220000
C0426,Male,32,Mumbai,2025-12-09,Laptop,1.0,55000,55000
C0858,Female,44,Mumbai,2024-03-14,Laptop,5.0,55000,275000
C0806,Female,58,Jaipur,2024-04-01,Printer,3.0,12000,36000
C0495,Male,60,Delhi,2024-12-21,Printer,5.0,12000,60000
C0081,Female,40,Pune,2024-02-07,Monitor,3.0,15000,45000
C0620,Male,53,Mumbai,2024-12-18,Printer,1.0,12000,12000
C0355,Male,24,Mumbai,2024-10-04,Mouse,3.0,800,2400
C0736,Female,60,Mumbai,2025-11-13,Monitor,5.0,15000,75000
C0120,Female,21,Kolkata,2024-01-03,Mouse,4.0,800,3200
C0052,Female,18,Bangalore,2024-11-14,Monitor,1.0,15000,15000
C0327,Female,25,Bangalore,2024-09-11,Keyboard,1.0,1500,1500
C0619,Male,29,Jaipur,2025-11-28,Printer,1.0,12000,12000
C0215,Female,43,Delhi,2025-06-10,Laptop,2.0,55000,110000
C0381,Female,35,Kolkata,2025-06-30,Laptop,4.0,55000,220000
C0554,Male,27,Pune,2025-09-14,Keyboard,2.0,1500,3000
C0715,Female,23,Pune,2025-12-27,Keyboard,4.0,1500,6000
C0615,Male,31,Kolkata,2025-03-03,Monitor,3.0,15000,45000
C0136,Male,21,Delhi,2024-11-03,Printer,4.0,12000,48000
C0270,Male,50,Bangalore,2025-05-14,Laptop,4.0,55000,220000
C0044,Female,20,Bangalore,2025-11-26,Monitor,1.0,15000,15000
C0733,Male,56,Kolkata,2025-07-07,Printer,1.0,12000,12000
C0860,Female,32,Jaipur,2025-11-28,Laptop,2.0,55000,110000
C0877,Male,42,Pune,2024-12-09,Laptop,1.0,55000,55000
C0551,Female,53,Mumbai,2024-12-17,Printer,1.0,12000,12000
C0167,Female,33,Delhi,2025-08-31,Laptop,1.0,55000,55000
C0672,Female,20,Mumbai,2024-05-30,Mouse,2.0,800,1600
C0019,Female,32,Bangalore,2025-05-02,Mouse,1.0,800,800
C0489,Female,41,Kolkata,2025-05-06,Keyboard,3.0,1500,4500
C0744,Male,52,Kolkata,2024-03-22,Monitor,2.0,15000,30000
C0455,Male,36,Pune,2025-08-09,Laptop,5.0,55000,275000
C0348,Male,54,Mumbai,2025-01-31,Mouse,4.0,800,3200
C0418,Male,44,Delhi,2025-12-20,Monitor,3.0,15000,45000
C0778,Female,18,Mumbai,2024-05-21,Monitor,1.0,15000,15000
C0768,Female,22,Kolkata,2024-01-17,Printer,3.0,12000,36000
C0133,Female,49,Bangalore,2024-08-09,Mouse,1.0,800,800
C0929,Female,51,Pune,2024-02-23,Laptop,3.0,55000,165000
C0403,Male,20,Pune,2025-03-20,Mouse,2.0,800,1600
C0850,Male,41,Jaipur,2025-10-18,Monitor,5.0,15000,75000
C0090,Female,35,Jaipur,2025-08-24,Printer,5.0,12000,60000
C0124,Male,31,Bangalore,2024-05-01,Laptop,5.0,55000,275000
C0169,Male,33,Kolkata,2025-01-08,Laptop,2.0,55000,110000
C0139,Male,56,Mumbai,2025-12-06,Keyboard,2.0,1500,3000
C0205,Female,41,Bangalore,2025-01-10,Mouse,5.0,800,4000
C0237,Male,54,Kolkata,2024-02-12,Monitor,4.0,15000,60000
C0051,Female,20,Delhi,2025-05-19,Mouse,3.0,800,2400
C0957,Female,60,Mumbai,2025-10-07,Keyboard,3.0,1500,4500
C0605,Male,20,Mumbai,2025-09-11,Keyboard,5.0,1500,7500
C0289,Female,39,Delhi,2024-05-07,Printer,1.0,12000,12000
C0571,Male,58,Bangalore,2025-09-01,Laptop,5.0,55000,275000
C0399,Female,58,Mumbai,2024-10-17,Printer,2.0,12000,24000
C0908,Female,39,Pune,2024-06-20,Mouse,2.0,800,1600
C0612,Female,27,Jaipur,2025-05-21,Mouse,5.0,800,4000
C0054,Female,44,Pune,2025-02-22,Laptop,2.0,55000,110000
C0106,Female,26,Mumbai,2024-02-01,Printer,4.0,12000,48000
C0459,Male,36,Pune,2025-02-19,Monitor,4.0,15000,60000
C0017,Male,30,Mumbai,2025-05-31,Laptop,3.0,55000,165000
C0374,Male,22,Mumbai,2024-03-10,Monitor,1.0,15000,15000
C0452,Male,58,Jaipur,2024-04-06,Mouse,4.0,800,3200
C0324,Female,21,Mumbai,2025-08-08,Printer,4.0,12000,48000
C0064,Female,26,Delhi,2024-03-17,Keyboard,3.0,1500,4500
C0215,Male,55,Mumbai,2025-08-03,Keyboard,4.0,1500,6000
C0272,Male,42,Mumbai,2024-04-09,Keyboard,2.0,1500,3000
C0697,Female,47,Bangalore,2025-04-16,Laptop,3.0,55000,165000
C0127,Male,59,Bangalore,2025-02-11,Printer,5.0,12000,60000
C0446,Female,43,Bangalore,2024-12-04,Monitor,4.0,15000,60000
C0398,Male,53,Delhi,2025-12-31,Monitor,3.0,15000,45000
C0622,Female,34,Kolkata,2025-02-09,Printer,4.0,12000,48000
C0561,Male,41,Kolkata,2024-07-09,Mouse,1.0,800,800
C0994,Male,48,Pune,2024-09-28,Laptop,5.0,55000,275000
C0251,Male,59,Jaipur,2024-06-16,Printer,2.0,12000,24000
C0027,Female,45,Pune,2024-07-13,Monitor,2.0,15000,30000
C0871,Male,56,Kolkata,2025-11-29,Mouse,2.0,800,1600
C0137,Male,54,Pune,2024-02-10,Keyboard,3.0,1500,4500
C0191,Male,38,Delhi,2025-04-16,Monitor,4.0,15000,60000
C0386,Male,34,Delhi,2024-08-30,Mouse,4.0,800,3200
C0637,Male,32,Kolkata,2025-10-29,Printer,3.0,12000,36000
C0145,Male,26,Delhi,2025-08-12,Monitor,1.0,15000,15000
C0097,Female,18,Jaipur,2024-07-12,Mouse,5.0,800,4000
C0234,Male,51,Mumbai,2024-08-05,Keyboard,2.0,1500,3000
C0985,Female,49,Kolkata,2025-08-28,Laptop,5.0,55000,275000
C0538,Male,56,Jaipur,2024-11-24,Mouse,3.0,800,2400
C0883,Male,39,Mumbai,2025-02-02,Keyboard,2.0,1500,3000
C0059,Female,38,Pune,2025-09-29,Printer,5.0,12000,60000
C0072,Male,53,Delhi,2024-01-04,Laptop,1.0,55000,55000
C0734,Female,36,Delhi,2024-07-07,Monitor,2.0,15000,30000
C0793,Female,58,Kolkata,2025-05-19,Monitor,2.0,15000,30000
C0461,Female,47,Delhi,2025-02-28,Monitor,1.0,15000,15000
C0908,Male,43,Pune,2024-01-29,Keyboard,4.0,1500,6000
C0948,Female,18,Delhi,2024-02-23,Printer,3.0,12000,36000
C0244,Female,20,Mumbai,2024-06-22,Printer,3.0,12000,36000
C0639,Female,26,Kolkata,2024-02-08,Keyboard,1.0,1500,1500
C0656,Female,37,Kolkata,2025-05-22,Laptop,2.0,55000,110000
C0277,Male,59,Pune,2025-06-02,Mouse,3.0,800,2400
C0172,Female,47,Pune,2025-08-05,Monitor,3.0,15000,45000
C0949,Male,45,Delhi,2024-09-07,Laptop,1.0,55000,55000
C0724,Female,30,Bangalore,2024-09-25,Keyboard,4.0,1500,6000
C0969,Female,22,Mumbai,2024-09-30,Printer,4.0,12000,48000
C0323,Female,59,Bangalore,2025-06-19,Monitor,1.0,15000,15000
C0948,Male,55,Kolkata,2025-08-11,Printer,4.0,12000,48000
C0859,Female,56,Jaipur,2025-12-24,Keyboard,5.0,1500,7500
C0519,Female,20,Bangalore,2024-11-17,Printer,3.0,12000,36000
C0015,Female,56,Kolkata,2025-03-02,Monitor,2.0,15000,30000
C0794,Female,36,Delhi,2024-08-15,Monitor,2.0,15000,30000
C0999,Female,42,Jaipur,2024-06-09,Monitor,1.0,15000,15000
C0736,Male,60,Jaipur,2024-10-22,Keyboard,5.0,1500,7500
C0576,Female,32,Mumbai,2025-12-17,Laptop,1.0,55000,55000
C0075,Male,46,Pune,2024-07-16,Monitor,2.0,15000,30000
C0837,Female,49,Mumbai,2024-12-15,Monitor,2.0,15000,30000
C0408,Female,50,Kolkata,2025-06-09,Mouse,1.0,800,800
C0793,Male,26,Delhi,2025-10-20,Mouse,5.0,800,4000
C0560,Female,21,Mumbai,2024-03-10,Printer,3.0,12000,36000
C0398,Male,42,Kolkata,2025-12-15,Laptop,2.0,55000,110000
C0741,Female,54,Kolkata,2024-11-09,Keyboard,4.0,1500,6000
C0479,Female,43,Jaipur,2025-03-14,Keyboard,5.0,1500,7500
C0704,Female,57,Mumbai,2024-07-16,Printer,4.0,12000,48000
C0905,Male,18,Bangalore,2024-07-25,Mouse,2.0,800,1600
C0405,Male,21,Bangalore,2024-05-24,Laptop,5.0,55000,275000
C0428,Male,42,Pune,2024-04-11,Monitor,1.0,15000,15000
C0429,Female,40,Mumbai,2025-02-20,Mouse,5.0,800,4000
C0974,Female,39,Pune,2024-11-26,Printer,4.0,12000,48000
C0336,Female,49,Mumbai,2024-09-17,Laptop,2.0,55000,110000
C0482,Female,35,Jaipur,2025-01-30,Laptop,1.0,55000,55000
C0537,Female,39,Bangalore,2024-05-15,Mouse,5.0,800,4000
C0299,Male,40,Jaipur,2024-12-27,Mouse,4.0,800,3200
C0262,Female,24,Delhi,2024-11-05,Monitor,3.0,15000,45000
C0267,Male,50,Bangalore,2024-10-30,Printer,4.0,12000,48000
C0006,Male,30,Delhi,2025-07-01,Printer,4.0,12000,48000
C0437,Male,50,Delhi,2024-02-12,Keyboard,4.0,1500,6000
C0748,Male,46,Jaipur,2024-07-17,Monitor,4.0,15000,60000
C0047,Female,35,Delhi,2025-10-20,Monitor,5.0,15000,75000
C0422,Male,29,Jaipur,2025-07-07,Keyboard,1.0,1500,1500
C0627,Male,19,Bangalore,2024-08-05,Keyboard,1.0,1500,1500
C0276,Male,55,Pune,2025-05-02,Laptop,5.0,55000,275000
C0611,Female,54,Pune,2024-12-10,Monitor,3.0,15000,45000
C0157,Female,25,Delhi,2025-09-16,Keyboard,4.0,1500,6000
C0277,Male,37,Mumbai,2024-07-28,Laptop,4.0,55000,220000
C0363,Female,49,Mumbai,2025-08-09,Printer,1.0,12000,12000
C0330,Female,58,Kolkata,2024-09-14,Monitor,5.0,15000,75000
C0694,Male,39,Bangalore,2024-05-23,Printer,1.0,12000,12000
C0674,Female,18,Delhi,2024-10-03,Printer,3.0,12000,36000
C0151,Male,32,Jaipur,2025-09-06,Keyboard,5.0,1500,7500
C0999,Male,39,Bangalore,2024-01-18,Keyboard,5.0,1500,7500
C0480,Male,37,Delhi,2024-04-08,Laptop,2.0,55000,110000
C0578,Female,60,Pune,2025-06-29,Mouse,3.0,800,2400
C0448,Female,41,Bangalore,2025-11-03,Keyboard,1.0,1500,1500
C0317,Male,50,Pune,2024-06-11,Keyboard,5.0,1500,7500
C0207,Male,50,Bangalore,2024-11-23,Monitor,5.0,15000,75000
C0806,Female,50,Mumbai,2025-03-06,Laptop,5.0,55000,275000
C0163,Male,59,Delhi,2024-02-01,Monitor,4.0,15000,60000
C0755,Female,53,Pune,2024-06-18,Printer,3.0,12000,36000
C0471,Female,48,Mumbai,2024-04-11,Printer,2.0,12000,24000
C0870,Female,30,Kolkata,2025-02-16,Laptop,4.0,55000,220000
C0187,Male,60,Kolkata,2024-04-04,Laptop,3.0,55000,165000
C0832,Male,47,Bangalore,2024-10-28,Printer,2.0,12000,24000
C0798,Male,42,Mumbai,2024-11-15,Keyboard,5.0,1500,7500
C0425,Male,44,Delhi,2025-04-16,Monitor,2.0,15000,30000
C0743,Male,32,Kolkata,2025-04-06,Mouse,1.0,800,800
C0640,Male,27,Delhi,2025-11-26,Monitor,4.0,15000,60000
C0848,Male,20,Kolkata,2024-10-06,Mouse,3.0,800,2400
C0894,Female,21,Kolkata,2025-04-22,Printer,3.0,12000,36000
C0458,Female,34,Jaipur,2025-05-23,Mouse,4.0,800,3200
C0322,Female,30,Bangalore,2025-07-11,Printer,1.0,12000,12000
C0554,Male,46,Kolkata,2025-06-10,Monitor,4.0,15000,60000
C0068,Female,55,Jaipur,2025-09-08,Keyboard,4.0,1500,6000
C0060,Female,41,Bangalore,2024-06-20,Printer,4.0,12000,48000
C0415,Male,50,Mumbai,2025-03-29,Printer,5.0,12000,60000
C0421,Male,51,Jaipur,2025-12-02,Monitor,1.0,15000,15000
C0491,Female,23,Delhi,2025-02-12,Monitor,5.0,15000,75000
C0698,Male,29,Jaipur,2025-10-09,Printer,1.0,12000,12000
C0871,Female,23,Bangalore,2024-06-07,Printer,1.0,12000,12000
C0951,Female,59,Jaipur,2024-01-28,Printer,2.0,12000,24000
C0665,Female,18,Pune,2024-02-07,Mouse,5.0,800,4000
C0895,Male,21,Pune,2024-08-12,Printer,2.0,12000,24000
C0493,Male,55,Bangalore,2025-07-20,Monitor,4.0,15000,60000
C0622,Male,32,Mumbai,2025-11-08,Printer,4.0,12000,48000
C0312,Female,20,Delhi,2025-03-06,Keyboard,1.0,1500,1500
C0503,Female,47,Bangalore,2025-06-15,Printer,4.0,12000,48000
C0802,Male,30,Mumbai,2024-01-14,Keyboard,4.0,1500,6000
C0820,Female,46,Delhi,2025-11-04,Laptop,2.0,55000,110000
C0921,Male,24,Mumbai,2025-10-09,Keyboard,3.0,1500,4500
C0044,Female,46,Kolkata,2024-05-10,Laptop,3.0,55000,165000
C0660,Male,51,Pune,2025-11-22,Printer,5.0,12000,60000
C0899,Male,51,Mumbai,2024-02-15,Keyboard,3.0,1500,4500
C0319,Female,50,Bangalore,2024-03-19,Monitor,1.0,15000,15000
C0319,Male,37,Pune,2024-06-05,Laptop,1.0,55000,55000
C0959,Male,59,Mumbai,2025-02-14,Laptop,2.0,55000,110000
C0549,Female,25,Mumbai,2025-09-08,Mouse,5.0,800,4000
C0077,Male,55,Kolkata,2025-09-24,Mouse,4.0,800,3200
C0458,Male,27,Delhi,2024-12-31,Keyboard,3.0,1500,4500
C0437,Female,34,Pune,2024-10-27,Mouse,5.0,800,4000
C0026,Male,45,Kolkata,2024-01-23,Mouse,3.0,800,2400
C0068,Female,31,Delhi,2025-05-06,Printer,3.0,12000,36000
C0224,Female,50,Kolkata,2024-12-29,Monitor,1.0,15000,15000
C0597,Female,41,Pune,2025-12-21,Monitor,5.0,15000,75000
C0686,Male,60,Pune,2025-06-05,Monitor,1.0,15000,15000
C0403,Male,20,Delhi,2024-12-05,Printer,1.0,12000,12000
C0573,Female,60,Mumbai,2024-08-20,Monitor,2.0,15000,30000
C0180,Female,23,Pune,2025-07-17,Keyboard,1.0,1500,1500
C0356,Female,52,Delhi,2025-02-02,Printer,4.0,12000,48000
C0025,Female,31,Mumbai,2025-04-27,Keyboard,4.0,1500,6000
C0727,Female,42,Delhi,2025-10-09,Laptop,3.0,55000,165000
C0587,Female,52,Mumbai,2024-10-01,Laptop,4.0,55000,220000
C0759,Male,45,Jaipur,2024-12-10,Mouse,1.0,800,800
C0014,Male,28,Jaipur,2025-02-18,Printer,1.0,12000,12000
C0579,Male,59,Mumbai,2024-11-03,Laptop,2.0,55000,110000
C0858,Female,60,Pune,2025-12-23,Mouse,1.0,800,800
C0605,Female,53,Delhi,2024-10-21,Mouse,4.0,800,3200
C0027,Male,55,Kolkata,2025-02-18,Monitor,5.0,15000,75000
C0296,Male,30,Jaipur,2025-10-11,Monitor,4.0,15000,60000
C0357,Male,54,Kolkata,2025-12-25,Printer,4.0,12000,48000
C0839,Male,25,Bangalore,2025-01-21,Monitor,4.0,15000,60000
C0464,Female,25,Bangalore,2025-02-27,Mouse,4.0,800,3200
C0446,Male,18,Delhi,2024-09-03,Keyboard,4.0,1500,6000
C0285,Male,20,Delhi,2025-11-27,Monitor,2.0,15000,30000
C0716,Male,35,Bangalore,2024-02-10,Printer,5.0,12000,60000
C0075,Male,46,Pune,2025-03-07,Printer,2.0,12000,24000
C0500,Female,57,Kolkata,2025-04-30,Laptop,1.0,55000,55000
C0885,Female,57,Jaipur,2025-10-12,Keyboard,2.0,1500,3000
C0312,Female,43,Jaipur,2024-01-28,Keyboard,3.0,1500,4500
C0632,Male,31,Delhi,2025-04-13,Keyboard,1.0,1500,1500
C0312,Female,41,Pune,2025-01-20,Keyboard,2.0,1500,3000
C0834,Male,25,Bangalore,2025-05-16,Mouse,2.0,800,1600
C0770,Male,42,Delhi,2025-08-21,Laptop,5.0,55000,275000
C0802,Female,59,Pune,2024-12-30,Printer,3.0,12000,36000
C0597,Male,58,Delhi,2025-01-19,Mouse,4.0,800,3200
C0872,Female,23,Mumbai,2024-01-27,Printer,1.0,12000,12000
C0222,Female,18,Delhi,2024-03-06,Keyboard,3.0,1500,4500
C0747,Male,35,Mumbai,2025-02-12,Keyboard,5.0,1500,7500
C0493,Male,29,Bangalore,2025-08-09,Printer,2.0,12000,24000
C0001,Female,48,Delhi,2024-09-15,Monitor,1.0,15000,15000
C0948,Female,35,Pune,2025-12-04,Laptop,3.0,55000,165000
C0494,Female,55,Delhi,2024-04-05,Monitor,3.0,15000,45000
C0118,Female,55,Pune,2025-04-22,Printer,5.0,12000,60000
C0604,Female,31,Jaipur,2024-10-23,Monitor,1.0,15000,15000
C0015,Female,36,Delhi,2025-10-28,Mouse,4.0,800,3200
C0446,Female,24,Bangalore,2025-12-16,Monitor,1.0,15000,15000
C0542,Female,50,Jaipur,2025-12-14,Laptop,1.0,55000,55000
C0549,Female,33,Jaipur,2025-08-19,Keyboard,2.0,1500,3000
C0087,Female,23,Jaipur,2025-03-19,Keyboard,2.0,1500,3000
C0493,Female,28,Kolkata,2025-05-12,Laptop,1.0,55000,55000
C0818,Male,53,Pune,2025-09-21,Laptop,1.0,55000,55000
C0688,Female,58,Bangalore,2024-11-04,Keyboard,4.0,1500,6000
C0132,Female,47,Jaipur,2025-10-29,Mouse,5.0,800,4000
C0858,Male,27,Pune,2024-09-07,Printer,2.0,12000,24000
C0947,Male,41,Mumbai,2024-01-13,Monitor,2.0,15000,30000
C0414,Male,21,Delhi,2024-07-08,Monitor,1.0,15000,15000
C0982,Female,39,Kolkata,2025-11-22,Keyboard,1.0,1500,1500
C0335,Male,28,Mumbai,2024-10-23,Laptop,1.0,55000,55000
C0808,Male,19,Pune,2024-02-07,Mouse,4.0,800,3200
C0106,Female,22,Mumbai,2025-08-02,Keyboard,5.0,1500,7500
C0146,Male,24,Pune,2024-07-29,Mouse,2.0,800,1600
C0870,Male,26,Delhi,2024-02-08,Monitor,3.0,15000,45000
C0033,Female,32,Bangalore,2025-11-11,Monitor,2.0,15000,30000
C0181,Male,41,Pune,2024-04-07,Monitor,1.0,15000,15000
C0984,Male,22,Jaipur,2025-07-01,Monitor,3.0,15000,45000
C0315,Male,32,Bangalore,2024-08-21,Laptop,2.0,55000,110000
C0658,Male,41,Delhi,2024-04-29,Printer,4.0,12000,48000
C0816,Male,28,Delhi,2024-12-09,Printer,3.0,12000,36000
C0853,Female,36,Mumbai,2024-11-07,Monitor,2.0,15000,30000
C0191,Female,37,Mumbai,2025-03-14,Printer,4.0,12000,48000
C0813,Male,29,Mumbai,2025-03-16,Printer,5.0,12000,60000
C0440,Male,35,Delhi,2024-12-31,Laptop,5.0,55000,275000
C0254,Female,47,Kolkata,2024-10-10,Mouse,2.0,800,1600
C0678,Female,29,Bangalore,2024-12-30,Mouse,2.0,800,1600
C0415,Male,39,Kolkata,2025-02-17,Monitor,4.0,15000,60000
C0380,Female,54,Jaipur,2025-02-03,Keyboard,4.0,1500,6000
C0984,Male,41,Delhi,2025-09-26,Printer,1.0,12000,12000
C0939,Female,44,Mumbai,2025-04-29,Laptop,3.0,55000,165000
C0802,Female,32,Delhi,2025-12-15,Mouse,5.0,800,4000
C0380,Male,36,Pune,2025-03-20,Keyboard,4.0,1500,6000
C0737,Female,60,Delhi,2025-07-28,Keyboard,2.0,1500,3000
C0595,Female,26,Kolkata,2024-12-13,Printer,5.0,12000,60000
C0766,Male,27,Mumbai,2025-05-20,Monitor,4.0,15000,60000
C0946,Male,37,Jaipur,2024-03-24,Keyboard,4.0,1500,6000
C0161,Female,59,Kolkata,2025-10-02,Mouse,2.0,800,1600
C0561,Male,38,Mumbai,2025-02-24,Monitor,3.0,15000,45000
C0562,Female,50,Kolkata,2025-11-15,Mouse,2.0,800,1600
C0592,Male,44,Jaipur,2024-05-30,Mouse,5.0,800,4000
C0304,Female,55,Kolkata,2025-09-15,Monitor,5.0,15000,75000
C0771,Male,44,Jaipur,2025-11-20,Keyboard,2.0,1500,3000
C0970,Male,24,Pune,2025-12-12,Printer,2.0,12000,24000
C0473,Male,19,Delhi,2024-08-01,Laptop,4.0,55000,220000
C0486,Male,42,Jaipur,2024-01-05,Mouse,2.0,800,1600
C0966,Male,35,Bangalore,2025-05-08,Printer,4.0,12000,48000
C0982,Male,53,Delhi,2025-08-10,Mouse,3.0,800,2400
C0213,Male,26,Jaipur,2024-07-20,Keyboard,4.0,1500,6000
C0607,Female,46,Pune,2025-10-19,Monitor,3.0,15000,45000
C0285,Male,55,Kolkata,2025-12-20,Monitor,4.0,15000,60000
C0304,Female,43,Delhi,2024-04-21,Monitor,5.0,15000,75000
C0472,Male,55,Bangalore,2024-08-08,Keyboard,1.0,1500,1500
C0405,Female,50,Kolkata,2024-07-04,Laptop,1.0,55000,55000
C0658,Female,42,Kolkata,2025-04-16,Keyboard,5.0,1500,7500
C0091,Female,46,Kolkata,2025-11-29,Laptop,4.0,55000,220000
C0911,Male,31,Mumbai,2024-04-23,Monitor,5.0,15000,75000
C0034,Male,42,Jaipur,2025-08-07,Monitor,3.0,15000,45000
C0029,Male,43,Kolkata,2025-09-08,Monitor,5.0,15000,75000
C0279,Male,23,Delhi,2024-10-05,Monitor,2.0,15000,30000
C0996,Female,31,Pune,2025-11-03,Mouse,4.0,800,3200
C0820,Male,35,Bangalore,2024-02-16,Laptop,3.0,55000,165000
C0846,Female,23,Kolkata,2025-03-20,Laptop,1.0,55000,55000
C0506,Male,20,Jaipur,2024-04-03,Keyboard,5.0,1500,7500
C0107,Female,18,Mumbai,2025-11-09,Printer,5.0,12000,60000
C0674,Male,19,Jaipur,2024-02-09,Keyboard,2.0,1500,3000
C0155,Female,44,Jaipur,2024-02-03,Mouse,5.0,800,4000
C0766,Male,57,Bangalore,2024-10-25,Laptop,2.0,55000,110000
C0148,Male,30,Mumbai,2024-11-05,Printer,3.0,12000,36000
C0567,Female,27,Jaipur,2024-07-21,Monitor,3.0,15000,45000
C0077,Female,21,Kolkata,2025-11-18,Mouse,5.0,800,4000
C0099,Female,55,Jaipur,2025-01-26,Monitor,5.0,15000,75000
C0061,Male,38,Pune,2025-05-22,Laptop,1.0,55000,55000
C0119,Male,26,Kolkata,2025-11-29,Laptop,5.0,55000,275000
C0317,Male,26,Mumbai,2024-06-14,Mouse,1.0,800,800
C0994,Male,36,Jaipur,2025-06-30,Laptop,2.0,55000,110000
C0471,Female,38,Delhi,2025-09-14,Mouse,1.0,800,800
C0219,Female,48,Bangalore,2025-01-24,Keyboard,4.0,1500,6000
C0302,Female,30,Bangalore,2025-07-21,Laptop,2.0,55000,110000
C0808,Male,20,Kolkata,2025-09-21,Mouse,3.0,800,2400
C0994,Male,60,Pune,2024-10-20,Laptop,5.0,55000,275000
C0174,Male,59,Delhi,2024-10-17,Laptop,3.0,55000,165000
C0899,Male,22,Kolkata,2024-12-09,Monitor,1.0,15000,15000
C0224,Female,21,Pune,2025-11-08,Printer,4.0,12000,48000
C0190,Female,22,Pune,2024-12-18,Printer,3.0,12000,36000
C0346,Male,38,Delhi,2024-03-17,Mouse,3.0,800,2400
C0003,Male,58,Mumbai,2024-03-07,Keyboard,4.0,1500,6000
C0957,Female,55,Bangalore,2024-10-09,Printer,5.0,12000,60000
C0534,Female,45,Pune,2025-06-02,Printer,3.0,12000,36000
C0584,Male,21,Jaipur,2025-08-28,Keyboard,1.0,1500,1500
C0644,Female,45,Pune,2024-08-01,Keyboard,4.0,1500,6000
C0375,Female,50,Mumbai,2025-04-04,Monitor,2.0,15000,30000
C0654,Male,47,Delhi,2024-05-16,Mouse,4.0,800,3200
C0779,Female,43,Mumbai,2025-01-26,Laptop,3.0,55000,165000
C0895,Male,48,Jaipur,2024-10-28,Laptop,1.0,55000,55000
C0880,Female,25,Delhi,2025-06-05,Laptop,4.0,55000,220000
C0664,Female,29,Mumbai,2025-03-31,Laptop,5.0,55000,275000
C0797,Male,18,Jaipur,2025-07-08,Mouse,4.0,800,3200
C0614,Male,35,Jaipur,2025-07-03,Mouse,2.0,800,1600
C0145,Male,48,Pune,2025-05-28,Monitor,2.0,15000,30000
C0738,Male,25,Mumbai,2024-08-22,Monitor,2.0,15000,30000
C0147,Male,29,Delhi,2024-10-17,Printer,2.0,12000,24000
C0014,Female,48,Mumbai,2024-07-16,Monitor,5.0,15000,75000
C0367,Female,20,Jaipur,2024-02-09,Keyboard,1.0,1500,1500
C0744,Female,46,Bangalore,2025-01-16,Laptop,2.0,55000,110000
C0912,Male,25,Delhi,2024-11-17,Keyboard,1.0,1500,1500
C0199,Female,46,Delhi,2025-08-29,Monitor,5.0,15000,75000
C0135,Male,45,Mumbai,2025-05-16,Laptop,3.0,55000,165000
C0570,Male,56,Pune,2024-01-30,Printer,2.0,12000,24000
C0131,Male,22,Jaipur,2025-09-28,Keyboard,1.0,1500,1500
C0295,Female,33,Mumbai,2024-12-06,Laptop,5.0,55000,275000
C0893,Male,50,Jaipur,2025-04-25,Keyboard,3.0,1500,4500
C0570,Female,47,Mumbai,2024-02-07,Monitor,5.0,15000,75000
C0180,Male,59,Bangalore,2024-08-16,Printer,5.0,12000,60000
C0024,Female,32,Mumbai,2025-10-19,Mouse,5.0,800,4000
C0728,Male,32,Pune,2024-04-28,Printer,5.0,12000,60000
C0684,Male,24,Delhi,2024-09-13,Printer,4.0,12000,48000
C0954,Male,43,Bangalore,2024-11-22,Printer,1.0,12000,12000
C0834,Female,53,Mumbai,2025-01-16,Keyboard,4.0,1500,6000
C0607,Female,19,Bangalore,2025-08-12,Keyboard,2.0,1500,3000
C0917,Male,44,Bangalore,2025-10-14,Mouse,5.0,800,4000
C0051,Female,40,Delhi,2025-07-10,Printer,5.0,12000,60000
C0440,Male,42,Jaipur,2024-12-05,Laptop,4.0,55000,220000
C0431,Female,33,Delhi,2025-01-15,Mouse,3.0,800,2400
C0455,Male,23,Pune,2025-03-30,Keyboard,2.0,1500,3000
C0425,Male,32,Pune,2024-11-02,Printer,1.0,12000,12000
C0602,Male,26,Mumbai,2025-06-08,Monitor,1.0,15000,15000
C0288,Male,48,Kolkata,2025-09-20,Mouse,5.0,800,4000
C0165,Female,36,Mumbai,2025-05-25,Keyboard,4.0,1500,6000
C0881,Male,38,Jaipur,2025-11-22,Printer,3.0,12000,36000
C0189,Male,27,Mumbai,2024-11-04,Monitor,2.0,15000,30000
C0525,Male,20,Mumbai,2025-12-27,Laptop,4.0,55000,220000
C0130,Female,25,Kolkata,2024-09-09,Keyboard,3.0,1500,4500
C0965,Female,56,Jaipur,2024-12-12,Keyboard,5.0,1500,7500
C0323,Female,36,Bangalore,2024-06-27,Laptop,4.0,55000,220000
C0855,Female,54,Pune,2024-10-11,Laptop,2.0,55000,110000
C0169,Female,46,Jaipur,2024-08-14,Monitor,2.0,15000,30000
C0673,Male,57,Mumbai,2025-01-02,Printer,3.0,12000,36000
C0186,Male,23,Mumbai,2025-06-21,Printer,2.0,12000,24000
C0397,Male,20,Mumbai,2025-09-11,Laptop,2.0,55000,110000
C0446,Female,29,Kolkata,2024-04-02,Printer,5.0,12000,60000
C0454,Male,24,Pune,2025-09-06,Keyboard,2.0,1500,3000
C0143,Male,19,Mumbai,2025-04-20,Laptop,4.0,55000,220000
C0555,Male,25,Mumbai,2024-06-29,Monitor,5.0,15000,75000
C0922,Female,42,Bangalore,2024-01-06,Monitor,4.0,15000,60000
C0406,Male,26,Mumbai,2024-05-04,Laptop,2.0,55000,110000
C0860,Male,55,Delhi,2024-11-05,Printer,1.0,12000,12000
C0545,Female,18,Delhi,2025-03-04,Monitor,1.0,15000,15000
C0098,Male,24,Bangalore,2024-08-04,Monitor,2.0,15000,30000
C0383,Male,49,Bangalore,2025-09-10,Mouse,1.0,800,800
C0064,Male,21,Kolkata,2025-12-26,Laptop,2.0,55000,110000
C0596,Female,45,Jaipur,2024-07-07,Mouse,2.0,800,1600
C0862,Female,42,Kolkata,2024-03-06,Keyboard,4.0,1500,6000
C0527,Female,40,Bangalore,2025-04-05,Keyboard,1.0,1500,1500
C0594,Male,32,Jaipur,2024-08-10,Keyboard,3.0,1500,4500
C0140,Male,23,Pune,2025-07-01,Mouse,4.0,800,3200
C0787,Male,36,Mumbai,2025-03-27,Mouse,3.0,800,2400
C0752,Female,33,Pune,2025-09-21,Laptop,1.0,55000,55000
C0303,Female,30,Kolkata,2024-03-23,Printer,1.0,12000,12000
C0687,Female,49,Pune,2024-12-14,Mouse,4.0,800,3200
C0060,Female,29,Kolkata,2024-03-09,Mouse,4.0,800,3200
C0129,Male,54,Delhi,2025-12-18,Printer,1.0,12000,12000
C0664,Female,48,Bangalore,2025-11-09,Laptop,4.0,55000,220000
C0076,Male,27,Delhi,2025-11-22,Monitor,1.0,15000,15000
C0117,Female,48,Kolkata,2024-01-25,Printer,4.0,12000,48000
C0396,Female,58,Pune,2024-09-08,Monitor,3.0,15000,45000
C0139,Male,30,Kolkata,2025-07-06,Mouse,1.0,800,800
C0365,Male,22,Delhi,2024-10-18,Mouse,5.0,800,4000
C0663,Female,44,Delhi,2024-03-26,Mouse,1.0,800,800
C0293,Male,56,Mumbai,2024-02-11,Monitor,1.0,15000,15000
C0030,Male,47,Mumbai,2025-07-04,Monitor,5.0,15000,75000
C0579,Male,33,Kolkata,2024-05-26,Laptop,2.0,55000,110000
C0266,Female,40,Bangalore,2025-01-24,Printer,4.0,12000,48000
C0628,Male,26,Pune,2024-04-15,Printer,3.0,12000,36000
C0503,Male,49,Pune,2024-03-14,Keyboard,5.0,1500,7500
C0904,Female,31,Bangalore,2024-04-06,Monitor,1.0,15000,15000
C0101,Female,60,Jaipur,2024-06-16,Mouse,3.0,800,2400
C0718,Female,43,Mumbai,2025-03-31,Monitor,4.0,15000,60000
C0887,Male,41,Jaipur,2024-07-06,Monitor,4.0,15000,60000
C0287,Female,40,Delhi,2025-01-09,Monitor,4.0,15000,60000
C0689,Female,38,Pune,2025-02-24,Printer,4.0,12000,48000
C0267,Female,50,Mumbai,2024-06-12,Printer,4.0,12000,48000
C0169,Female,54,Mumbai,2024-01-23,Keyboard,1.0,1500,1500
C0315,Female,58,Delhi,2025-02-27,Keyboard,1.0,1500,1500
C0593,Male,54,Pune,2025-06-30,Keyboard,4.0,1500,6000
C0952,Female,25,Delhi,2024-05-09,Laptop,4.0,55000,220000
C0769,Female,44,Kolkata,2025-09-03,Mouse,2.0,800,1600
C0968,Male,38,Kolkata,2025-03-27,Laptop,5.0,55000,275000
C0599,Male,34,Kolkata,2024-03-15,Keyboard,2.0,1500,3000
C0135,Male,37,Pune,2024-07-09,Keyboard,1.0,1500,1500
C0151,Male,36,Pune,2025-12-07,Mouse,5.0,800,4000
C0958,Male,36,Mumbai,2025-04-19,Mouse,5.0,800,4000
C0879,Male,41,Jaipur,2025-12-15,Printer,3.0,12000,36000
C0672,Male,47,Jaipur,2025-10-27,Monitor,2.0,15000,30000
C0626,Male,23,Mumbai,2025-11-27,Mouse,5.0,800,4000
C0862,Male,33,Delhi,2025-12-11,Mouse,2.0,800,1600
C0058,Female,38,Jaipur,2025-02-13,Mouse,4.0,800,3200
C0785,Female,18,Pune,2025-10-07,Monitor,4.0,15000,60000
C0225,Male,51,Pune,2024-04-25,Monitor,1.0,15000,15000
C0069,Male,27,Jaipur,2024-10-26,Laptop,5.0,55000,275000
C0516,Female,26,Pune,2024-07-27,Keyboard,5.0,1500,7500
C0210,Male,45,Pune,2024-01-24,Printer,4.0,12000,48000
C0970,Male,52,Bangalore,2025-10-15,Mouse,4.0,800,3200
C0088,Male,42,Jaipur,2025-09-13,Keyboard,3.0,1500,4500
C0940,Female,45,Bangalore,2025-07-29,Monitor,1.0,15000,15000
C0380,Female,35,Bangalore,2024-07-11,Laptop,1.0,55000,55000
C0150,Female,57,Mumbai,2024-08-08,Laptop,5.0,55000,275000
C0384,Male,59,Jaipur,2024-12-05,Laptop,1.0,55000,55000
C0299,Female,25,Pune,2025-12-08,Keyboard,5.0,1500,7500
C0917,Male,52,Jaipur,2025-06-05,Monitor,5.0,15000,75000
C0591,Male,36,Mumbai,2024-10-15,Laptop,1.0,55000,55000
C0063,Female,33,Jaipur,2025-01-29,Keyboard,4.0,1500,6000
C0916,Female,22,Kolkata,2024-07-14,Monitor,3.0,15000,45000
C0535,Male,35,Bangalore,2024-11-13,Monitor,4.0,15000,60000
C0470,Female,40,Bangalore,2024-02-13,Laptop,2.0,55000,110000
C0640,Male,24,Pune,2025-01-25,Printer,3.0,12000,36000
C0289,Female,25,Pune,2024-09-25,Mouse,5.0,800,4000
C0037,Male,56,Jaipur,2025-11-03,Monitor,4.0,15000,60000
C0106,Female,56,Bangalore,2025-05-10,Printer,2.0,12000,24000
C0719,Male,45,Jaipur,2025-06-12,Laptop,3.0,55000,165000
C0951,Female,45,Bangalore,2024-03-28,Mouse,1.0,800,800
C0583,Female,42,Pune,2025-12-30,Keyboard,5.0,1500,7500
C0534,Male,60,Delhi,2024-03-08,Monitor,4.0,15000,60000
C0488,Male,38,Jaipur,2024-07-31,Keyboard,5.0,1500,7500
C0384,Male,34,Mumbai,2025-08-25,Printer,1.0,12000,12000
C0357,Female,38,Pune,2025-01-13,Monitor,5.0,15000,75000
C0253,Female,33,Delhi,2025-06-05,Printer,5.0,12000,60000
C0168,Female,28,Pune,2024-04-06,Mouse,2.0,800,1600
C0480,Female,39,Bangalore,2025-11-28,Laptop,1.0,55000,55000
C0339,Female,45,Pune,2025-09-11,Printer,4.0,12000,48000
C0890,Male,18,Delhi,2025-06-11,Laptop,2.0,55000,110000
C0350,Male,28,Pune,2025-01-28,Monitor,4.0,15000,60000
C0441,Male,34,Mumbai,2025-12-28,Laptop,3.0,55000,165000
C0063,Male,38,Delhi,2024-11-03,Printer,3.0,12000,36000
C0437,Male,33,Jaipur,2024-07-14,Printer,4.0,12000,48000
C0964,Male,52,Bangalore,2024-01-09,Mouse,2.0,800,1600
C0655,Female,32,Bangalore,2025-05-01,Monitor,4.0,15000,60000
C0481,Female,25,Jaipur,2024-05-23,Printer,3.0,12000,36000
C0327,Male,48,Kolkata,2024-07-22,Printer,4.0,12000,48000
C0002,Male,18,Pune,2024-03-15,Laptop,2.0,55000,110000
C0050,Male,35,Delhi,2025-11-22,Monitor,3.0,15000,45000
C0298,Female,31,Kolkata,2025-11-05,Laptop,3.0,55000,165000
C0496,Female,48,Jaipur,2024-05-03,Printer,4.0,12000,48000
C0695,Female,24,Pune,2025-03-20,Keyboard,5.0,1500,7500
C0359,Female,43,Pune,2024-02-11,Mouse,3.0,800,2400
C0622,Female,51,Delhi,2024-09-29,Monitor,3.0,15000,45000
C0017,Male,57,Kolkata,2024-06-14,Keyboard,2.0,1500,3000
C0959,Female,26,Kolkata,2024-07-19,Mouse,3.0,800,2400
C0800,Female,57,Delhi,2024-03-31,Monitor,2.0,15000,30000
C0594,Male,34,Delhi,2025-04-14,Printer,1.0,12000,12000
C0022,Female,36,Pune,2024-02-21,Monitor,4.0,15000,60000
C0781,Male,39,Pune,2024-03-25,Printer,1.0,12000,12000
C0930,Female,20,Kolkata,2024-03-11,Laptop,1.0,55000,55000
C0407,Male,44,Jaipur,2024-02-03,Laptop,5.0,55000,275000
C0138,Female,40,Bangalore,2025-11-16,Printer,2.0,12000,24000
C0268,Female,39,Bangalore,2024-07-27,Mouse,5.0,800,4000
C0226,Female,36,Bangalore,2025-01-01,Printer,2.0,12000,24000
C0504,Male,56,Delhi,2025-08-07,Laptop,3.0,55000,165000
C0413,Female,54,Jaipur,2024-09-05,Keyboard,4.0,1500,6000
C0994,Female,58,Pune,2024-06-08,Keyboard,2.0,1500,3000
C0024,Male,23,Pune,2025-03-09,Monitor,4.0,15000,60000
C0374,Male,51,Delhi,2025-07-05,Keyboard,4.0,1500,6000
C0342,Female,55,Delhi,2024-10-24,Mouse,2.0,800,1600
C0003,Male,20,Kolkata,2025-07-13,Monitor,1.0,15000,15000
C0401,Male,23,Mumbai,2024-11-23,Mouse,1.0,800,800
C0089,Male,53,Mumbai,2024-05-26,Keyboard,2.0,1500,3000
C0508,Male,43,Kolkata,2025-10-22,Monitor,1.0,15000,15000
C0713,Male,33,Mumbai,2025-01-25,Mouse,2.0,800,1600
C0613,Male,18,Jaipur,2024-02-08,Laptop,1.0,55000,55000
C0604,Male,51,Bangalore,2024-03-08,Printer,2.0,12000,24000
C0567,Female,51,Jaipur,2025-06-28,Laptop,3.0,55000,165000
C0991,Male,29,Bangalore,2025-12-16,Monitor,3.0,15000,45000
C0975,Female,22,Mumbai,2024-07-03,Printer,5.0,12000,60000
C0640,Male,57,Kolkata,2024-09-25,Monitor,1.0,15000,15000
C0724,Male,58,Pune,2024-03-31,Mouse,4.0,800,3200
C0249,Female,43,Delhi,2025-06-08,Printer,1.0,12000,12000
C0808,Male,26,Delhi,2024-03-09,Mouse,5.0,800,4000
C0358,Female,47,Kolkata,2024-01-04,Keyboard,4.0,1500,6000
C0893,Female,32,Jaipur,2024-12-23,Laptop,1.0,55000,55000
C0698,Male,33,Jaipur,2025-05-24,Printer,4.0,12000,48000
C0953,Male,56,Pune,2024-10-24,Printer,5.0,12000,60000
C0143,Male,53,Bangalore,2024-05-23,Laptop,3.0,55000,165000
C0684,Female,56,Delhi,2024-12-30,Mouse,4.0,800,3200
C0664,Male,24,Pune,2025-05-05,Mouse,4.0,800,3200
C0707,Male,50,Pune,2024-05-08,Mouse,4.0,800,3200
C0674,Male,44,Delhi,2025-06-22,Mouse,5.0,800,4000
C0928,Female,19,Jaipur,2025-04-15,Mouse,2.0,800,1600
C0947,Female,29,Bangalore,2025-03-11,Monitor,2.0,15000,30000
C0443,Female,46,Bangalore,2025-08-06,Printer,1.0,12000,12000
C0717,Male,46,Kolkata,2025-02-08,Mouse,1.0,800,800
C0837,Female,28,Delhi,2025-11-23,Printer,5.0,12000,60000
C0914,Male,47,Mumbai,2024-09-04,Printer,5.0,12000,60000
C0828,Female,54,Bangalore,2024-11-27,Laptop,2.0,55000,110000
C0350,Female,48,Pune,2024-11-26,Monitor,4.0,15000,60000
C0998,Female,42,Mumbai,2024-07-11,Laptop,5.0,55000,275000
C0935,Female,52,Jaipur,2024-03-15,Keyboard,1.0,1500,1500
C0941,Female,25,Pune,2024-12-03,Laptop,4.0,55000,220000
C0495,Male,54,Jaipur,2024-12-26,Monitor,5.0,15000,75000
C0889,Female,40,Jaipur,2025-03-27,Printer,5.0,12000,60000
C0083,Male,37,Bangalore,2024-02-27,Mouse,1.0,800,800
C0894,Female,20,Jaipur,2024-09-25,Printer,2.0,12000,24000
C0277,Male,51,Pune,2024-12-23,Printer,4.0,12000,48000
C0655,Female,21,Kolkata,2024-05-24,Monitor,1.0,15000,15000
C0604,Male,19,Jaipur,2024-12-14,Laptop,2.0,55000,110000
C0649,Male,22,Kolkata,2025-10-02,Printer,4.0,12000,48000
C0037,Female,35,Delhi,2025-02-15,Printer,1.0,12000,12000
C0678,Female,27,Delhi,2024-07-12,Monitor,2.0,15000,30000
C0418,Male,25,Kolkata,2025-01-28,Printer,1.0,12000,12000
C0173,Male,18,Pune,2024-05-19,Monitor,1.0,15000,15000
C0832,Female,29,Pune,2024-09-22,Mouse,2.0,800,1600
C0719,Female,41,Delhi,2024-01-26,Mouse,3.0,800,2400
C0715,Female,49,Kolkata,2024-11-08,Laptop,3.0,55000,165000
C0401,Female,44,Kolkata,2024-02-20,Mouse,3.0,800,2400
C0738,Female,52,Pune,2025-10-23,Monitor,3.0,15000,45000
C0312,Female,41,Delhi,2024-03-08,Keyboard,3.0,1500,4500
C0288,Female,59,Pune,2025-11-09,Printer,5.0,12000,60000
C0843,Female,40,Bangalore,2025-06-02,Monitor,3.0,15000,45000
C0204,Female,53,Kolkata,2025-11-01,Monitor,3.0,15000,45000
C0561,Female,58,Delhi,2024-08-09,Mouse,4.0,800,3200
C0445,Female,37,Bangalore,2024-06-06,Keyboard,2.0,1500,3000
C0031,Female,48,Mumbai,2024-01-05,Printer,4.0,12000,48000
C0947,Female,33,Delhi,2025-07-28,Mouse,5.0,800,4000
C0224,Female,37,Delhi,2025-12-08,Mouse,5.0,800,4000
C0346,Male,40,Jaipur,2024-03-02,Keyboard,3.0,1500,4500
C0370,Male,56,Delhi,2025-02-14,Printer,3.0,12000,36000
C0475,Male,18,Jaipur,2024-10-14,Mouse,2.0,800,1600
C0177,Male,54,Jaipur,2024-08-20,Mouse,4.0,800,3200
C0937,Female,27,Bangalore,2025-10-12,Keyboard,3.0,1500,4500
C0808,Female,60,Kolkata,2025-07-29,Laptop,2.0,55000,110000
C0948,Male,22,Pune,2025-07-26,Monitor,3.0,15000,45000
C0360,Male,40,Jaipur,2024-11-03,Monitor,1.0,15000,15000
C0352,Male,60,Delhi,2024-11-15,Printer,1.0,12000,12000
C0215,Female,32,Jaipur,2025-09-02,Monitor,4.0,15000,60000
C0272,Male,32,Pune,2024-07-11,Printer,3.0,12000,36000
C0081,Male,25,Delhi,2025-08-12,Monitor,3.0,15000,45000
C0030,Female,28,Pune,2025-04-16,Keyboard,2.0,1500,3000
C0837,Female,27,Bangalore,2024-07-06,Mouse,4.0,800,3200
C0826,Female,25,Kolkata,2025-01-07,Laptop,5.0,55000,275000
C0508,Male,51,Delhi,2024-12-22,Printer,3.0,12000,36000
C0300,Female,23,Mumbai,2025-09-10,Mouse,1.0,800,800
C0844,Male,55,Delhi,2024-03-21,Keyboard,1.0,1500,1500
C0489,Female,40,Mumbai,2025-12-06,Keyboard,2.0,1500,3000
C0465,Male,44,Delhi,2025-07-10,Mouse,2.0,800,1600
C0866,Male,44,Pune,2025-03-28,Monitor,2.0,15000,30000
C0257,Female,24,Delhi,2025-05-02,Laptop,3.0,55000,165000
C0384,Female,28,Pune,2024-06-26,Keyboard,1.0,1500,1500
C0772,Female,19,Bangalore,2024-05-01,Keyboard,5.0,1500,7500
C0524,Female,43,Delhi,2025-09-28,Laptop,5.0,55000,275000
C0956,Male,45,Bangalore,2025-09-09,Monitor,1.0,15000,15000
C0853,Female,33,Jaipur,2025-09-04,Monitor,5.0,15000,75000
C0345,Male,45,Kolkata,2024-11-14,Mouse,1.0,800,800
C0344,Male,39,Kolkata,2025-07-06,Printer,5.0,12000,60000
C0147,Male,44,Pune,2024-06-26,Monitor,1.0,15000,15000
C0976,Male,35,Delhi,2025-06-27,Printer,5.0,12000,60000
C0981,Male,37,Bangalore,2025-11-04,Keyboard,1.0,1500,1500
C0299,Male,21,Delhi,2024-09-05,Keyboard,5.0,1500,7500
C0411,Female,41,Jaipur,2024-06-28,Monitor,5.0,15000,75000
C0805,Male,24,Delhi,2025-04-27,Keyboard,2.0,1500,3000
C0371,Female,46,Pune,2025-09-12,Mouse,2.0,800,1600
C0625,Male,25,Kolkata,2025-08-27,Keyboard,3.0,1500,4500
C0025,Female,58,Mumbai,2025-06-17,Monitor,1.0,15000,15000
C0872,Male,59,Mumbai,2025-09-21,Monitor,4.0,15000,60000
C0382,Male,23,Jaipur,2025-05-10,Monitor,5.0,15000,75000
C0496,Male,59,Jaipur,2025-02-21,Keyboard,1.0,1500,1500
C0151,Male,47,Bangalore,2024-12-13,Monitor,4.0,15000,60000
C0829,Male,46,Delhi,2024-04-24,Monitor,5.0,15000,75000
C0863,Female,27,Kolkata,2024-02-24,Printer,1.0,12000,12000
C0749,Female,32,Bangalore,2024-04-10,Monitor,2.0,15000,30000
C0608,Male,43,Bangalore,2025-03-29,Laptop,3.0,55000,165000
C0224,Female,45,Pune,2025-01-02,Laptop,1.0,55000,55000
C0141,Female,49,Jaipur,2024-12-20,Mouse,3.0,800,2400
C0871,Male,41,Delhi,2024-10-07,Laptop,3.0,55000,165000
C0326,Male,18,Delhi,2025-10-23,Laptop,2.0,55000,110000
C0387,Male,53,Pune,2024-02-05,Printer,5.0,12000,60000
C0909,Male,37,Kolkata,2024-06-23,Keyboard,1.0,1500,1500
C0609,Female,50,Pune,2024-02-18,Mouse,4.0,800,3200
C0244,Male,35,Jaipur,2024-10-06,Printer,2.0,12000,24000
C0418,Female,40,Mumbai,2025-12-29,Laptop,5.0,55000,275000
C0741,Male,33,Pune,2024-04-08,Printer,5.0,12000,60000
C0046,Male,33,Bangalore,2024-06-25,Monitor,4.0,15000,60000
C0074,Male,38,Jaipur,2024-10-14,Monitor,2.0,15000,30000
C0385,Male,24,Bangalore,2024-06-01,Keyboard,2.0,1500,3000
C0003,Male,33,Bangalore,2025-01-05,Printer,2.0,12000,24000
C0816,Male,29,Jaipur,2025-12-02,Printer,2.0,12000,24000
C0749,Male,42,Bangalore,2024-08-15,Laptop,4.0,55000,220000
C0426,Male,33,Bangalore,2025-10-26,Printer,1.0,12000,12000
C0961,Female,33,Kolkata,2024-01-13,Mouse,5.0,800,4000
C0478,Female,59,Pune,2024-07-07,Mouse,4.0,800,3200
C0048,Male,19,Mumbai,2024-09-20,Monitor,1.0,15000,15000
C0716,Male,21,Pune,2024-04-26,Laptop,4.0,55000,220000
C0445,Male,35,Bangalore,2025-10-31,Keyboard,1.0,1500,1500
C0688,Female,24,Delhi,2024-01-07,Monitor,4.0,15000,60000
C0542,Female,23,Jaipur,2025-09-29,Printer,1.0,12000,12000
C0272,Female,41,Mumbai,2025-09-12,Keyboard,4.0,1500,6000
C0484,Male,57,Pune,2025-02-02,Keyboard,3.0,1500,4500
C0843,Male,56,Delhi,2025-05-25,Mouse,4.0,800,3200
C0081,Male,46,Pune,2025-05-27,Laptop,5.0,55000,275000
C0426,Male,45,Delhi,2025-02-14,Printer,3.0,12000,36000
C0110,Male,43,Pune,2024-08-12,Mouse,5.0,800,4000
C0963,Male,41,Mumbai,2025-04-14,Mouse,2.0,800,1600
C0101,Male,52,Bangalore,2024-02-17,Mouse,3.0,800,2400
C0170,Male,31,Kolkata,2024-03-11,Keyboard,4.0,1500,6000
C0310,Female,43,Pune,2025-03-10,Monitor,4.0,15000,60000
C0210,Male,18,Mumbai,2025-04-13,Laptop,1.0,55000,55000
C0427,Male,37,Delhi,2024-07-09,Laptop,3.0,55000,165000
C0303,Male,25,Bangalore,2025-03-07,Mouse,5.0,800,4000
C0213,Female,34,Pune,2025-02-01,Laptop,3.0,55000,165000
C0321,Female,52,Bangalore,2025-06-06,Mouse,5.0,800,4000
C0925,Female,19,Delhi,2025-07-26,Mouse,5.0,800,4000
C0799,Male,18,Jaipur,2024-08-13,Keyboard,5.0,1500,7500
C0499,Male,43,Kolkata,2024-12-18,Monitor,1.0,15000,15000
C0591,Male,27,Kolkata,2025-11-08,Printer,1.0,12000,12000
C0660,Male,48,Jaipur,2025-09-04,Mouse,3.0,800,2400
C0229,Female,22,Jaipur,2025-01-21,Keyboard,1.0,1500,1500
C0761,Male,55,Jaipur,2025-04-07,Laptop,5.0,55000,275000
C0175,Male,50,Delhi,2024-05-07,Keyboard,4.0,1500,6000
C0532,Male,19,Jaipur,2025-04-02,Printer,1.0,12000,12000
C0714,Female,59,Jaipur,2025-11-24,Mouse,3.0,800,2400
C0459,Female,54,Pune,2025-09-21,Keyboard,5.0,1500,7500
C0460,Male,38,Delhi,2025-05-17,Monitor,1.0,15000,15000
C0128,Male,35,Bangalore,2025-03-03,Mouse,3.0,800,2400
C0365,Male,53,Bangalore,2024-01-10,Printer,1.0,12000,12000
C0444,Male,49,Delhi,2024-09-06,Keyboard,4.0,1500,6000
C0097,Female,30,Jaipur,2025-04-17,Monitor,5.0,15000,75000
C0979,Female,40,Pune,2024-04-15,Monitor,4.0,15000,60000
C0429,Female,56,Pune,2025-07-28,Monitor,4.0,15000,60000
C0520,Male,23,Bangalore,2025-12-07,Monitor,5.0,15000,75000
C0728,Male,43,Bangalore,2024-04-26,Monitor,1.0,15000,15000
C0782,Male,59,Jaipur,2025-03-12,Mouse,1.0,800,800
C0506,Female,30,Kolkata,2025-02-02,Monitor,1.0,15000,15000
C0228,Male,44,Jaipur,2025-04-26,Monitor,1.0,15000,15000
C0629,Female,35,Bangalore,2024-11-13,Laptop,1.0,55000,55000
C0706,Male,33,Pune,2024-12-31,Monitor,5.0,15000,75000
C0768,Female,41,Bangalore,2024-08-18,Keyboard,5.0,1500,7500
C0350,Female,33,Kolkata,2025-07-15,Printer,5.0,12000,60000
C0777,Male,27,Pune,2025-09-10,Keyboard,2.0,1500,3000
C0648,Male,27,Mumbai,2025-03-24,Keyboard,1.0,1500,1500
C0829,Female,22,Bangalore,2025-07-25,Monitor,3.0,15000,45000
C0902,Male,58,Kolkata,2025-03-07,Keyboard,4.0,1500,6000
C0920,Male,24,Kolkata,2025-02-19,Monitor,2.0,15000,30000
C0831,Male,25,Kolkata,2024-08-26,Printer,4.0,12000,48000
C0586,Female,40,Mumbai,2025-07-22,Laptop,2.0,55000,110000
C0258,Female,32,Jaipur,2024-08-10,Keyboard,4.0,1500,6000
C0795,Male,56,Delhi,2025-09-04,Laptop,4.0,55000,220000
C0410,Female,57,Jaipur,2025-12-13,Printer,4.0,12000,48000
C0678,Female,41,Bangalore,2024-05-18,Printer,4.0,12000,48000
C0645,Female,20,Bangalore,2024-06-29,Printer,5.0,12000,60000
C0720,Male,47,Pune,2025-10-28,Monitor,3.0,15000,45000
C0969,Male,44,Pune,2024-03-09,Printer,1.0,12000,12000
C0899,Male,31,Bangalore,2025-03-15,Mouse,2.0,800,1600
C0464,Male,48,Kolkata,2025-05-05,Monitor,1.0,15000,15000
C0673,Male,36,Jaipur,2024-05-15,Monitor,3.0,15000,45000
C0667,Male,59,Delhi,2025-12-05,Keyboard,1.0,1500,1500
C0632,Male,21,Pune,2024-08-28,Monitor,2.0,15000,30000
C0445,Female,37,Jaipur,2024-04-12,Laptop,5.0,55000,275000
C0665,Female,36,Mumbai,2025-07-20,Monitor,3.0,15000,45000
C0894,Female,27,Kolkata,2025-12-10,Laptop,2.0,55000,110000
C0287,Male,41,Jaipur,2025-03-25,Printer,3.0,12000,36000
C0422,Female,23,Jaipur,2025-11-04,Printer,4.0,12000,48000
C0067,Female,44,Mumbai,2025-08-12,Laptop,5.0,55000,275000
C0292,Male,37,Pune,2025-09-27,Keyboard,2.0,1500,3000
C0553,Male,30,Pune,2024-11-14,Laptop,3.0,55000,165000
C0851,Male,37,Mumbai,2024-02-27,Laptop,5.0,55000,275000
C0521,Male,42,Jaipur,2025-10-20,Laptop,1.0,55000,55000
C0205,Female,42,Mumbai,2024-07-04,Printer,3.0,12000,36000
C0768,Male,20,Kolkata,2025-05-06,Monitor,2.0,15000,30000
C0392,Female,45,Bangalore,2024-06-26,Mouse,5.0,800,4000
C0794,Male,54,Mumbai,2025-07-04,Monitor,2.0,15000,30000
C0393,Male,54,Mumbai,2025-10-02,Laptop,1.0,55000,55000
C0843,Male,56,Kolkata,2024-08-24,Laptop,5.0,55000,275000
C0803,Female,26,Mumbai,2024-01-03,Monitor,3.0,15000,45000
C0388,Female,29,Bangalore,2025-02-23,Monitor,3.0,15000,45000
C0196,Male,37,Kolkata,2025-09-11,Printer,5.0,12000,60000
C0236,Male,34,Delhi,2024-04-14,Mouse,3.0,800,2400
C0962,Female,45,Bangalore,2025-06-03,Keyboard,1.0,1500,1500
C0446,Female,36,Delhi,2025-07-29,Keyboard,2.0,1500,3000
C0181,Female,57,Delhi,2024-12-17,Printer,3.0,12000,36000
C0022,Female,35,Delhi,2025-08-14,Keyboard,1.0,1500,1500
C0883,Female,28,Bangalore,2025-01-17,Printer,5.0,12000,60000
C0624,Female,48,Kolkata,2025-08-05,Laptop,2.0,55000,110000
C0438,Female,36,Mumbai,2025-09-07,Monitor,3.0,15000,45000
C0099,Female,43,Mumbai,2025-04-13,Laptop,3.0,55000,165000
C0128,Male,18,Jaipur,2024-12-14,Printer,5.0,12000,60000
C0281,Male,53,Bangalore,2024-10-08,Mouse,2.0,800,1600
C0292,Female,60,Pune,2025-03-16,Printer,4.0,12000,48000
C0461,Female,47,Jaipur,2025-04-13,Mouse,1.0,800,800
C0718,Male,45,Bangalore,2024-09-24,Laptop,1.0,55000,55000
C0637,Female,23,Jaipur,2025-06-20,Laptop,2.0,55000,110000
C0267,Female,24,Mumbai,2025-01-02,Mouse,4.0,800,3200
C0429,Female,38,Jaipur,2025-07-09,Keyboard,1.0,1500,1500
C0746,Female,19,Kolkata,2025-05-18,Laptop,4.0,55000,220000
C0679,Female,34,Bangalore,2024-10-17,Monitor,2.0,15000,30000
C0711,Male,41,Bangalore,2025-06-13,Mouse,5.0,800,4000
C0336,Male,35,Mumbai,2025-02-22,Laptop,3.0,55000,165000
C0419,Male,49,Mumbai,2024-05-18,Keyboard,1.0,1500,1500
C0845,Female,29,Bangalore,2025-04-27,Mouse,1.0,800,800
C0852,Male,39,Pune,2024-02-04,Laptop,3.0,55000,165000
C0865,Male,39,Jaipur,2024-11-27,Monitor,5.0,15000,75000
C0893,Female,45,Kolkata,2024-11-04,Monitor,4.0,15000,60000
C0527,Male,58,Pune,2025-10-24,Monitor,5.0,15000,75000
C0295,Male,44,Bangalore,2024-07-19,Laptop,4.0,55000,220000
C0331,Female,32,Jaipur,2024-03-22,Laptop,1.0,55000,55000
C0871,Male,46,Bangalore,2025-09-07,Printer,4.0,12000,48000
C0342,Male,57,Kolkata,2024-10-28,Monitor,1.0,15000,15000
C0659,Female,27,Kolkata,2024-12-24,Mouse,4.0,800,3200
C0537,Female,48,Jaipur,2024-12-01,Monitor,4.0,15000,60000
C0425,Male,21,Delhi,2024-09-16,Mouse,2.0,800,1600
C0312,Female,31,Kolkata,2025-02-16,Printer,3.0,12000,36000
C0521,Female,33,Delhi,2024-03-14,Laptop,5.0,55000,275000
C0691,Male,30,Delhi,2025-11-26,Keyboard,4.0,1500,6000
C0432,Male,48,Kolkata,2024-08-13,Laptop,4.0,55000,220000
C0859,Male,46,Mumbai,2025-04-17,Keyboard,3.0,1500,4500
C0473,Female,29,Kolkata,2025-02-01,Mouse,2.0,800,1600
C0251,Female,46,Bangalore,2025-06-05,Keyboard,1.0,1500,1500
C0629,Female,49,Mumbai,2025-09-19,Mouse,3.0,800,2400
C0280,Female,59,Delhi,2025-12-30,Keyboard,5.0,1500,7500
C0343,Male,55,Mumbai,2025-04-15,Monitor,4.0,15000,60000
C0807,Female,19,Delhi,2025-04-21,Mouse,4.0,800,3200
C0430,Female,36,Jaipur,2024-01-24,Keyboard,2.0,1500,3000
C0982,Female,44,Pune,2024-11-11,Keyboard,1.0,1500,1500
C0612,Female,40,Delhi,2024-03-18,Keyboard,1.0,1500,1500
C0325,Female,31,Kolkata,2025-09-28,Monitor,1.0,15000,15000
C0603,Male,20,Kolkata,2024-10-11,Laptop,5.0,55000,275000
C0757,Male,44,Mumbai,2025-06-02,Mouse,3.0,800,2400
C0154,Male,36,Kolkata,2024-09-07,Keyboard,3.0,1500,4500
C0538,Female,59,Kolkata,2024-09-08,Mouse,3.0,800,2400
C0351,Male,30,Kolkata,2025-03-16,Monitor,4.0,15000,60000
C0033,Male,20,Mumbai,2025-08-07,Mouse,1.0,800,800
C0755,Male,22,Jaipur,2025-08-21,Monitor,3.0,15000,45000
C0772,Female,44,Jaipur,2025-12-06,Laptop,5.0,55000,275000
C0784,Female,38,Jaipur,2024-04-14,Laptop,5.0,55000,275000
C0700,Female,50,Delhi,2025-02-15,Mouse,3.0,800,2400
C0437,Male,37,Kolkata,2025-04-04,Keyboard,4.0,1500,6000
C0436,Male,50,Kolkata,2025-05-13,Mouse,5.0,800,4000
C0685,Male,35,Kolkata,2025-02-25,Mouse,5.0,800,4000
C0410,Female,53,Delhi,2025-01-16,Printer,1.0,12000,12000
C0730,Male,41,Pune,2025-08-23,Keyboard,5.0,1500,7500
C0384,Male,51,Kolkata,2024-10-09,Printer,1.0,12000,12000
C0736,Male,32,Kolkata,2024-07-03,Monitor,1.0,15000,15000
C0589,Male,49,Pune,2024-11-19,Keyboard,1.0,1500,1500
C0285,Female,33,Bangalore,2024-06-27,Printer,4.0,12000,48000
C0937,Male,22,Mumbai,2024-03-09,Laptop,3.0,55000,165000
C0222,Male,52,Pune,2024-11-11,Mouse,1.0,800,800
C0497,Female,46,Delhi,2025-08-27,Monitor,5.0,15000,75000
C0859,Male,34,Pune,2024-06-20,Printer,3.0,12000,36000
C0268,Female,37,Mumbai,2024-07-11,Monitor,1.0,15000,15000
C0336,Female,36,Jaipur,2024-08-19,Laptop,2.0,55000,110000
C0802,Female,59,Delhi,2025-07-04,Keyboard,1.0,1500,1500
C0938,Female,44,Mumbai,2024-11-05,Mouse,4.0,800,3200
C0098,Male,23,Delhi,2025-06-01,Keyboard,1.0,1500,1500
C0691,Male,18,Delhi,2025-01-17,Keyboard,5.0,1500,7500
C0201,Female,44,Mumbai,2024-12-23,Printer,1.0,12000,12000
C0216,Female,58,Delhi,2025-07-17,Laptop,4.0,55000,220000
C0617,Female,39,Bangalore,2025-08-14,Printer,1.0,12000,12000
C0536,Female,22,Delhi,2024-12-04,Printer,4.0,12000,48000
C0370,Male,42,Pune,2024-07-01,Keyboard,5.0,1500,7500
C0221,Male,24,Bangalore,2025-06-29,Monitor,3.0,15000,45000
C0781,Male,53,Kolkata,2024-07-19,Laptop,1.0,55000,55000
C0984,Male,34,Pune,2024-05-10,Monitor,3.0,15000,45000
C0721,Male,37,Delhi,2025-01-13,Laptop,5.0,55000,275000
C0589,Female,33,Jaipur,2024-06-26,Printer,1.0,12000,12000
C0065,Female,27,Pune,2024-04-02,Monitor,3.0,15000,45000
C0090,Female,43,Jaipur,2024-03-26,Monitor,2.0,15000,30000
C0341,Female,41,Delhi,2024-11-24,Laptop,1.0,55000,55000
C0229,Male,30,Jaipur,2024-01-11,Keyboard,3.0,1500,4500
C0461,Female,52,Jaipur,2025-09-23,Laptop,1.0,55000,55000
C0910,Female,41,Bangalore,2025-11-10,Printer,3.0,12000,36000
C0787,Female,38,Pune,2024-08-31,Mouse,4.0,800,3200
C0768,Female,38,Mumbai,2024-07-07,Laptop,5.0,55000,275000
C0612,Male,27,Pune,2024-09-30,Printer,5.0,12000,60000
C0350,Male,21,Pune,2025-09-24,Keyboard,1.0,1500,1500
C0940,Male,19,Pune,2025-10-18,Laptop,4.0,55000,220000
C0390,Male,19,Jaipur,2024-06-12,Printer,2.0,12000,24000
C0681,Female,26,Kolkata,2025-07-02,Laptop,4.0,55000,220000
C0145,Female,50,Delhi,2025-10-10,Monitor,1.0,15000,15000
C0831,Female,40,Kolkata,2025-10-27,Mouse,2.0,800,1600
C0801,Female,57,Bangalore,2024-02-01,Mouse,2.0,800,1600
C0542,Male,58,Mumbai,2025-12-26,Mouse,5.0,800,4000
C0089,Male,18,Mumbai,2024-05-22,Printer,2.0,12000,24000
C0678,Female,49,Delhi,2025-10-04,Monitor,5.0,15000,75000
C0467,Male,30,Delhi,2024-02-17,Monitor,1.0,15000,15000
C0984,Female,35,Bangalore,2025-05-20,Keyboard,5.0,1500,7500
C0753,Male,34,Delhi,2024-05-05,Printer,4.0,12000,48000
C0149,Female,23,Mumbai,2024-02-15,Keyboard,2.0,1500,3000
C0340,Male,27,Kolkata,2024-01-17,Printer,4.0,12000,48000
C0826,Female,20,Mumbai,2024-06-26,Printer,1.0,12000,12000
C0811,Male,34,Jaipur,2024-11-03,Mouse,3.0,800,2400
C0908,Female,34,Pune,2024-12-15,Mouse,5.0,800,4000
C0043,Male,34,Jaipur,2025-06-01,Printer,5.0,12000,60000
C0339,Female,43,Kolkata,2024-02-06,Keyboard,2.0,1500,3000
C0097,Female,39,Kolkata,2024-05-17,Keyboard,4.0,1500,6000
C0226,Female,51,Bangalore,2025-01-25,Printer,4.0,12000,48000
C0356,Female,57,Bangalore,2024-07-29,Monitor,1.0,15000,15000
C0399,Male,44,Kolkata,2025-08-28,Monitor,2.0,15000,30000
C0024,Male,24,Kolkata,2025-01-26,Monitor,5.0,15000,75000
C0010,Female,48,Bangalore,2024-03-22,Keyboard,4.0,1500,6000
C0772,Male,31,Bangalore,2024-12-03,Laptop,2.0,55000,110000
C0125,Female,51,Bangalore,2025-07-27,Keyboard,2.0,1500,3000
C0173,Female,37,Jaipur,2024-09-22,Printer,1.0,12000,12000
C0471,Male,41,Delhi,2024-05-11,Keyboard,4.0,1500,6000
C0575,Male,55,Mumbai,2025-04-30,Laptop,4.0,55000,220000
C0221,Male,54,Mumbai,2025-11-04,Monitor,2.0,15000,30000
C0748,Female,49,Jaipur,2025-06-06,Printer,3.0,12000,36000
C0778,Female,58,Bangalore,2025-01-24,Mouse,3.0,800,2400
C0706,Male,55,Delhi,2025-11-10,Keyboard,5.0,1500,7500
C0191,Male,51,Delhi,2024-04-23,Printer,1.0,12000,12000
C0540,Male,27,Delhi,2024-02-12,Keyboard,2.0,1500,3000
C0448,Female,45,Bangalore,2025-05-11,Keyboard,4.0,1500,6000
C0929,Female,58,Pune,2025-09-17,Printer,1.0,12000,12000
C0972,Female,35,Mumbai,2025-05-06,Printer,2.0,12000,24000
C0997,Female,35,Bangalore,2025-05-01,Keyboard,5.0,1500,7500
C0343,Male,23,Delhi,2024-03-24,Keyboard,2.0,1500,3000
C0961,Female,38,Mumbai,2025-10-05,Keyboard,5.0,1500,7500
C0163,Female,35,Bangalore,2024-03-30,Mouse,3.0,800,2400
C0991,Male,58,Mumbai,2025-12-01,Printer,4.0,12000,48000
C0909,Male,45,Pune,2025-10-29,Keyboard,1.0,1500,1500
C0121,Female,45,Mumbai,2024-10-01,Keyboard,2.0,1500,3000
C0628,Female,40,Mumbai,2025-10-18,Laptop,3.0,55000,165000
C0447,Female,25,Bangalore,2025-06-26,Mouse,4.0,800,3200
C0614,Female,33,Kolkata,2025-08-02,Laptop,1.0,55000,55000
C0979,Male,40,Kolkata,2024-03-03,Printer,2.0,12000,24000
C0856,Male,43,Delhi,2024-12-01,Laptop,1.0,55000,55000
C0590,Female,59,Kolkata,2024-10-14,Monitor,2.0,15000,30000
C0149,Male,51,Mumbai,2024-11-08,Printer,2.0,12000,24000
C0791,Male,48,Pune,2024-02-19,Mouse,5.0,800,4000
C0582,Female,45,Kolkata,2025-10-10,Laptop,1.0,55000,55000
C0896,Male,35,Jaipur,2024-11-03,Monitor,2.0,15000,30000
C0567,Male,22,Mumbai,2024-09-04,Monitor,4.0,15000,60000
C0384,Female,43,Kolkata,2024-12-20,Mouse,1.0,800,800
C0335,Female,35,Pune,2024-09-07,Laptop,3.0,55000,165000
C0600,Male,43,Jaipur,2025-05-11,Printer,4.0,12000,48000
C0877,Female,43,Kolkata,2024-05-19,Monitor,4.0,15000,60000
C0050,Female,31,Pune,2025-08-10,Keyboard,5.0,1500,7500
C0065,Male,56,Kolkata,2024-12-23,Monitor,5.0,15000,75000
C0419,Female,58,Kolkata,2025-01-08,Monitor,5.0,15000,75000
C0756,Male,28,Jaipur,2025-10-26,Keyboard,3.0,1500,4500
C0859,Male,53,Delhi,2025-04-09,Laptop,4.0,55000,220000
C0349,Female,53,Delhi,2025-01-30,Laptop,2.0,55000,110000
C0187,Female,34,Delhi,2025-02-11,Printer,3.0,12000,36000
C0490,Female,36,Kolkata,2025-04-01,Mouse,1.0,800,800
C0575,Male,48,Mumbai,2025-12-14,Laptop,5.0,55000,275000
C0584,Male,56,Bangalore,2025-05-09,Laptop,4.0,55000,220000
C0384,Female,22,Delhi,2024-11-02,Printer,3.0,12000,36000
C0099,Female,56,Delhi,2025-11-19,Keyboard,2.0,1500,3000
C0103,Female,35,Bangalore,2025-06-16,Printer,2.0,12000,24000
C0778,Male,51,Kolkata,2025-05-02,Keyboard,5.0,1500,7500
C0279,Female,46,Pune,2024-11-22,Keyboard,4.0,1500,6000
C0597,Male,48,Jaipur,2024-11-06,Keyboard,3.0,1500,4500
C0743,Female,59,Kolkata,2024-08-15,Monitor,3.0,15000,45000
C0785,Female,52,Pune,2024-12-10,Mouse,1.0,800,800
C0881,Female,54,Delhi,2025-08-19,Monitor,1.0,15000,15000
C0273,Male,49,Pune,2024-04-25,Monitor,3.0,15000,45000
C0355,Male,41,Bangalore,2024-05-07,Mouse,4.0,800,3200
C0053,Male,25,Jaipur,2025-04-18,Keyboard,3.0,1500,4500
C0466,Male,36,Bangalore,2025-11-10,Keyboard,2.0,1500,3000
C0074,Female,52,Pune,2024-12-26,Monitor,2.0,15000,30000
C0966,Female,47,Bangalore,2024-09-17,Keyboard,4.0,1500,6000
C0107,Male,39,Mumbai,2024-04-07,Mouse,3.0,800,2400
C0403,Female,59,Mumbai,2025-09-26,Mouse,2.0,800,1600
C0682,Female,27,Delhi,2025-01-10,Monitor,5.0,15000,75000
C0990,Female,40,Bangalore,2024-12-18,Laptop,5.0,55000,275000
C0498,Female,49,Mumbai,2025-10-31,Printer,1.0,12000,12000
C0419,Female,20,Delhi,2025-10-05,Printer,3.0,12000,36000
C0656,Male,30,Pune,2024-08-06,Monitor,2.0,15000,30000
C0760,Female,46,Jaipur,2025-04-21,Keyboard,1.0,1500,1500
C0105,Female,43,Bangalore,2024-09-17,Mouse,1.0,800,800
C0748,Female,60,Bangalore,2024-10-24,Mouse,2.0,800,1600
C0128,Female,38,Bangalore,2025-06-14,Keyboard,1.0,1500,1500
C0730,Male,49,Mumbai,2024-02-07,Keyboard,4.0,1500,6000
C0126,Female,19,Delhi,2024-04-13,Printer,4.0,12000,48000
C0020,Male,47,Mumbai,2025-11-05,Printer,1.0,12000,12000
C0867,Male,24,Pune,2025-04-16,Laptop,4.0,55000,220000
C0587,Female,54,Jaipur,2025-03-18,Mouse,5.0,800,4000
C0718,Male,51,Mumbai,2025-02-11,Keyboard,1.0,1500,1500
C0926,Male,25,Kolkata,2024-08-30,Keyboard,5.0,1500,7500
C0681,Female,46,Pune,2024-07-21,Monitor,3.0,15000,45000
C0810,Female,49,Delhi,2025-12-21,Keyboard,3.0,1500,4500
C0540,Female,20,Pune,2024-05-11,Laptop,4.0,55000,220000
C0137,Male,35,Jaipur,2024-12-19,Monitor,2.0,15000,30000
C0840,Male,30,Bangalore,2024-10-05,Laptop,1.0,55000,55000
C0195,Male,56,Pune,2025-05-19,Keyboard,2.0,1500,3000
C0651,Female,57,Delhi,2025-11-19,Mouse,4.0,800,3200
C0946,Male,38,Pune,2025-03-28,Printer,4.0,12000,48000
C0788,Male,35,Bangalore,2025-12-21,Laptop,2.0,55000,110000
C0787,Male,60,Jaipur,2025-01-07,Mouse,2.0,800,1600
C0793,Female,41,Bangalore,2024-01-26,Monitor,4.0,15000,60000
C0526,Male,39,Delhi,2025-04-27,Mouse,2.0,800,1600
C0830,Female,22,Delhi,2025-02-03,Printer,5.0,12000,60000
C0440,Male,23,Delhi,2024-06-19,Monitor,2.0,15000,30000
C0078,Female,58,Kolkata,2024-06-11,Monitor,3.0,15000,45000
C0825,Female,23,Jaipur,2025-10-19,Printer,4.0,12000,48000
C0560,Male,39,Bangalore,2024-11-22,Keyboard,4.0,1500,6000
C0463,Female,58,Kolkata,2025-01-16,Keyboard,4.0,1500,6000
C0717,Male,29,Mumbai,2024-10-20,Keyboard,3.0,1500,4500
C0947,Male,25,Bangalore,2025-11-12,Laptop,5.0,55000,275000
C0871,Female,23,Delhi,2024-07-11,Mouse,4.0,800,3200
C0524,Male,39,Delhi,2025-07-19,Laptop,2.0,55000,110000
C0846,Male,55,Delhi,2025-06-09,Mouse,4.0,800,3200
C0309,Male,52,Mumbai,2024-09-23,Mouse,1.0,800,800
C0392,Male,28,Jaipur,2025-11-08,Laptop,3.0,55000,165000
C0535,Male,30,Delhi,2024-03-02,Keyboard,3.0,1500,4500
C0921,Male,25,Delhi,2025-07-08,Mouse,2.0,800,1600
C0213,Female,18,Delhi,2025-05-08,Laptop,5.0,55000,275000
C0900,Female,36,Pune,2025-08-09,Mouse,1.0,800,800
C0011,Female,60,Kolkata,2024-04-21,Mouse,4.0,800,3200
C0995,Male,47,Pune,2025-01-17,Monitor,5.0,15000,75000
C0003,Female,44,Kolkata,2025-10-13,Mouse,1.0,800,800
C0427,Male,24,Pune,2024-10-15,Monitor,1.0,15000,15000
C0559,Female,53,Jaipur,2025-05-28,Keyboard,1.0,1500,1500
C0400,Male,20,Delhi,2024-10-31,Monitor,4.0,15000,60000
C0671,Female,43,Mumbai,2025-04-23,Printer,4.0,12000,48000
C0306,Male,55,Bangalore,2024-02-07,Laptop,4.0,55000,220000
C0331,Male,56,Kolkata,2024-09-13,Laptop,4.0,55000,220000
C0816,Male,54,Kolkata,2024-08-22,Mouse,1.0,800,800
C0306,Male,39,Kolkata,2025-04-06,Laptop,5.0,55000,275000
C0700,Male,25,Bangalore,2025-07-26,Laptop,3.0,55000,165000
C0588,Male,30,Pune,2025-08-16,Printer,2.0,12000,24000
C0401,Female,18,Pune,2024-04-30,Keyboard,2.0,1500,3000
C0984,Female,33,Jaipur,2025-10-14,Printer,2.0,12000,24000
C0923,Female,26,Mumbai,2024-01-04,Monitor,4.0,15000,60000
C0144,Male,25,Pune,2025-07-17,Printer,1.0,12000,12000
C0725,Female,41,Mumbai,2024-05-24,Printer,1.0,12000,12000
